ISO-10303-21;
HEADER;
/* Generated by software containing ST-Developer
 * from STEP Tools, Inc. (www.steptools.com) 
 */

FILE_DESCRIPTION(
/* description */ (''),
/* implementation_level */ '2;1');

FILE_NAME(
/* name */ 'X_Y_axis.step',
/* time_stamp */ '2026-05-08T12:00:49+05:30',
/* author */ (''),
/* organization */ (''),
/* preprocessor_version */ 'ST-DEVELOPER v20.1',
/* originating_system */ 'Autodesk Translation Framework v15.8.0.0',
/* authorisation */ '');

FILE_SCHEMA (('AUTOMOTIVE_DESIGN { 1 0 10303 214 3 1 1 }'));
ENDSEC;

DATA;
#10=MECHANICAL_DESIGN_GEOMETRIC_PRESENTATION_REPRESENTATION('',(#417,#418,
#419,#420,#421,#422,#423,#424,#425,#426,#427,#428,#429,#430,#431,#432,#433,
#434,#435,#436,#437,#438,#439,#440,#441,#442,#443,#444,#445),#17698);
#11=CONTEXT_DEPENDENT_OVER_RIDING_STYLED_ITEM('',(#17941),#17821,#445,(#136,
#123,#93));
#12=CONTEXT_DEPENDENT_OVER_RIDING_STYLED_ITEM('',(#17942),#17822,#445,(#136,
#123,#94));
#13=CONTEXT_DEPENDENT_OVER_RIDING_STYLED_ITEM('',(#17943),#17825,#445,(#136,
#123,#105));
#14=CONTEXT_DEPENDENT_OVER_RIDING_STYLED_ITEM('',(#17943),#17825,#445,(#136,
#123,#106));
#15=CONTEXT_DEPENDENT_OVER_RIDING_STYLED_ITEM('',(#17941),#17821,#445,(#130,
#122,#115,#79));
#16=CONTEXT_DEPENDENT_OVER_RIDING_STYLED_ITEM('',(#17942),#17822,#445,(#130,
#122,#115,#80));
#17=CONTEXT_DEPENDENT_OVER_RIDING_STYLED_ITEM('',(#17943),#17825,#445,(#130,
#122,#115,#91));
#18=CONTEXT_DEPENDENT_OVER_RIDING_STYLED_ITEM('',(#17943),#17825,#445,(#130,
#122,#115,#92));
#19=MAPPED_ITEM('',#20,#10607);
#20=REPRESENTATION_MAP(#10607,#17811);
#21=ITEM_DEFINED_TRANSFORMATION($,$,#9753,#10357);
#22=ITEM_DEFINED_TRANSFORMATION($,$,#9811,#10358);
#23=ITEM_DEFINED_TRANSFORMATION($,$,#10114,#10359);
#24=ITEM_DEFINED_TRANSFORMATION($,$,#10068,#10360);
#25=ITEM_DEFINED_TRANSFORMATION($,$,#10068,#10361);
#26=ITEM_DEFINED_TRANSFORMATION($,$,#10068,#10362);
#27=ITEM_DEFINED_TRANSFORMATION($,$,#10068,#10363);
#28=ITEM_DEFINED_TRANSFORMATION($,$,#10022,#10364);
#29=ITEM_DEFINED_TRANSFORMATION($,$,#10068,#10365);
#30=ITEM_DEFINED_TRANSFORMATION($,$,#10068,#10366);
#31=ITEM_DEFINED_TRANSFORMATION($,$,#10068,#10367);
#32=ITEM_DEFINED_TRANSFORMATION($,$,#10068,#10368);
#33=ITEM_DEFINED_TRANSFORMATION($,$,#10090,#10369);
#34=ITEM_DEFINED_TRANSFORMATION($,$,#10090,#10370);
#35=ITEM_DEFINED_TRANSFORMATION($,$,#9753,#10371);
#36=ITEM_DEFINED_TRANSFORMATION($,$,#9811,#10372);
#37=ITEM_DEFINED_TRANSFORMATION($,$,#10114,#10373);
#38=ITEM_DEFINED_TRANSFORMATION($,$,#10068,#10374);
#39=ITEM_DEFINED_TRANSFORMATION($,$,#10068,#10375);
#40=ITEM_DEFINED_TRANSFORMATION($,$,#10068,#10376);
#41=ITEM_DEFINED_TRANSFORMATION($,$,#10068,#10377);
#42=ITEM_DEFINED_TRANSFORMATION($,$,#10022,#10378);
#43=ITEM_DEFINED_TRANSFORMATION($,$,#10068,#10379);
#44=ITEM_DEFINED_TRANSFORMATION($,$,#10068,#10380);
#45=ITEM_DEFINED_TRANSFORMATION($,$,#10068,#10381);
#46=ITEM_DEFINED_TRANSFORMATION($,$,#10068,#10382);
#47=ITEM_DEFINED_TRANSFORMATION($,$,#10090,#10383);
#48=ITEM_DEFINED_TRANSFORMATION($,$,#10090,#10384);
#49=ITEM_DEFINED_TRANSFORMATION($,$,#10386,#10480);
#50=ITEM_DEFINED_TRANSFORMATION($,$,#10409,#10481);
#51=ITEM_DEFINED_TRANSFORMATION($,$,#10444,#10482);
#52=ITEM_DEFINED_TRANSFORMATION($,$,#10474,#10483);
#53=ITEM_DEFINED_TRANSFORMATION($,$,#10386,#10484);
#54=ITEM_DEFINED_TRANSFORMATION($,$,#10409,#10485);
#55=ITEM_DEFINED_TRANSFORMATION($,$,#10444,#10486);
#56=ITEM_DEFINED_TRANSFORMATION($,$,#10474,#10487);
#57=ITEM_DEFINED_TRANSFORMATION($,$,#9695,#10585);
#58=ITEM_DEFINED_TRANSFORMATION($,$,#10096,#10586);
#59=ITEM_DEFINED_TRANSFORMATION($,$,#10571,#10587);
#60=ITEM_DEFINED_TRANSFORMATION($,$,#10114,#10588);
#61=ITEM_DEFINED_TRANSFORMATION($,$,#9696,#10589);
#62=ITEM_DEFINED_TRANSFORMATION($,$,#10488,#10590);
#63=ITEM_DEFINED_TRANSFORMATION($,$,#10523,#10591);
#64=ITEM_DEFINED_TRANSFORMATION($,$,#9694,#10592);
#65=ITEM_DEFINED_TRANSFORMATION($,$,#9752,#10593);
#66=ITEM_DEFINED_TRANSFORMATION($,$,#10096,#10594);
#67=ITEM_DEFINED_TRANSFORMATION($,$,#10114,#10595);
#68=ITEM_DEFINED_TRANSFORMATION($,$,#10385,#10596);
#69=ITEM_DEFINED_TRANSFORMATION($,$,#10488,#10597);
#70=ITEM_DEFINED_TRANSFORMATION($,$,#10523,#10598);
#71=ITEM_DEFINED_TRANSFORMATION($,$,#10571,#10599);
#72=ITEM_DEFINED_TRANSFORMATION($,$,#9693,#10600);
#73=ITEM_DEFINED_TRANSFORMATION($,$,#9706,#10601);
#74=ITEM_DEFINED_TRANSFORMATION($,$,#9697,#10602);
#75=ITEM_DEFINED_TRANSFORMATION($,$,#9697,#10603);
#76=ITEM_DEFINED_TRANSFORMATION($,$,#9706,#10604);
#77=ITEM_DEFINED_TRANSFORMATION($,$,#9738,#10605);
#78=ITEM_DEFINED_TRANSFORMATION($,$,#9751,#10606);
#79=(
REPRESENTATION_RELATIONSHIP($,$,#17821,#17814)
REPRESENTATION_RELATIONSHIP_WITH_TRANSFORMATION(#21)
SHAPE_REPRESENTATION_RELATIONSHIP()
);
#80=(
REPRESENTATION_RELATIONSHIP($,$,#17822,#17814)
REPRESENTATION_RELATIONSHIP_WITH_TRANSFORMATION(#22)
SHAPE_REPRESENTATION_RELATIONSHIP()
);
#81=(
REPRESENTATION_RELATIONSHIP($,$,#17827,#17814)
REPRESENTATION_RELATIONSHIP_WITH_TRANSFORMATION(#23)
SHAPE_REPRESENTATION_RELATIONSHIP()
);
#82=(
REPRESENTATION_RELATIONSHIP($,$,#17824,#17814)
REPRESENTATION_RELATIONSHIP_WITH_TRANSFORMATION(#24)
SHAPE_REPRESENTATION_RELATIONSHIP()
);
#83=(
REPRESENTATION_RELATIONSHIP($,$,#17824,#17814)
REPRESENTATION_RELATIONSHIP_WITH_TRANSFORMATION(#25)
SHAPE_REPRESENTATION_RELATIONSHIP()
);
#84=(
REPRESENTATION_RELATIONSHIP($,$,#17824,#17814)
REPRESENTATION_RELATIONSHIP_WITH_TRANSFORMATION(#26)
SHAPE_REPRESENTATION_RELATIONSHIP()
);
#85=(
REPRESENTATION_RELATIONSHIP($,$,#17824,#17814)
REPRESENTATION_RELATIONSHIP_WITH_TRANSFORMATION(#27)
SHAPE_REPRESENTATION_RELATIONSHIP()
);
#86=(
REPRESENTATION_RELATIONSHIP($,$,#17823,#17814)
REPRESENTATION_RELATIONSHIP_WITH_TRANSFORMATION(#28)
SHAPE_REPRESENTATION_RELATIONSHIP()
);
#87=(
REPRESENTATION_RELATIONSHIP($,$,#17824,#17814)
REPRESENTATION_RELATIONSHIP_WITH_TRANSFORMATION(#29)
SHAPE_REPRESENTATION_RELATIONSHIP()
);
#88=(
REPRESENTATION_RELATIONSHIP($,$,#17824,#17814)
REPRESENTATION_RELATIONSHIP_WITH_TRANSFORMATION(#30)
SHAPE_REPRESENTATION_RELATIONSHIP()
);
#89=(
REPRESENTATION_RELATIONSHIP($,$,#17824,#17814)
REPRESENTATION_RELATIONSHIP_WITH_TRANSFORMATION(#31)
SHAPE_REPRESENTATION_RELATIONSHIP()
);
#90=(
REPRESENTATION_RELATIONSHIP($,$,#17824,#17814)
REPRESENTATION_RELATIONSHIP_WITH_TRANSFORMATION(#32)
SHAPE_REPRESENTATION_RELATIONSHIP()
);
#91=(
REPRESENTATION_RELATIONSHIP($,$,#17825,#17814)
REPRESENTATION_RELATIONSHIP_WITH_TRANSFORMATION(#33)
SHAPE_REPRESENTATION_RELATIONSHIP()
);
#92=(
REPRESENTATION_RELATIONSHIP($,$,#17825,#17814)
REPRESENTATION_RELATIONSHIP_WITH_TRANSFORMATION(#34)
SHAPE_REPRESENTATION_RELATIONSHIP()
);
#93=(
REPRESENTATION_RELATIONSHIP($,$,#17821,#17820)
REPRESENTATION_RELATIONSHIP_WITH_TRANSFORMATION(#35)
SHAPE_REPRESENTATION_RELATIONSHIP()
);
#94=(
REPRESENTATION_RELATIONSHIP($,$,#17822,#17820)
REPRESENTATION_RELATIONSHIP_WITH_TRANSFORMATION(#36)
SHAPE_REPRESENTATION_RELATIONSHIP()
);
#95=(
REPRESENTATION_RELATIONSHIP($,$,#17827,#17820)
REPRESENTATION_RELATIONSHIP_WITH_TRANSFORMATION(#37)
SHAPE_REPRESENTATION_RELATIONSHIP()
);
#96=(
REPRESENTATION_RELATIONSHIP($,$,#17824,#17820)
REPRESENTATION_RELATIONSHIP_WITH_TRANSFORMATION(#38)
SHAPE_REPRESENTATION_RELATIONSHIP()
);
#97=(
REPRESENTATION_RELATIONSHIP($,$,#17824,#17820)
REPRESENTATION_RELATIONSHIP_WITH_TRANSFORMATION(#39)
SHAPE_REPRESENTATION_RELATIONSHIP()
);
#98=(
REPRESENTATION_RELATIONSHIP($,$,#17824,#17820)
REPRESENTATION_RELATIONSHIP_WITH_TRANSFORMATION(#40)
SHAPE_REPRESENTATION_RELATIONSHIP()
);
#99=(
REPRESENTATION_RELATIONSHIP($,$,#17824,#17820)
REPRESENTATION_RELATIONSHIP_WITH_TRANSFORMATION(#41)
SHAPE_REPRESENTATION_RELATIONSHIP()
);
#100=(
REPRESENTATION_RELATIONSHIP($,$,#17823,#17820)
REPRESENTATION_RELATIONSHIP_WITH_TRANSFORMATION(#42)
SHAPE_REPRESENTATION_RELATIONSHIP()
);
#101=(
REPRESENTATION_RELATIONSHIP($,$,#17824,#17820)
REPRESENTATION_RELATIONSHIP_WITH_TRANSFORMATION(#43)
SHAPE_REPRESENTATION_RELATIONSHIP()
);
#102=(
REPRESENTATION_RELATIONSHIP($,$,#17824,#17820)
REPRESENTATION_RELATIONSHIP_WITH_TRANSFORMATION(#44)
SHAPE_REPRESENTATION_RELATIONSHIP()
);
#103=(
REPRESENTATION_RELATIONSHIP($,$,#17824,#17820)
REPRESENTATION_RELATIONSHIP_WITH_TRANSFORMATION(#45)
SHAPE_REPRESENTATION_RELATIONSHIP()
);
#104=(
REPRESENTATION_RELATIONSHIP($,$,#17824,#17820)
REPRESENTATION_RELATIONSHIP_WITH_TRANSFORMATION(#46)
SHAPE_REPRESENTATION_RELATIONSHIP()
);
#105=(
REPRESENTATION_RELATIONSHIP($,$,#17825,#17820)
REPRESENTATION_RELATIONSHIP_WITH_TRANSFORMATION(#47)
SHAPE_REPRESENTATION_RELATIONSHIP()
);
#106=(
REPRESENTATION_RELATIONSHIP($,$,#17825,#17820)
REPRESENTATION_RELATIONSHIP_WITH_TRANSFORMATION(#48)
SHAPE_REPRESENTATION_RELATIONSHIP()
);
#107=(
REPRESENTATION_RELATIONSHIP($,$,#17829,#17815)
REPRESENTATION_RELATIONSHIP_WITH_TRANSFORMATION(#49)
SHAPE_REPRESENTATION_RELATIONSHIP()
);
#108=(
REPRESENTATION_RELATIONSHIP($,$,#17830,#17815)
REPRESENTATION_RELATIONSHIP_WITH_TRANSFORMATION(#50)
SHAPE_REPRESENTATION_RELATIONSHIP()
);
#109=(
REPRESENTATION_RELATIONSHIP($,$,#17831,#17815)
REPRESENTATION_RELATIONSHIP_WITH_TRANSFORMATION(#51)
SHAPE_REPRESENTATION_RELATIONSHIP()
);
#110=(
REPRESENTATION_RELATIONSHIP($,$,#17832,#17815)
REPRESENTATION_RELATIONSHIP_WITH_TRANSFORMATION(#52)
SHAPE_REPRESENTATION_RELATIONSHIP()
);
#111=(
REPRESENTATION_RELATIONSHIP($,$,#17829,#17828)
REPRESENTATION_RELATIONSHIP_WITH_TRANSFORMATION(#53)
SHAPE_REPRESENTATION_RELATIONSHIP()
);
#112=(
REPRESENTATION_RELATIONSHIP($,$,#17830,#17828)
REPRESENTATION_RELATIONSHIP_WITH_TRANSFORMATION(#54)
SHAPE_REPRESENTATION_RELATIONSHIP()
);
#113=(
REPRESENTATION_RELATIONSHIP($,$,#17831,#17828)
REPRESENTATION_RELATIONSHIP_WITH_TRANSFORMATION(#55)
SHAPE_REPRESENTATION_RELATIONSHIP()
);
#114=(
REPRESENTATION_RELATIONSHIP($,$,#17832,#17828)
REPRESENTATION_RELATIONSHIP_WITH_TRANSFORMATION(#56)
SHAPE_REPRESENTATION_RELATIONSHIP()
);
#115=(
REPRESENTATION_RELATIONSHIP($,$,#17814,#17813)
REPRESENTATION_RELATIONSHIP_WITH_TRANSFORMATION(#57)
SHAPE_REPRESENTATION_RELATIONSHIP()
);
#116=(
REPRESENTATION_RELATIONSHIP($,$,#17826,#17813)
REPRESENTATION_RELATIONSHIP_WITH_TRANSFORMATION(#58)
SHAPE_REPRESENTATION_RELATIONSHIP()
);
#117=(
REPRESENTATION_RELATIONSHIP($,$,#17835,#17813)
REPRESENTATION_RELATIONSHIP_WITH_TRANSFORMATION(#59)
SHAPE_REPRESENTATION_RELATIONSHIP()
);
#118=(
REPRESENTATION_RELATIONSHIP($,$,#17827,#17813)
REPRESENTATION_RELATIONSHIP_WITH_TRANSFORMATION(#60)
SHAPE_REPRESENTATION_RELATIONSHIP()
);
#119=(
REPRESENTATION_RELATIONSHIP($,$,#17815,#17813)
REPRESENTATION_RELATIONSHIP_WITH_TRANSFORMATION(#61)
SHAPE_REPRESENTATION_RELATIONSHIP()
);
#120=(
REPRESENTATION_RELATIONSHIP($,$,#17833,#17813)
REPRESENTATION_RELATIONSHIP_WITH_TRANSFORMATION(#62)
SHAPE_REPRESENTATION_RELATIONSHIP()
);
#121=(
REPRESENTATION_RELATIONSHIP($,$,#17834,#17813)
REPRESENTATION_RELATIONSHIP_WITH_TRANSFORMATION(#63)
SHAPE_REPRESENTATION_RELATIONSHIP()
);
#122=(
REPRESENTATION_RELATIONSHIP($,$,#17813,#17812)
REPRESENTATION_RELATIONSHIP_WITH_TRANSFORMATION(#64)
SHAPE_REPRESENTATION_RELATIONSHIP()
);
#123=(
REPRESENTATION_RELATIONSHIP($,$,#17820,#17819)
REPRESENTATION_RELATIONSHIP_WITH_TRANSFORMATION(#65)
SHAPE_REPRESENTATION_RELATIONSHIP()
);
#124=(
REPRESENTATION_RELATIONSHIP($,$,#17826,#17819)
REPRESENTATION_RELATIONSHIP_WITH_TRANSFORMATION(#66)
SHAPE_REPRESENTATION_RELATIONSHIP()
);
#125=(
REPRESENTATION_RELATIONSHIP($,$,#17827,#17819)
REPRESENTATION_RELATIONSHIP_WITH_TRANSFORMATION(#67)
SHAPE_REPRESENTATION_RELATIONSHIP()
);
#126=(
REPRESENTATION_RELATIONSHIP($,$,#17828,#17819)
REPRESENTATION_RELATIONSHIP_WITH_TRANSFORMATION(#68)
SHAPE_REPRESENTATION_RELATIONSHIP()
);
#127=(
REPRESENTATION_RELATIONSHIP($,$,#17833,#17819)
REPRESENTATION_RELATIONSHIP_WITH_TRANSFORMATION(#69)
SHAPE_REPRESENTATION_RELATIONSHIP()
);
#128=(
REPRESENTATION_RELATIONSHIP($,$,#17834,#17819)
REPRESENTATION_RELATIONSHIP_WITH_TRANSFORMATION(#70)
SHAPE_REPRESENTATION_RELATIONSHIP()
);
#129=(
REPRESENTATION_RELATIONSHIP($,$,#17835,#17819)
REPRESENTATION_RELATIONSHIP_WITH_TRANSFORMATION(#71)
SHAPE_REPRESENTATION_RELATIONSHIP()
);
#130=(
REPRESENTATION_RELATIONSHIP($,$,#17812,#17811)
REPRESENTATION_RELATIONSHIP_WITH_TRANSFORMATION(#72)
SHAPE_REPRESENTATION_RELATIONSHIP()
);
#131=(
REPRESENTATION_RELATIONSHIP($,$,#17817,#17811)
REPRESENTATION_RELATIONSHIP_WITH_TRANSFORMATION(#73)
SHAPE_REPRESENTATION_RELATIONSHIP()
);
#132=(
REPRESENTATION_RELATIONSHIP($,$,#17816,#17811)
REPRESENTATION_RELATIONSHIP_WITH_TRANSFORMATION(#74)
SHAPE_REPRESENTATION_RELATIONSHIP()
);
#133=(
REPRESENTATION_RELATIONSHIP($,$,#17816,#17811)
REPRESENTATION_RELATIONSHIP_WITH_TRANSFORMATION(#75)
SHAPE_REPRESENTATION_RELATIONSHIP()
);
#134=(
REPRESENTATION_RELATIONSHIP($,$,#17817,#17811)
REPRESENTATION_RELATIONSHIP_WITH_TRANSFORMATION(#76)
SHAPE_REPRESENTATION_RELATIONSHIP()
);
#135=(
REPRESENTATION_RELATIONSHIP($,$,#17818,#17811)
REPRESENTATION_RELATIONSHIP_WITH_TRANSFORMATION(#77)
SHAPE_REPRESENTATION_RELATIONSHIP()
);
#136=(
REPRESENTATION_RELATIONSHIP($,$,#17819,#17811)
REPRESENTATION_RELATIONSHIP_WITH_TRANSFORMATION(#78)
SHAPE_REPRESENTATION_RELATIONSHIP()
);
#137=CONTEXT_DEPENDENT_SHAPE_REPRESENTATION(#79,#17745);
#138=CONTEXT_DEPENDENT_SHAPE_REPRESENTATION(#80,#17746);
#139=CONTEXT_DEPENDENT_SHAPE_REPRESENTATION(#81,#17747);
#140=CONTEXT_DEPENDENT_SHAPE_REPRESENTATION(#82,#17748);
#141=CONTEXT_DEPENDENT_SHAPE_REPRESENTATION(#83,#17749);
#142=CONTEXT_DEPENDENT_SHAPE_REPRESENTATION(#84,#17750);
#143=CONTEXT_DEPENDENT_SHAPE_REPRESENTATION(#85,#17751);
#144=CONTEXT_DEPENDENT_SHAPE_REPRESENTATION(#86,#17752);
#145=CONTEXT_DEPENDENT_SHAPE_REPRESENTATION(#87,#17753);
#146=CONTEXT_DEPENDENT_SHAPE_REPRESENTATION(#88,#17754);
#147=CONTEXT_DEPENDENT_SHAPE_REPRESENTATION(#89,#17755);
#148=CONTEXT_DEPENDENT_SHAPE_REPRESENTATION(#90,#17756);
#149=CONTEXT_DEPENDENT_SHAPE_REPRESENTATION(#91,#17757);
#150=CONTEXT_DEPENDENT_SHAPE_REPRESENTATION(#92,#17758);
#151=CONTEXT_DEPENDENT_SHAPE_REPRESENTATION(#93,#17759);
#152=CONTEXT_DEPENDENT_SHAPE_REPRESENTATION(#94,#17760);
#153=CONTEXT_DEPENDENT_SHAPE_REPRESENTATION(#95,#17761);
#154=CONTEXT_DEPENDENT_SHAPE_REPRESENTATION(#96,#17762);
#155=CONTEXT_DEPENDENT_SHAPE_REPRESENTATION(#97,#17763);
#156=CONTEXT_DEPENDENT_SHAPE_REPRESENTATION(#98,#17764);
#157=CONTEXT_DEPENDENT_SHAPE_REPRESENTATION(#99,#17765);
#158=CONTEXT_DEPENDENT_SHAPE_REPRESENTATION(#100,#17766);
#159=CONTEXT_DEPENDENT_SHAPE_REPRESENTATION(#101,#17767);
#160=CONTEXT_DEPENDENT_SHAPE_REPRESENTATION(#102,#17768);
#161=CONTEXT_DEPENDENT_SHAPE_REPRESENTATION(#103,#17769);
#162=CONTEXT_DEPENDENT_SHAPE_REPRESENTATION(#104,#17770);
#163=CONTEXT_DEPENDENT_SHAPE_REPRESENTATION(#105,#17771);
#164=CONTEXT_DEPENDENT_SHAPE_REPRESENTATION(#106,#17772);
#165=CONTEXT_DEPENDENT_SHAPE_REPRESENTATION(#107,#17778);
#166=CONTEXT_DEPENDENT_SHAPE_REPRESENTATION(#108,#17779);
#167=CONTEXT_DEPENDENT_SHAPE_REPRESENTATION(#109,#17780);
#168=CONTEXT_DEPENDENT_SHAPE_REPRESENTATION(#110,#17781);
#169=CONTEXT_DEPENDENT_SHAPE_REPRESENTATION(#111,#17782);
#170=CONTEXT_DEPENDENT_SHAPE_REPRESENTATION(#112,#17783);
#171=CONTEXT_DEPENDENT_SHAPE_REPRESENTATION(#113,#17784);
#172=CONTEXT_DEPENDENT_SHAPE_REPRESENTATION(#114,#17785);
#173=CONTEXT_DEPENDENT_SHAPE_REPRESENTATION(#115,#17789);
#174=CONTEXT_DEPENDENT_SHAPE_REPRESENTATION(#116,#17790);
#175=CONTEXT_DEPENDENT_SHAPE_REPRESENTATION(#117,#17791);
#176=CONTEXT_DEPENDENT_SHAPE_REPRESENTATION(#118,#17792);
#177=CONTEXT_DEPENDENT_SHAPE_REPRESENTATION(#119,#17793);
#178=CONTEXT_DEPENDENT_SHAPE_REPRESENTATION(#120,#17794);
#179=CONTEXT_DEPENDENT_SHAPE_REPRESENTATION(#121,#17795);
#180=CONTEXT_DEPENDENT_SHAPE_REPRESENTATION(#122,#17796);
#181=CONTEXT_DEPENDENT_SHAPE_REPRESENTATION(#123,#17797);
#182=CONTEXT_DEPENDENT_SHAPE_REPRESENTATION(#124,#17798);
#183=CONTEXT_DEPENDENT_SHAPE_REPRESENTATION(#125,#17799);
#184=CONTEXT_DEPENDENT_SHAPE_REPRESENTATION(#126,#17800);
#185=CONTEXT_DEPENDENT_SHAPE_REPRESENTATION(#127,#17801);
#186=CONTEXT_DEPENDENT_SHAPE_REPRESENTATION(#128,#17802);
#187=CONTEXT_DEPENDENT_SHAPE_REPRESENTATION(#129,#17803);
#188=CONTEXT_DEPENDENT_SHAPE_REPRESENTATION(#130,#17804);
#189=CONTEXT_DEPENDENT_SHAPE_REPRESENTATION(#131,#17805);
#190=CONTEXT_DEPENDENT_SHAPE_REPRESENTATION(#132,#17806);
#191=CONTEXT_DEPENDENT_SHAPE_REPRESENTATION(#133,#17807);
#192=CONTEXT_DEPENDENT_SHAPE_REPRESENTATION(#134,#17808);
#193=CONTEXT_DEPENDENT_SHAPE_REPRESENTATION(#135,#17809);
#194=CONTEXT_DEPENDENT_SHAPE_REPRESENTATION(#136,#17810);
#195=NEXT_ASSEMBLY_USAGE_OCCURRENCE('Frame 2 v1:1','Frame 2 v1:1',
'Frame 2 v1:1',#17840,#17847,'Frame 2 v1:1');
#196=NEXT_ASSEMBLY_USAGE_OCCURRENCE('rail1 Copy v4:1','rail1 Copy v4:1',
'rail1 Copy v4:1',#17840,#17848,'rail1 Copy v4:1');
#197=NEXT_ASSEMBLY_USAGE_OCCURRENCE('ball bearing v2:1',
'ball bearing v2:1','ball bearing v2:1',#17840,#17853,
'ball bearing v2:1');
#198=NEXT_ASSEMBLY_USAGE_OCCURRENCE('bolt v1:5','bolt v1:5','bolt v1:5',
#17840,#17850,'bolt v1:5');
#199=NEXT_ASSEMBLY_USAGE_OCCURRENCE('bolt v1:6','bolt v1:6','bolt v1:6',
#17840,#17850,'bolt v1:6');
#200=NEXT_ASSEMBLY_USAGE_OCCURRENCE('bolt v1:7','bolt v1:7','bolt v1:7',
#17840,#17850,'bolt v1:7');
#201=NEXT_ASSEMBLY_USAGE_OCCURRENCE('bolt v1:8','bolt v1:8','bolt v1:8',
#17840,#17850,'bolt v1:8');
#202=NEXT_ASSEMBLY_USAGE_OCCURRENCE('Frame 1 v2:1','Frame 1 v2:1',
'Frame 1 v2:1',#17840,#17849,'Frame 1 v2:1');
#203=NEXT_ASSEMBLY_USAGE_OCCURRENCE('bolt v1:9','bolt v1:9','bolt v1:9',
#17840,#17850,'bolt v1:9');
#204=NEXT_ASSEMBLY_USAGE_OCCURRENCE('bolt v1:10','bolt v1:10',
'bolt v1:10',#17840,#17850,'bolt v1:10');
#205=NEXT_ASSEMBLY_USAGE_OCCURRENCE('bolt v1:11','bolt v1:11',
'bolt v1:11',#17840,#17850,'bolt v1:11');
#206=NEXT_ASSEMBLY_USAGE_OCCURRENCE('bolt v1:12','bolt v1:12',
'bolt v1:12',#17840,#17850,'bolt v1:12');
#207=NEXT_ASSEMBLY_USAGE_OCCURRENCE('rod v1:1','rod v1:1','rod v1:1',#17840,
#17851,'rod v1:1');
#208=NEXT_ASSEMBLY_USAGE_OCCURRENCE('rod v1:2','rod v1:2','rod v1:2',#17840,
#17851,'rod v1:2');
#209=NEXT_ASSEMBLY_USAGE_OCCURRENCE('Frame 2 v1:1','Frame 2 v1:1',
'Frame 2 v1:1',#17846,#17847,'Frame 2 v1:1');
#210=NEXT_ASSEMBLY_USAGE_OCCURRENCE('rail1 Copy v4:1','rail1 Copy v4:1',
'rail1 Copy v4:1',#17846,#17848,'rail1 Copy v4:1');
#211=NEXT_ASSEMBLY_USAGE_OCCURRENCE('ball bearing v2:1',
'ball bearing v2:1','ball bearing v2:1',#17846,#17853,
'ball bearing v2:1');
#212=NEXT_ASSEMBLY_USAGE_OCCURRENCE('bolt v1:5','bolt v1:5','bolt v1:5',
#17846,#17850,'bolt v1:5');
#213=NEXT_ASSEMBLY_USAGE_OCCURRENCE('bolt v1:6','bolt v1:6','bolt v1:6',
#17846,#17850,'bolt v1:6');
#214=NEXT_ASSEMBLY_USAGE_OCCURRENCE('bolt v1:7','bolt v1:7','bolt v1:7',
#17846,#17850,'bolt v1:7');
#215=NEXT_ASSEMBLY_USAGE_OCCURRENCE('bolt v1:8','bolt v1:8','bolt v1:8',
#17846,#17850,'bolt v1:8');
#216=NEXT_ASSEMBLY_USAGE_OCCURRENCE('Frame 1 v2:1','Frame 1 v2:1',
'Frame 1 v2:1',#17846,#17849,'Frame 1 v2:1');
#217=NEXT_ASSEMBLY_USAGE_OCCURRENCE('bolt v1:9','bolt v1:9','bolt v1:9',
#17846,#17850,'bolt v1:9');
#218=NEXT_ASSEMBLY_USAGE_OCCURRENCE('bolt v1:10','bolt v1:10',
'bolt v1:10',#17846,#17850,'bolt v1:10');
#219=NEXT_ASSEMBLY_USAGE_OCCURRENCE('bolt v1:11','bolt v1:11',
'bolt v1:11',#17846,#17850,'bolt v1:11');
#220=NEXT_ASSEMBLY_USAGE_OCCURRENCE('bolt v1:12','bolt v1:12',
'bolt v1:12',#17846,#17850,'bolt v1:12');
#221=NEXT_ASSEMBLY_USAGE_OCCURRENCE('rod v1:1','rod v1:1','rod v1:1',#17846,
#17851,'rod v1:1');
#222=NEXT_ASSEMBLY_USAGE_OCCURRENCE('rod v1:2','rod v1:2','rod v1:2',#17846,
#17851,'rod v1:2');
#223=NEXT_ASSEMBLY_USAGE_OCCURRENCE('base:1','base:1','base:1',#17841,#17855,
'base:1');
#224=NEXT_ASSEMBLY_USAGE_OCCURRENCE('middle:1','middle:1','middle:1',#17841,
#17856,'middle:1');
#225=NEXT_ASSEMBLY_USAGE_OCCURRENCE('top:1','top:1','top:1',#17841,#17857,
'top:1');
#226=NEXT_ASSEMBLY_USAGE_OCCURRENCE('rod:1','rod:1','rod:1',#17841,#17858,
'rod:1');
#227=NEXT_ASSEMBLY_USAGE_OCCURRENCE('base:1','base:1','base:1',#17854,#17855,
'base:1');
#228=NEXT_ASSEMBLY_USAGE_OCCURRENCE('middle:1','middle:1','middle:1',#17854,
#17856,'middle:1');
#229=NEXT_ASSEMBLY_USAGE_OCCURRENCE('top:1','top:1','top:1',#17854,#17857,
'top:1');
#230=NEXT_ASSEMBLY_USAGE_OCCURRENCE('rod:1','rod:1','rod:1',#17854,#17858,
'rod:1');
#231=NEXT_ASSEMBLY_USAGE_OCCURRENCE('assem2 v7:1','assem2 v7:1',
'assem2 v7:1',#17839,#17840,'assem2 v7:1');
#232=NEXT_ASSEMBLY_USAGE_OCCURRENCE('Frame 1.2 v2:1','Frame 1.2 v2:1',
'Frame 1.2 v2:1',#17839,#17852,'Frame 1.2 v2:1');
#233=NEXT_ASSEMBLY_USAGE_OCCURRENCE('slider v6:1','slider v6:1',
'slider v6:1',#17839,#17861,'slider v6:1');
#234=NEXT_ASSEMBLY_USAGE_OCCURRENCE('ball bearing v2:1',
'ball bearing v2:1','ball bearing v2:1',#17839,#17853,
'ball bearing v2:1');
#235=NEXT_ASSEMBLY_USAGE_OCCURRENCE('motor v2:1','motor v2:1',
'motor v2:1',#17839,#17841,'motor v2:1');
#236=NEXT_ASSEMBLY_USAGE_OCCURRENCE('coupler v1:1','coupler v1:1',
'coupler v1:1',#17839,#17859,'coupler v1:1');
#237=NEXT_ASSEMBLY_USAGE_OCCURRENCE('traveller v11:1','traveller v11:1',
'traveller v11:1',#17839,#17860,'traveller v11:1');
#238=NEXT_ASSEMBLY_USAGE_OCCURRENCE('assem 3 v13:1','assem 3 v13:1',
'assem 3 v13:1',#17838,#17839,'assem 3 v13:1');
#239=NEXT_ASSEMBLY_USAGE_OCCURRENCE('assem2 v7:1','assem2 v7:1',
'assem2 v7:1',#17845,#17846,'assem2 v7:1');
#240=NEXT_ASSEMBLY_USAGE_OCCURRENCE('Frame 1.2 v2:1','Frame 1.2 v2:1',
'Frame 1.2 v2:1',#17845,#17852,'Frame 1.2 v2:1');
#241=NEXT_ASSEMBLY_USAGE_OCCURRENCE('ball bearing v2:1',
'ball bearing v2:1','ball bearing v2:1',#17845,#17853,
'ball bearing v2:1');
#242=NEXT_ASSEMBLY_USAGE_OCCURRENCE('motor v2:1','motor v2:1',
'motor v2:1',#17845,#17854,'motor v2:1');
#243=NEXT_ASSEMBLY_USAGE_OCCURRENCE('coupler v1:1','coupler v1:1',
'coupler v1:1',#17845,#17859,'coupler v1:1');
#244=NEXT_ASSEMBLY_USAGE_OCCURRENCE('traveller v11:1','traveller v11:1',
'traveller v11:1',#17845,#17860,'traveller v11:1');
#245=NEXT_ASSEMBLY_USAGE_OCCURRENCE('slider v6:1','slider v6:1',
'slider v6:1',#17845,#17861,'slider v6:1');
#246=NEXT_ASSEMBLY_USAGE_OCCURRENCE('assem4 v21:1','assem4 v21:1',
'assem4 v21:1',#17837,#17838,'assem4 v21:1');
#247=NEXT_ASSEMBLY_USAGE_OCCURRENCE('Flange for worktable v3:1',
'Flange for worktable v3:1','Flange for worktable v3:1',#17837,#17843,
'Flange for worktable v3:1');
#248=NEXT_ASSEMBLY_USAGE_OCCURRENCE(
'Conical Spring Washer JIS B 1252 - 6 - 2H Steel 100 HV Plain v1:5',
'Conical Spring Washer JIS B 1252 - 6 - 2H Steel 100 HV Plain v1:5',
'Conical Spring Washer JIS B 1252 - 6 - 2H Steel 100 HV Plain v1:5',#17837,
#17842,
'Conical Spring Washer JIS B 1252 - 6 - 2H Steel 100 HV Plain v1:5');
#249=NEXT_ASSEMBLY_USAGE_OCCURRENCE(
'Conical Spring Washer JIS B 1252 - 6 - 2H Steel 100 HV Plain v1:6',
'Conical Spring Washer JIS B 1252 - 6 - 2H Steel 100 HV Plain v1:6',
'Conical Spring Washer JIS B 1252 - 6 - 2H Steel 100 HV Plain v1:6',#17837,
#17842,
'Conical Spring Washer JIS B 1252 - 6 - 2H Steel 100 HV Plain v1:6');
#250=NEXT_ASSEMBLY_USAGE_OCCURRENCE('Flange for worktable v3:2',
'Flange for worktable v3:2','Flange for worktable v3:2',#17837,#17843,
'Flange for worktable v3:2');
#251=NEXT_ASSEMBLY_USAGE_OCCURRENCE('Component1:1','Component1:1',
'Component1:1',#17837,#17844,'Component1:1');
#252=NEXT_ASSEMBLY_USAGE_OCCURRENCE('X-axis v15:1','X-axis v15:1',
'X-axis v15:1',#17837,#17845,'X-axis v15:1');
#253=B_SPLINE_CURVE_WITH_KNOTS('',3,(#14869,#14870,#14871,#14872,#14873,
#14874,#14875,#14876,#14877,#14878,#14879,#14880,#14881,#14882,#14883,#14884,
#14885,#14886,#14887,#14888,#14889,#14890),.UNSPECIFIED.,.F.,.F.,(4,2,2,
2,2,2,2,2,2,2,4),(0.647245760969403,0.667605985657659,0.736699260623965,
0.798351024071038,0.848060045054034,0.89776906603703,0.947478087020026,
0.997187108003021,1.0588388714501,1.1279321464164,1.14829237110466),
 .UNSPECIFIED.);
#254=B_SPLINE_CURVE_WITH_KNOTS('',3,(#14894,#14895,#14896,#14897,#14898,
#14899,#14900,#14901,#14902,#14903,#14904,#14905,#14906,#14907,#14908,#14909,
#14910,#14911,#14912,#14913,#14914,#14915),.UNSPECIFIED.,.F.,.F.,(4,2,2,
2,2,2,2,2,2,2,4),(0.647608799089078,0.699358119854812,0.750123344750946,
0.80088856964708,0.848815037370448,0.896741505093815,0.944667972817183,
0.99259444054055,1.04335966543668,1.09412489033282,1.14587421109855),
 .UNSPECIFIED.);
#255=B_SPLINE_CURVE_WITH_KNOTS('',3,(#14925,#14926,#14927,#14928,#14929,
#14930,#14931,#14932,#14933,#14934,#14935,#14936,#14937,#14938,#14939,#14940,
#14941,#14942,#14943,#14944,#14945,#14946),.UNSPECIFIED.,.F.,.F.,(4,2,2,
2,2,2,2,2,2,2,4),(0.647245760969405,0.66760598565766,0.736699260623966,
0.79835102407104,0.848060045054036,0.897769066037031,0.947478087020027,
0.997187108003023,1.0588388714501,1.1279321464164,1.14829237110466),
 .UNSPECIFIED.);
#256=B_SPLINE_CURVE_WITH_KNOTS('',3,(#14948,#14949,#14950,#14951,#14952,
#14953,#14954,#14955,#14956,#14957,#14958,#14959,#14960,#14961,#14962,#14963,
#14964,#14965,#14966,#14967,#14968,#14969),.UNSPECIFIED.,.F.,.F.,(4,2,2,
2,2,2,2,2,2,2,4),(0.647608799089079,0.699358119854813,0.750123344750948,
0.800888569647082,0.848815037370449,0.896741505093817,0.944667972817184,
0.992594440540551,1.04335966543669,1.09412489033282,1.14587421109855),
 .UNSPECIFIED.);
#257=B_SPLINE_CURVE_WITH_KNOTS('',3,(#14979,#14980,#14981,#14982,#14983,
#14984,#14985,#14986,#14987,#14988,#14989,#14990,#14991,#14992,#14993,#14994,
#14995,#14996,#14997,#14998,#14999,#15000),.UNSPECIFIED.,.F.,.F.,(4,2,2,
2,2,2,2,2,2,2,4),(0.647245760969405,0.66760598565766,0.736699260623967,
0.79835102407104,0.848060045054035,0.897769066037031,0.947478087020027,
0.997187108003023,1.0588388714501,1.1279321464164,1.14829237110466),
 .UNSPECIFIED.);
#258=B_SPLINE_CURVE_WITH_KNOTS('',3,(#15002,#15003,#15004,#15005,#15006,
#15007,#15008,#15009,#15010,#15011,#15012,#15013,#15014,#15015,#15016,#15017,
#15018,#15019,#15020,#15021,#15022,#15023),.UNSPECIFIED.,.F.,.F.,(4,2,2,
2,2,2,2,2,2,2,4),(0.647608799089079,0.699358119854813,0.750123344750948,
0.800888569647082,0.848815037370449,0.896741505093816,0.944667972817184,
0.992594440540551,1.04335966543669,1.09412489033282,1.14587421109855),
 .UNSPECIFIED.);
#259=B_SPLINE_CURVE_WITH_KNOTS('',3,(#15033,#15034,#15035,#15036,#15037,
#15038,#15039,#15040,#15041,#15042,#15043,#15044,#15045,#15046,#15047,#15048,
#15049,#15050,#15051,#15052,#15053,#15054),.UNSPECIFIED.,.F.,.F.,(4,2,2,
2,2,2,2,2,2,2,4),(0.647245760969404,0.66760598565766,0.736699260623966,
0.79835102407104,0.848060045054036,0.897769066037031,0.947478087020027,
0.997187108003023,1.0588388714501,1.1279321464164,1.14829237110466),
 .UNSPECIFIED.);
#260=B_SPLINE_CURVE_WITH_KNOTS('',3,(#15056,#15057,#15058,#15059,#15060,
#15061,#15062,#15063,#15064,#15065,#15066,#15067,#15068,#15069,#15070,#15071,
#15072,#15073,#15074,#15075,#15076,#15077),.UNSPECIFIED.,.F.,.F.,(4,2,2,
2,2,2,2,2,2,2,4),(0.64760879908908,0.699358119854813,0.750123344750948,
0.800888569647082,0.848815037370449,0.896741505093816,0.944667972817184,
0.992594440540551,1.04335966543669,1.09412489033282,1.14587421109855),
 .UNSPECIFIED.);
#261=B_SPLINE_CURVE_WITH_KNOTS('',3,(#15087,#15088,#15089,#15090,#15091,
#15092,#15093,#15094,#15095,#15096,#15097,#15098),.UNSPECIFIED.,.F.,.F.,
(4,2,2,2,2,4),(0.647245760969401,0.667605985657659,0.736699260623965,0.798351024071039,
0.848060045054034,0.89776906603703),.UNSPECIFIED.);
#262=B_SPLINE_CURVE_WITH_KNOTS('',3,(#15100,#15101,#15102,#15103,#15104,
#15105,#15106,#15107,#15108,#15109,#15110,#15111),.UNSPECIFIED.,.F.,.F.,
(4,2,2,2,2,4),(0.896741505093816,0.944667972817184,0.992594440540551,1.04335966543669,
1.09412489033282,1.14587421109855),.UNSPECIFIED.);
#263=B_SPLINE_CURVE_WITH_KNOTS('',3,(#15113,#15114,#15115,#15116,#15117,
#15118,#15119,#15120,#15121,#15122,#15123,#15124),.UNSPECIFIED.,.F.,.F.,
(4,2,2,2,2,4),(0.647608799089079,0.699358119854813,0.750123344750947,0.800888569647082,
0.848815037370449,0.896741505093816),.UNSPECIFIED.);
#264=B_SPLINE_CURVE_WITH_KNOTS('',3,(#15127,#15128,#15129,#15130,#15131,
#15132,#15133,#15134,#15135,#15136,#15137,#15138),.UNSPECIFIED.,.F.,.F.,
(4,2,2,2,2,4),(0.89776906603703,0.947478087020026,0.997187108003022,1.0588388714501,
1.1279321464164,1.14829237110466),.UNSPECIFIED.);
#265=B_SPLINE_CURVE_WITH_KNOTS('',3,(#15147,#15148,#15149,#15150,#15151,
#15152,#15153,#15154,#15155,#15156,#15157,#15158,#15159,#15160,#15161,#15162,
#15163,#15164,#15165,#15166,#15167,#15168),.UNSPECIFIED.,.F.,.F.,(4,2,2,
2,2,2,2,2,2,2,4),(0.647245760969402,0.667605985657659,0.736699260623965,
0.798351024071039,0.848060045054035,0.897769066037031,0.947478087020027,
0.997187108003023,1.0588388714501,1.1279321464164,1.14829237110466),
 .UNSPECIFIED.);
#266=B_SPLINE_CURVE_WITH_KNOTS('',3,(#15170,#15171,#15172,#15173,#15174,
#15175,#15176,#15177,#15178,#15179,#15180,#15181,#15182,#15183,#15184,#15185,
#15186,#15187,#15188,#15189,#15190,#15191),.UNSPECIFIED.,.F.,.F.,(4,2,2,
2,2,2,2,2,2,2,4),(0.647608799089078,0.699358119854812,0.750123344750946,
0.80088856964708,0.848815037370448,0.896741505093816,0.944667972817183,
0.99259444054055,1.04335966543668,1.09412489033282,1.14587421109855),
 .UNSPECIFIED.);
#267=B_SPLINE_CURVE_WITH_KNOTS('',3,(#15201,#15202,#15203,#15204,#15205,
#15206,#15207,#15208,#15209,#15210,#15211,#15212,#15213,#15214,#15215,#15216,
#15217,#15218,#15219,#15220,#15221,#15222),.UNSPECIFIED.,.F.,.F.,(4,2,2,
2,2,2,2,2,2,2,4),(0.647608799089077,0.699358119854813,0.750123344750947,
0.800888569647082,0.848815037370449,0.896741505093816,0.944667972817183,
0.992594440540551,1.04335966543668,1.09412489033282,1.14587421109855),
 .UNSPECIFIED.);
#268=B_SPLINE_CURVE_WITH_KNOTS('',3,(#15225,#15226,#15227,#15228,#15229,
#15230,#15231,#15232,#15233,#15234,#15235,#15236,#15237,#15238,#15239,#15240,
#15241,#15242,#15243,#15244,#15245,#15246),.UNSPECIFIED.,.F.,.F.,(4,2,2,
2,2,2,2,2,2,2,4),(0.647245760969402,0.66760598565766,0.736699260623967,
0.79835102407104,0.848060045054035,0.897769066037031,0.947478087020027,
0.997187108003023,1.0588388714501,1.1279321464164,1.14829237110466),
 .UNSPECIFIED.);
#269=B_SPLINE_CURVE_WITH_KNOTS('',3,(#15255,#15256,#15257,#15258,#15259,
#15260,#15261,#15262,#15263,#15264,#15265,#15266,#15267,#15268,#15269,#15270,
#15271,#15272,#15273,#15274,#15275,#15276),.UNSPECIFIED.,.F.,.F.,(4,2,2,
2,2,2,2,2,2,2,4),(0.647608799089079,0.699358119854813,0.750123344750948,
0.800888569647082,0.848815037370449,0.896741505093817,0.944667972817184,
0.992594440540551,1.04335966543669,1.09412489033282,1.14587421109856),
 .UNSPECIFIED.);
#270=B_SPLINE_CURVE_WITH_KNOTS('',3,(#15278,#15279,#15280,#15281,#15282,
#15283,#15284,#15285,#15286,#15287,#15288,#15289,#15290,#15291,#15292,#15293,
#15294,#15295,#15296,#15297,#15298,#15299),.UNSPECIFIED.,.F.,.F.,(4,2,2,
2,2,2,2,2,2,2,4),(0.647245760969405,0.66760598565766,0.736699260623965,
0.798351024071039,0.848060045054035,0.897769066037031,0.947478087020027,
0.997187108003023,1.0588388714501,1.1279321464164,1.14829237110466),
 .UNSPECIFIED.);
#271=B_SPLINE_CURVE_WITH_KNOTS('',3,(#15307,#15308,#15309,#15310,#15311,
#15312,#15313,#15314,#15315,#15316,#15317,#15318,#15319,#15320,#15321,#15322,
#15323,#15324,#15325,#15326,#15327,#15328),.UNSPECIFIED.,.F.,.F.,(4,2,2,
2,2,2,2,2,2,2,4),(-0.448317361188743,-0.39650188020487,-0.344686399220997,
-0.298639761986539,-0.261399221290455,-0.224158680594372,-0.186918139898288,
-0.149677599202204,-0.103630961967747,-0.0518154809838733,0.),
 .UNSPECIFIED.);
#272=B_SPLINE_CURVE_WITH_KNOTS('',3,(#15332,#15333,#15334,#15335,#15336,
#15337,#15338,#15339,#15340,#15341,#15342,#15343,#15344,#15345,#15346,#15347,
#15348,#15349,#15350,#15351,#15352,#15353),.UNSPECIFIED.,.F.,.F.,(4,2,2,
2,2,2,2,2,2,2,4),(-0.444840502004829,-0.369310944303479,-0.331546165452804,
-0.293781386602129,-0.258100818802272,-0.222420251002415,-0.186739683202557,
-0.1510591154027,-0.113294336552025,-0.0755295577013501,0.),
 .UNSPECIFIED.);
#273=B_SPLINE_CURVE_WITH_KNOTS('',3,(#15359,#15360,#15361,#15362,#15363,
#15364,#15365,#15366,#15367,#15368,#15369,#15370),.UNSPECIFIED.,.F.,.F.,
(4,2,2,2,2,4),(-0.222420251002415,-0.186739683202557,-0.1510591154027,-0.113294336552025,
-0.0755295577013499,0.),.UNSPECIFIED.);
#274=B_SPLINE_CURVE_WITH_KNOTS('',3,(#15374,#15375,#15376,#15377,#15378,
#15379,#15380,#15381,#15382,#15383,#15384,#15385,#15386,#15387,#15388,#15389,
#15390,#15391,#15392,#15393,#15394,#15395),.UNSPECIFIED.,.F.,.F.,(4,2,2,
2,2,2,2,2,2,2,4),(-0.444840502004829,-0.369310944303479,-0.331546165452804,
-0.293781386602129,-0.258100818802271,-0.222420251002414,-0.186739683202557,
-0.1510591154027,-0.113294336552025,-0.0755295577013499,0.),
 .UNSPECIFIED.);
#275=B_SPLINE_CURVE_WITH_KNOTS('',3,(#15399,#15400,#15401,#15402,#15403,
#15404,#15405,#15406,#15407,#15408,#15409,#15410,#15411,#15412,#15413,#15414,
#15415,#15416,#15417,#15418,#15419,#15420),.UNSPECIFIED.,.F.,.F.,(4,2,2,
2,2,2,2,2,2,2,4),(-0.444840502004829,-0.36931094430348,-0.331546165452805,
-0.29378138660213,-0.258100818802272,-0.222420251002415,-0.186739683202558,
-0.151059115402701,-0.113294336552026,-0.0755295577013505,0.),
 .UNSPECIFIED.);
#276=B_SPLINE_CURVE_WITH_KNOTS('',3,(#15424,#15425,#15426,#15427,#15428,
#15429,#15430,#15431,#15432,#15433,#15434,#15435,#15436,#15437,#15438,#15439,
#15440,#15441,#15442,#15443,#15444,#15445),.UNSPECIFIED.,.F.,.F.,(4,2,2,
2,2,2,2,2,2,2,4),(-0.444840502004829,-0.369310944303479,-0.331546165452804,
-0.293781386602128,-0.258100818802271,-0.222420251002414,-0.186739683202557,
-0.1510591154027,-0.113294336552025,-0.0755295577013501,0.),
 .UNSPECIFIED.);
#277=B_SPLINE_CURVE_WITH_KNOTS('',3,(#15450,#15451,#15452,#15453,#15454,
#15455,#15456,#15457,#15458,#15459,#15460,#15461,#15462,#15463,#15464,#15465,
#15466,#15467,#15468,#15469,#15470,#15471),.UNSPECIFIED.,.F.,.F.,(4,2,2,
2,2,2,2,2,2,2,4),(-0.444840502004829,-0.369310944303479,-0.331546165452804,
-0.293781386602129,-0.258100818802272,-0.222420251002415,-0.186739683202558,
-0.151059115402701,-0.113294336552026,-0.0755295577013505,0.),
 .UNSPECIFIED.);
#278=B_SPLINE_CURVE_WITH_KNOTS('',3,(#15475,#15476,#15477,#15478,#15479,
#15480,#15481,#15482,#15483,#15484,#15485,#15486,#15487,#15488,#15489,#15490,
#15491,#15492,#15493,#15494,#15495,#15496),.UNSPECIFIED.,.F.,.F.,(4,2,2,
2,2,2,2,2,2,2,4),(-0.444840502004829,-0.369310944303479,-0.331546165452804,
-0.293781386602129,-0.258100818802272,-0.222420251002414,-0.186739683202557,
-0.1510591154027,-0.113294336552025,-0.0755295577013501,0.),
 .UNSPECIFIED.);
#279=B_SPLINE_CURVE_WITH_KNOTS('',3,(#15500,#15501,#15502,#15503,#15504,
#15505,#15506,#15507,#15508,#15509,#15510,#15511,#15512,#15513,#15514,#15515,
#15516,#15517,#15518,#15519,#15520,#15521),.UNSPECIFIED.,.F.,.F.,(4,2,2,
2,2,2,2,2,2,2,4),(-0.44484050200483,-0.36931094430348,-0.331546165452804,
-0.293781386602129,-0.258100818802272,-0.222420251002414,-0.186739683202557,
-0.1510591154027,-0.113294336552025,-0.0755295577013499,0.),
 .UNSPECIFIED.);
#280=B_SPLINE_CURVE_WITH_KNOTS('',3,(#15524,#15525,#15526,#15527,#15528,
#15529,#15530,#15531,#15532,#15533,#15534,#15535),.UNSPECIFIED.,.F.,.F.,
(4,2,2,2,2,4),(-0.444840502004829,-0.369310944303479,-0.331546165452804,
-0.293781386602129,-0.258100818802272,-0.222420251002415),.UNSPECIFIED.);
#281=B_SPLINE_CURVE_WITH_KNOTS('',3,(#15542,#15543,#15544,#15545,#15546,
#15547,#15548,#15549,#15550,#15551,#15552,#15553,#15554,#15555,#15556,#15557,
#15558,#15559,#15560,#15561,#15562,#15563),.UNSPECIFIED.,.F.,.F.,(4,2,2,
2,2,2,2,2,2,2,4),(-0.448317361188743,-0.39650188020487,-0.344686399220997,
-0.29863976198654,-0.261399221290456,-0.224158680594372,-0.186918139898288,
-0.149677599202204,-0.103630961967747,-0.0518154809838733,0.),
 .UNSPECIFIED.);
#282=B_SPLINE_CURVE_WITH_KNOTS('',3,(#15571,#15572,#15573,#15574,#15575,
#15576,#15577,#15578,#15579,#15580,#15581,#15582,#15583,#15584,#15585,#15586,
#15587,#15588,#15589,#15590,#15591,#15592),.UNSPECIFIED.,.F.,.F.,(4,2,2,
2,2,2,2,2,2,2,4),(-0.448317361188743,-0.39650188020487,-0.344686399220997,
-0.29863976198654,-0.261399221290456,-0.224158680594371,-0.186918139898287,
-0.149677599202203,-0.103630961967746,-0.0518154809838728,0.),
 .UNSPECIFIED.);
#283=B_SPLINE_CURVE_WITH_KNOTS('',3,(#15600,#15601,#15602,#15603,#15604,
#15605,#15606,#15607,#15608,#15609,#15610,#15611,#15612,#15613,#15614,#15615,
#15616,#15617,#15618,#15619,#15620,#15621),.UNSPECIFIED.,.F.,.F.,(4,2,2,
2,2,2,2,2,2,2,4),(-0.448317361188745,-0.396501880204872,-0.344686399220999,
-0.29863976198654,-0.261399221290457,-0.224158680594373,-0.186918139898289,
-0.149677599202205,-0.103630961967748,-0.0518154809838738,0.),
 .UNSPECIFIED.);
#284=B_SPLINE_CURVE_WITH_KNOTS('',3,(#15630,#15631,#15632,#15633,#15634,
#15635,#15636,#15637,#15638,#15639,#15640,#15641),.UNSPECIFIED.,.F.,.F.,
(4,2,2,2,2,4),(-0.448317361188743,-0.39650188020487,-0.344686399220996,
-0.298639761986539,-0.261399221290455,-0.224158680594371),.UNSPECIFIED.);
#285=B_SPLINE_CURVE_WITH_KNOTS('',3,(#15643,#15644,#15645,#15646,#15647,
#15648,#15649,#15650,#15651,#15652,#15653,#15654),.UNSPECIFIED.,.F.,.F.,
(4,2,2,2,2,4),(-0.224158680594371,-0.186918139898288,-0.149677599202204,
-0.103630961967747,-0.0518154809838735,-1.11022302462516E-16),
 .UNSPECIFIED.);
#286=B_SPLINE_CURVE_WITH_KNOTS('',3,(#15661,#15662,#15663,#15664,#15665,
#15666,#15667,#15668,#15669,#15670,#15671,#15672,#15673,#15674,#15675,#15676,
#15677,#15678,#15679,#15680,#15681,#15682),.UNSPECIFIED.,.F.,.F.,(4,2,2,
2,2,2,2,2,2,2,4),(-0.448317361188744,-0.396501880204871,-0.344686399220998,
-0.29863976198654,-0.261399221290456,-0.224158680594372,-0.186918139898288,
-0.149677599202205,-0.103630961967748,-0.0518154809838738,0.),
 .UNSPECIFIED.);
#287=B_SPLINE_CURVE_WITH_KNOTS('',3,(#15690,#15691,#15692,#15693,#15694,
#15695,#15696,#15697,#15698,#15699,#15700,#15701,#15702,#15703,#15704,#15705,
#15706,#15707,#15708,#15709,#15710,#15711),.UNSPECIFIED.,.F.,.F.,(4,2,2,
2,2,2,2,2,2,2,4),(-0.448317361188743,-0.39650188020487,-0.344686399220997,
-0.29863976198654,-0.261399221290456,-0.224158680594371,-0.186918139898287,
-0.149677599202203,-0.103630961967746,-0.0518154809838728,0.),
 .UNSPECIFIED.);
#288=B_SPLINE_CURVE_WITH_KNOTS('',3,(#15718,#15719,#15720,#15721,#15722,
#15723,#15724,#15725,#15726,#15727,#15728,#15729,#15730,#15731,#15732,#15733,
#15734,#15735,#15736,#15737,#15738,#15739),.UNSPECIFIED.,.F.,.F.,(4,2,2,
2,2,2,2,2,2,2,4),(-0.448317361188743,-0.39650188020487,-0.344686399220996,
-0.298639761986539,-0.261399221290455,-0.224158680594371,-0.186918139898287,
-0.149677599202203,-0.103630961967746,-0.0518154809838729,0.),
 .UNSPECIFIED.);
#289=B_SPLINE_CURVE_WITH_KNOTS('',3,(#15749,#15750,#15751,#15752,#15753,
#15754,#15755,#15756,#15757,#15758,#15759,#15760,#15761,#15762,#15763,#15764,
#15765,#15766,#15767,#15768,#15769,#15770),.UNSPECIFIED.,.F.,.F.,(4,2,2,
2,2,2,2,2,2,2,4),(0.0497811287524427,0.101530442711094,0.152295664066641,
0.203060885422188,0.250987345630416,0.298913805838644,0.346840266046872,
0.3947667262551,0.445531947610647,0.496297168966195,0.548046482924847),
 .UNSPECIFIED.);
#290=B_SPLINE_CURVE_WITH_KNOTS('',3,(#15774,#15775,#15776,#15777,#15778,
#15779,#15780,#15781,#15782,#15783,#15784,#15785,#15786,#15787,#15788,#15789,
#15790,#15791,#15792,#15793,#15794,#15795),.UNSPECIFIED.,.F.,.F.,(4,2,2,
2,2,2,2,2,2,2,4),(0.0487330502780493,0.0690932749663056,0.138186549932611,
0.199838313379685,0.249547334362681,0.299256355345677,0.348965376328673,
0.398674397311669,0.460326160758742,0.529419435725048,0.549779660413302),
 .UNSPECIFIED.);
#291=B_SPLINE_CURVE_WITH_KNOTS('',3,(#15805,#15806,#15807,#15808,#15809,
#15810,#15811,#15812,#15813,#15814,#15815,#15816,#15817,#15818,#15819,#15820,
#15821,#15822,#15823,#15824,#15825,#15826),.UNSPECIFIED.,.F.,.F.,(4,2,2,
2,2,2,2,2,2,2,4),(0.0497811287524429,0.101530442711095,0.152295664066642,
0.20306088542219,0.250987345630417,0.298913805838645,0.346840266046873,
0.394766726255101,0.445531947610648,0.496297168966195,0.548046482924847),
 .UNSPECIFIED.);
#292=B_SPLINE_CURVE_WITH_KNOTS('',3,(#15828,#15829,#15830,#15831,#15832,
#15833,#15834,#15835,#15836,#15837,#15838,#15839,#15840,#15841,#15842,#15843,
#15844,#15845,#15846,#15847,#15848,#15849),.UNSPECIFIED.,.F.,.F.,(4,2,2,
2,2,2,2,2,2,2,4),(0.0487330502780495,0.0690932749663057,0.138186549932611,
0.199838313379685,0.249547334362681,0.299256355345677,0.348965376328673,
0.398674397311669,0.460326160758742,0.529419435725048,0.549779660413305),
 .UNSPECIFIED.);
#293=B_SPLINE_CURVE_WITH_KNOTS('',3,(#15859,#15860,#15861,#15862,#15863,
#15864,#15865,#15866,#15867,#15868,#15869,#15870,#15871,#15872,#15873,#15874,
#15875,#15876,#15877,#15878,#15879,#15880),.UNSPECIFIED.,.F.,.F.,(4,2,2,
2,2,2,2,2,2,2,4),(0.0497811287524424,0.101530442711095,0.152295664066642,
0.203060885422189,0.250987345630417,0.298913805838645,0.346840266046873,
0.394766726255101,0.445531947610648,0.496297168966195,0.548046482924847),
 .UNSPECIFIED.);
#294=B_SPLINE_CURVE_WITH_KNOTS('',3,(#15882,#15883,#15884,#15885,#15886,
#15887,#15888,#15889,#15890,#15891,#15892,#15893,#15894,#15895,#15896,#15897,
#15898,#15899,#15900,#15901,#15902,#15903),.UNSPECIFIED.,.F.,.F.,(4,2,2,
2,2,2,2,2,2,2,4),(0.04873305027805,0.0690932749663057,0.138186549932611,
0.199838313379685,0.249547334362681,0.299256355345677,0.348965376328672,
0.398674397311668,0.460326160758742,0.529419435725048,0.549779660413303),
 .UNSPECIFIED.);
#295=B_SPLINE_CURVE_WITH_KNOTS('',3,(#15913,#15914,#15915,#15916,#15917,
#15918,#15919,#15920,#15921,#15922,#15923,#15924),.UNSPECIFIED.,.F.,.F.,
(4,2,2,2,2,4),(0.0497811287524414,0.101530442711095,0.152295664066642,0.203060885422189,
0.250987345630417,0.298913805838645),.UNSPECIFIED.);
#296=B_SPLINE_CURVE_WITH_KNOTS('',3,(#15926,#15927,#15928,#15929,#15930,
#15931,#15932,#15933,#15934,#15935,#15936,#15937),.UNSPECIFIED.,.F.,.F.,
(4,2,2,2,2,4),(0.299256355345677,0.348965376328673,0.398674397311668,0.460326160758742,
0.529419435725048,0.549779660413305),.UNSPECIFIED.);
#297=B_SPLINE_CURVE_WITH_KNOTS('',3,(#15939,#15940,#15941,#15942,#15943,
#15944,#15945,#15946,#15947,#15948,#15949,#15950),.UNSPECIFIED.,.F.,.F.,
(4,2,2,2,2,4),(0.0487330502780507,0.0690932749663056,0.138186549932611,
0.199838313379685,0.249547334362681,0.299256355345677),.UNSPECIFIED.);
#298=B_SPLINE_CURVE_WITH_KNOTS('',3,(#15953,#15954,#15955,#15956,#15957,
#15958,#15959,#15960,#15961,#15962,#15963,#15964),.UNSPECIFIED.,.F.,.F.,
(4,2,2,2,2,4),(0.298913805838645,0.346840266046872,0.3947667262551,0.445531947610647,
0.496297168966195,0.548046482924848),.UNSPECIFIED.);
#299=B_SPLINE_CURVE_WITH_KNOTS('',3,(#15973,#15974,#15975,#15976,#15977,
#15978,#15979,#15980,#15981,#15982,#15983,#15984,#15985,#15986,#15987,#15988,
#15989,#15990,#15991,#15992,#15993,#15994),.UNSPECIFIED.,.F.,.F.,(4,2,2,
2,2,2,2,2,2,2,4),(0.0497811287524435,0.101530442711094,0.152295664066641,
0.203060885422188,0.250987345630416,0.298913805838644,0.346840266046872,
0.394766726255101,0.445531947610648,0.496297168966195,0.548046482924845),
 .UNSPECIFIED.);
#300=B_SPLINE_CURVE_WITH_KNOTS('',3,(#15996,#15997,#15998,#15999,#16000,
#16001,#16002,#16003,#16004,#16005,#16006,#16007,#16008,#16009,#16010,#16011,
#16012,#16013,#16014,#16015,#16016,#16017),.UNSPECIFIED.,.F.,.F.,(4,2,2,
2,2,2,2,2,2,2,4),(0.0487330502780504,0.0690932749663051,0.13818654993261,
0.199838313379684,0.24954733436268,0.299256355345676,0.348965376328672,
0.398674397311668,0.460326160758742,0.529419435725048,0.549779660413305),
 .UNSPECIFIED.);
#301=B_SPLINE_CURVE_WITH_KNOTS('',3,(#16027,#16028,#16029,#16030,#16031,
#16032,#16033,#16034,#16035,#16036,#16037,#16038,#16039,#16040,#16041,#16042,
#16043,#16044,#16045,#16046,#16047,#16048),.UNSPECIFIED.,.F.,.F.,(4,2,2,
2,2,2,2,2,2,2,4),(0.0497811287524425,0.101530442711094,0.152295664066641,
0.203060885422189,0.250987345630416,0.298913805838644,0.346840266046872,
0.394766726255099,0.445531947610647,0.496297168966194,0.548046482924845),
 .UNSPECIFIED.);
#302=B_SPLINE_CURVE_WITH_KNOTS('',3,(#16050,#16051,#16052,#16053,#16054,
#16055,#16056,#16057,#16058,#16059,#16060,#16061,#16062,#16063,#16064,#16065,
#16066,#16067,#16068,#16069,#16070,#16071),.UNSPECIFIED.,.F.,.F.,(4,2,2,
2,2,2,2,2,2,2,4),(0.0487330502780503,0.0690932749663057,0.138186549932611,
0.199838313379685,0.249547334362681,0.299256355345677,0.348965376328673,
0.398674397311669,0.460326160758742,0.529419435725048,0.549779660413305),
 .UNSPECIFIED.);
#303=B_SPLINE_CURVE_WITH_KNOTS('',3,(#16081,#16082,#16083,#16084,#16085,
#16086,#16087,#16088,#16089,#16090,#16091,#16092,#16093,#16094,#16095,#16096,
#16097,#16098,#16099,#16100,#16101,#16102),.UNSPECIFIED.,.F.,.F.,(4,2,2,
2,2,2,2,2,2,2,4),(0.0487330502780513,0.0690932749663061,0.138186549932612,
0.199838313379685,0.249547334362681,0.299256355345677,0.348965376328673,
0.398674397311669,0.460326160758743,0.529419435725049,0.549779660413304),
 .UNSPECIFIED.);
#304=B_SPLINE_CURVE_WITH_KNOTS('',3,(#16105,#16106,#16107,#16108,#16109,
#16110,#16111,#16112,#16113,#16114,#16115,#16116,#16117,#16118,#16119,#16120,
#16121,#16122,#16123,#16124,#16125,#16126),.UNSPECIFIED.,.F.,.F.,(4,2,2,
2,2,2,2,2,2,2,4),(0.0497811287524418,0.101530442711094,0.152295664066641,
0.203060885422188,0.250987345630416,0.298913805838644,0.346840266046872,
0.3947667262551,0.445531947610647,0.496297168966194,0.548046482924846),
 .UNSPECIFIED.);
#305=B_SPLINE_CURVE_WITH_KNOTS('',3,(#16135,#16136,#16137,#16138,#16139,
#16140,#16141,#16142,#16143,#16144,#16145,#16146,#16147,#16148,#16149,#16150,
#16151,#16152,#16153,#16154,#16155,#16156),.UNSPECIFIED.,.F.,.F.,(4,2,2,
2,2,2,2,2,2,2,4),(0.0487330502780506,0.0690932749663056,0.138186549932611,
0.199838313379685,0.249547334362681,0.299256355345677,0.348965376328672,
0.398674397311668,0.460326160758742,0.529419435725048,0.549779660413301),
 .UNSPECIFIED.);
#306=B_SPLINE_CURVE_WITH_KNOTS('',3,(#16158,#16159,#16160,#16161,#16162,
#16163,#16164,#16165,#16166,#16167,#16168,#16169,#16170,#16171,#16172,#16173,
#16174,#16175,#16176,#16177,#16178,#16179),.UNSPECIFIED.,.F.,.F.,(4,2,2,
2,2,2,2,2,2,2,4),(0.0497811287524413,0.101530442711095,0.152295664066642,
0.203060885422189,0.250987345630417,0.298913805838645,0.346840266046873,
0.3947667262551,0.445531947610648,0.496297168966195,0.548046482924846),
 .UNSPECIFIED.);
#307=B_SPLINE_CURVE_WITH_KNOTS('',3,(#16187,#16188,#16189,#16190,#16191,
#16192,#16193,#16194,#16195,#16196,#16197,#16198,#16199,#16200,#16201,#16202,
#16203,#16204,#16205,#16206,#16207,#16208),.UNSPECIFIED.,.F.,.F.,(4,2,2,
2,2,2,2,2,2,2,4),(0.,0.0755295491033842,0.113294323655076,0.151059098206768,
0.186739658834004,0.22242021946124,0.258100780088476,0.293781340715712,
0.331546115267404,0.369310889819096,0.444840438922481),.UNSPECIFIED.);
#308=B_SPLINE_CURVE_WITH_KNOTS('',3,(#16212,#16213,#16214,#16215,#16216,
#16217,#16218,#16219,#16220,#16221,#16222,#16223,#16224,#16225,#16226,#16227,
#16228,#16229,#16230,#16231,#16232,#16233),.UNSPECIFIED.,.F.,.F.,(4,2,2,
2,2,2,2,2,2,2,4),(0.,0.0518154809838733,0.103630961967747,0.149677599202204,
0.186918139898288,0.224158680594372,0.261399221290456,0.29863976198654,
0.344686399220997,0.39650188020487,0.448317361188743),.UNSPECIFIED.);
#309=B_SPLINE_CURVE_WITH_KNOTS('',3,(#16239,#16240,#16241,#16242,#16243,
#16244,#16245,#16246,#16247,#16248,#16249,#16250,#16251,#16252,#16253,#16254,
#16255,#16256,#16257,#16258,#16259,#16260),.UNSPECIFIED.,.F.,.F.,(4,2,2,
2,2,2,2,2,2,2,4),(0.,0.0518154809838728,0.103630961967746,0.149677599202203,
0.186918139898287,0.224158680594371,0.261399221290455,0.29863976198654,
0.344686399220997,0.39650188020487,0.448317361188743),.UNSPECIFIED.);
#310=B_SPLINE_CURVE_WITH_KNOTS('',3,(#16264,#16265,#16266,#16267,#16268,
#16269,#16270,#16271,#16272,#16273,#16274,#16275,#16276,#16277,#16278,#16279,
#16280,#16281,#16282,#16283,#16284,#16285),.UNSPECIFIED.,.F.,.F.,(4,2,2,
2,2,2,2,2,2,2,4),(0.,0.0518154809838729,0.103630961967746,0.149677599202203,
0.186918139898287,0.224158680594371,0.261399221290455,0.298639761986539,
0.344686399220997,0.396501880204869,0.448317361188741),.UNSPECIFIED.);
#311=B_SPLINE_CURVE_WITH_KNOTS('',3,(#16289,#16290,#16291,#16292,#16293,
#16294,#16295,#16296,#16297,#16298,#16299,#16300),.UNSPECIFIED.,.F.,.F.,
(4,2,2,2,2,4),(0.,0.0518154809838734,0.103630961967747,0.149677599202204,
0.186918139898288,0.224158680594371),.UNSPECIFIED.);
#312=B_SPLINE_CURVE_WITH_KNOTS('',3,(#16303,#16304,#16305,#16306,#16307,
#16308,#16309,#16310,#16311,#16312,#16313,#16314),.UNSPECIFIED.,.F.,.F.,
(4,2,2,2,2,4),(0.224158680594371,0.261399221290455,0.298639761986539,0.344686399220996,
0.39650188020487,0.448317361188743),.UNSPECIFIED.);
#313=B_SPLINE_CURVE_WITH_KNOTS('',3,(#16318,#16319,#16320,#16321,#16322,
#16323,#16324,#16325,#16326,#16327,#16328,#16329,#16330,#16331,#16332,#16333,
#16334,#16335,#16336,#16337,#16338,#16339),.UNSPECIFIED.,.F.,.F.,(4,2,2,
2,2,2,2,2,2,2,4),(0.,0.0518154809838729,0.103630961967746,0.149677599202203,
0.186918139898287,0.22415868059437,0.261399221290454,0.298639761986538,
0.344686399220996,0.396501880204869,0.448317361188741),.UNSPECIFIED.);
#314=B_SPLINE_CURVE_WITH_KNOTS('',3,(#16343,#16344,#16345,#16346,#16347,
#16348,#16349,#16350,#16351,#16352,#16353,#16354,#16355,#16356,#16357,#16358,
#16359,#16360,#16361,#16362,#16363,#16364),.UNSPECIFIED.,.F.,.F.,(4,2,2,
2,2,2,2,2,2,2,4),(0.,0.0518154809838728,0.103630961967746,0.149677599202203,
0.186918139898287,0.224158680594371,0.261399221290455,0.29863976198654,
0.344686399220997,0.39650188020487,0.448317361188743),.UNSPECIFIED.);
#315=B_SPLINE_CURVE_WITH_KNOTS('',3,(#16368,#16369,#16370,#16371,#16372,
#16373,#16374,#16375,#16376,#16377,#16378,#16379,#16380,#16381,#16382,#16383,
#16384,#16385,#16386,#16387,#16388,#16389),.UNSPECIFIED.,.F.,.F.,(4,2,2,
2,2,2,2,2,2,2,4),(0.,0.0518154809838729,0.103630961967746,0.149677599202203,
0.186918139898287,0.224158680594371,0.261399221290455,0.298639761986539,
0.344686399220996,0.39650188020487,0.448317361188743),.UNSPECIFIED.);
#316=B_SPLINE_CURVE_WITH_KNOTS('',3,(#16393,#16394,#16395,#16396,#16397,
#16398,#16399,#16400,#16401,#16402,#16403,#16404,#16405,#16406,#16407,#16408,
#16409,#16410,#16411,#16412,#16413,#16414),.UNSPECIFIED.,.F.,.F.,(4,2,2,
2,2,2,2,2,2,2,4),(0.,0.0518154809838733,0.103630961967747,0.149677599202204,
0.186918139898288,0.224158680594372,0.261399221290455,0.298639761986539,
0.344686399220996,0.39650188020487,0.448317361188743),.UNSPECIFIED.);
#317=B_SPLINE_CURVE_WITH_KNOTS('',3,(#16422,#16423,#16424,#16425,#16426,
#16427,#16428,#16429,#16430,#16431,#16432,#16433,#16434,#16435,#16436,#16437,
#16438,#16439,#16440,#16441,#16442,#16443),.UNSPECIFIED.,.F.,.F.,(4,2,2,
2,2,2,2,2,2,2,4),(0.,0.0755295491033843,0.113294323655076,0.151059098206769,
0.186739658834005,0.22242021946124,0.258100780088476,0.293781340715712,
0.331546115267404,0.369310889819097,0.444840438922481),.UNSPECIFIED.);
#318=B_SPLINE_CURVE_WITH_KNOTS('',3,(#16451,#16452,#16453,#16454,#16455,
#16456,#16457,#16458,#16459,#16460,#16461,#16462,#16463,#16464,#16465,#16466,
#16467,#16468,#16469,#16470,#16471,#16472),.UNSPECIFIED.,.F.,.F.,(4,2,2,
2,2,2,2,2,2,2,4),(0.,0.0755295491033844,0.113294323655077,0.151059098206769,
0.186739658834005,0.222420219461241,0.258100780088477,0.293781340715713,
0.331546115267405,0.369310889819097,0.444840438922481),.UNSPECIFIED.);
#319=B_SPLINE_CURVE_WITH_KNOTS('',3,(#16481,#16482,#16483,#16484,#16485,
#16486,#16487,#16488,#16489,#16490,#16491,#16492),.UNSPECIFIED.,.F.,.F.,
(4,2,2,2,2,4),(0.,0.0755295491033844,0.113294323655077,0.151059098206769,
0.186739658834005,0.22242021946124),.UNSPECIFIED.);
#320=B_SPLINE_CURVE_WITH_KNOTS('',3,(#16494,#16495,#16496,#16497,#16498,
#16499,#16500,#16501,#16502,#16503,#16504,#16505),.UNSPECIFIED.,.F.,.F.,
(4,2,2,2,2,4),(0.22242021946124,0.258100780088476,0.293781340715712,0.331546115267404,
0.369310889819097,0.444840438922481),.UNSPECIFIED.);
#321=B_SPLINE_CURVE_WITH_KNOTS('',3,(#16512,#16513,#16514,#16515,#16516,
#16517,#16518,#16519,#16520,#16521,#16522,#16523,#16524,#16525,#16526,#16527,
#16528,#16529,#16530,#16531,#16532,#16533),.UNSPECIFIED.,.F.,.F.,(4,2,2,
2,2,2,2,2,2,2,4),(0.,0.0755295491033843,0.113294323655076,0.151059098206769,
0.186739658834004,0.22242021946124,0.258100780088476,0.293781340715712,
0.331546115267404,0.369310889819096,0.444840438922481),.UNSPECIFIED.);
#322=B_SPLINE_CURVE_WITH_KNOTS('',3,(#16541,#16542,#16543,#16544,#16545,
#16546,#16547,#16548,#16549,#16550,#16551,#16552,#16553,#16554,#16555,#16556,
#16557,#16558,#16559,#16560,#16561,#16562),.UNSPECIFIED.,.F.,.F.,(4,2,2,
2,2,2,2,2,2,2,4),(0.,0.0755295491033843,0.113294323655076,0.151059098206769,
0.186739658834005,0.22242021946124,0.258100780088476,0.293781340715712,
0.331546115267404,0.369310889819097,0.444840438922481),.UNSPECIFIED.);
#323=B_SPLINE_CURVE_WITH_KNOTS('',3,(#16570,#16571,#16572,#16573,#16574,
#16575,#16576,#16577,#16578,#16579,#16580,#16581,#16582,#16583,#16584,#16585,
#16586,#16587,#16588,#16589,#16590,#16591),.UNSPECIFIED.,.F.,.F.,(4,2,2,
2,2,2,2,2,2,2,4),(0.,0.0755295491033844,0.113294323655077,0.151059098206769,
0.186739658834005,0.22242021946124,0.258100780088476,0.293781340715712,
0.331546115267404,0.369310889819096,0.444840438922481),.UNSPECIFIED.);
#324=B_SPLINE_CURVE_WITH_KNOTS('',3,(#16597,#16598,#16599,#16600,#16601,
#16602,#16603,#16604,#16605,#16606,#16607,#16608,#16609,#16610,#16611,#16612,
#16613,#16614,#16615,#16616,#16617,#16618),.UNSPECIFIED.,.F.,.F.,(4,2,2,
2,2,2,2,2,2,2,4),(0.,0.0755295491033844,0.113294323655077,0.151059098206769,
0.186739658834004,0.22242021946124,0.258100780088476,0.293781340715712,
0.331546115267404,0.369310889819096,0.44484043892248),.UNSPECIFIED.);
#325=B_SPLINE_CURVE_WITH_KNOTS('',3,(#17130,#17131,#17132,#17133,#17134,
#17135,#17136,#17137,#17138,#17139,#17140,#17141,#17142,#17143),
 .UNSPECIFIED.,.F.,.F.,(4,2,2,2,2,2,4),(-1.09913958962806,-0.987393020243678,
-0.85088411185856,-0.796305655932481,-0.741727200006401,-0.6518390821604,
-0.561950964314398),.UNSPECIFIED.);
#326=B_SPLINE_CURVE_WITH_KNOTS('',3,(#17146,#17147,#17148,#17149,#17150,
#17151,#17152,#17153,#17154,#17155,#17156,#17157,#17158,#17159),
 .UNSPECIFIED.,.F.,.F.,(4,2,2,2,2,2,4),(-0.561950964314398,-0.472062846468396,
-0.382174728622394,-0.327596272696315,-0.273017816770235,-0.136508908385117,
-0.0247623390007342),.UNSPECIFIED.);
#327=B_SPLINE_CURVE_WITH_KNOTS('',3,(#17162,#17163,#17164,#17165,#17166,
#17167,#17168,#17169,#17170,#17171,#17172,#17173,#17174,#17175,#17176,#17177,
#17178,#17179,#17180,#17181,#17182,#17183,#17184,#17185,#17186,#17187,#17188,
#17189,#17190,#17191,#17192,#17193,#17194,#17195,#17196,#17197,#17198,#17199),
 .UNSPECIFIED.,.T.,.F.,(4,2,2,2,2,2,2,2,2,2,2,2,2,2,2,2,2,2,4),(0.,0.0937087008125096,
0.187417401625019,0.289349457183074,0.391281512741129,0.517057209508505,
0.642832906275881,0.743835923012548,0.794337431380881,0.844838939749214,
0.895340448117548,0.945841956485881,1.04684497322255,1.17262066998992,1.2983963667573,
1.40032842231535,1.50226047787341,1.59596917868592,1.68967787949843),
 .UNSPECIFIED.);
#328=B_SPLINE_CURVE_WITH_KNOTS('',3,(#17213,#17214,#17215,#17216,#17217,
#17218,#17219,#17220,#17221,#17222,#17223,#17224,#17225,#17226),
 .UNSPECIFIED.,.F.,.F.,(4,2,2,2,2,2,4),(-1.09913958962806,-0.987393020243679,
-0.850884111858561,-0.796305655932481,-0.741727200006402,-0.6518390821604,
-0.561950964314398),.UNSPECIFIED.);
#329=B_SPLINE_CURVE_WITH_KNOTS('',3,(#17229,#17230,#17231,#17232,#17233,
#17234,#17235,#17236,#17237,#17238,#17239,#17240,#17241,#17242),
 .UNSPECIFIED.,.F.,.F.,(4,2,2,2,2,2,4),(-0.561950964314398,-0.472062846468396,
-0.382174728622394,-0.327596272696315,-0.273017816770236,-0.136508908385118,
-0.0247623390007343),.UNSPECIFIED.);
#330=B_SPLINE_CURVE_WITH_KNOTS('',3,(#17246,#17247,#17248,#17249,#17250,
#17251,#17252,#17253,#17254,#17255,#17256,#17257,#17258,#17259,#17260,#17261,
#17262,#17263,#17264,#17265),.UNSPECIFIED.,.F.,.F.,(4,2,2,2,2,2,2,2,2,4),
(0.,0.0505015083683333,0.101003016736667,0.202006033473333,0.327781730240709,
0.453557427008085,0.55548948256614,0.657421538124195,0.751130238936705,
0.844838939749214),.UNSPECIFIED.);
#331=B_SPLINE_CURVE_WITH_KNOTS('',3,(#17266,#17267,#17268,#17269,#17270,
#17271,#17272,#17273,#17274,#17275,#17276,#17277,#17278,#17279,#17280,#17281,
#17282,#17283,#17284,#17285),.UNSPECIFIED.,.F.,.F.,(4,2,2,2,2,2,2,2,2,4),
(0.844838939749214,0.938547640561724,1.03225634137423,1.13418839693229,
1.23612045249034,1.36189614925772,1.4876718460251,1.58867486276176,1.6391763711301,
1.68967787949843),.UNSPECIFIED.);
#332=B_SPLINE_CURVE_WITH_KNOTS('',3,(#17298,#17299,#17300,#17301,#17302,
#17303,#17304,#17305,#17306,#17307,#17308,#17309,#17310,#17311,#17312,#17313,
#17314,#17315,#17316,#17317,#17318,#17319,#17320,#17321,#17322,#17323,#17324,
#17325,#17326,#17327,#17328,#17329,#17330,#17331,#17332,#17333,#17334,#17335),
 .UNSPECIFIED.,.T.,.F.,(4,2,2,2,2,2,2,2,2,2,2,2,2,2,2,2,2,2,4),(0.,0.0937087008125096,
0.187417401625019,0.289349457183074,0.391281512741129,0.517057209508505,
0.642832906275881,0.743835923012548,0.794337431380881,0.844838939749214,
0.895340448117548,0.945841956485881,1.04684497322255,1.17262066998992,1.2983963667573,
1.40032842231535,1.50226047787341,1.59596917868592,1.68967787949843),
 .UNSPECIFIED.);
#333=B_SPLINE_CURVE_WITH_KNOTS('',3,(#17339,#17340,#17341,#17342,#17343,
#17344,#17345,#17346,#17347,#17348,#17349,#17350,#17351,#17352),
 .UNSPECIFIED.,.F.,.F.,(4,2,2,2,2,2,4),(0.0247623390007343,0.136508908385118,
0.273017816770236,0.327596272696315,0.382174728622394,0.472062846468396,
0.561950964314398),.UNSPECIFIED.);
#334=B_SPLINE_CURVE_WITH_KNOTS('',3,(#17355,#17356,#17357,#17358,#17359,
#17360,#17361,#17362,#17363,#17364,#17365,#17366,#17367,#17368),
 .UNSPECIFIED.,.F.,.F.,(4,2,2,2,2,2,4),(0.561950964314398,0.6518390821604,
0.741727200006402,0.796305655932481,0.850884111858561,0.987393020243678,
1.09913958962806),.UNSPECIFIED.);
#335=B_SPLINE_CURVE_WITH_KNOTS('',3,(#17374,#17375,#17376,#17377,#17378,
#17379,#17380,#17381,#17382,#17383,#17384,#17385,#17386,#17387),
 .UNSPECIFIED.,.F.,.F.,(4,2,2,2,2,2,4),(1.68585289294319,1.7757410107892,
1.8656291286352,1.92020758456128,1.97478604048736,2.11129494887247,2.22304151825686),
 .UNSPECIFIED.);
#336=B_SPLINE_CURVE_WITH_KNOTS('',3,(#17390,#17391,#17392,#17393,#17394,
#17395,#17396,#17397,#17398,#17399,#17400,#17401,#17402,#17403,#17404,#17405,
#17406,#17407,#17408,#17409,#17410,#17411,#17412,#17413,#17414,#17415,#17416,
#17417,#17418,#17419,#17420,#17421,#17422,#17423,#17424,#17425,#17426,#17427),
 .UNSPECIFIED.,.T.,.F.,(4,2,2,2,2,2,2,2,2,2,2,2,2,2,2,2,2,2,4),(0.,0.0937087008125096,
0.187417401625019,0.289349457183074,0.391281512741129,0.517057209508505,
0.642832906275882,0.743835923012548,0.794337431380881,0.844838939749214,
0.895340448117548,0.945841956485881,1.04684497322255,1.17262066998992,1.2983963667573,
1.40032842231535,1.50226047787341,1.59596917868592,1.68967787949843),
 .UNSPECIFIED.);
#337=B_SPLINE_CURVE_WITH_KNOTS('',3,(#17428,#17429,#17430,#17431,#17432,
#17433,#17434,#17435,#17436,#17437,#17438,#17439,#17440,#17441),
 .UNSPECIFIED.,.F.,.F.,(4,2,2,2,2,2,4),(1.14866426762953,1.26041083701391,
1.39691974539903,1.45149820132511,1.50607665725119,1.59596477509719,1.68585289294319),
 .UNSPECIFIED.);
#338=SPHERICAL_SURFACE('',#10145,1.5);
#339=SPHERICAL_SURFACE('',#10147,1.5);
#340=SPHERICAL_SURFACE('',#10149,1.5);
#341=SPHERICAL_SURFACE('',#10151,1.5);
#342=SPHERICAL_SURFACE('',#10153,1.5);
#343=SPHERICAL_SURFACE('',#10155,1.5);
#344=SPHERICAL_SURFACE('',#10157,1.5);
#345=SPHERICAL_SURFACE('',#10159,1.5);
#346=SPHERICAL_SURFACE('',#10161,2.);
#347=SPHERICAL_SURFACE('',#10168,2.);
#348=SPHERICAL_SURFACE('',#10174,2.);
#349=SPHERICAL_SURFACE('',#10180,2.);
#350=SPHERICAL_SURFACE('',#10186,2.);
#351=SPHERICAL_SURFACE('',#10192,2.);
#352=SPHERICAL_SURFACE('',#10198,2.);
#353=SPHERICAL_SURFACE('',#10204,2.);
#354=SPHERICAL_SURFACE('',#10209,1.5);
#355=SPHERICAL_SURFACE('',#10224,1.5);
#356=SPHERICAL_SURFACE('',#10229,1.5);
#357=SPHERICAL_SURFACE('',#10234,1.5);
#358=SPHERICAL_SURFACE('',#10239,1.5);
#359=SPHERICAL_SURFACE('',#10244,1.5);
#360=SPHERICAL_SURFACE('',#10249,1.5);
#361=SPHERICAL_SURFACE('',#10256,1.5);
#362=SPHERICAL_SURFACE('',#10259,2.);
#363=SPHERICAL_SURFACE('',#10266,2.);
#364=SPHERICAL_SURFACE('',#10272,2.);
#365=SPHERICAL_SURFACE('',#10278,2.);
#366=SPHERICAL_SURFACE('',#10284,2.);
#367=SPHERICAL_SURFACE('',#10290,2.);
#368=SPHERICAL_SURFACE('',#10296,2.);
#369=SPHERICAL_SURFACE('',#10302,2.);
#370=SPHERICAL_SURFACE('',#10307,1.5);
#371=SPHERICAL_SURFACE('',#10322,1.5);
#372=SPHERICAL_SURFACE('',#10327,1.5);
#373=SPHERICAL_SURFACE('',#10332,1.5);
#374=SPHERICAL_SURFACE('',#10337,1.5);
#375=SPHERICAL_SURFACE('',#10342,1.5);
#376=SPHERICAL_SURFACE('',#10347,1.5);
#377=SPHERICAL_SURFACE('',#10354,1.5);
#378=TOROIDAL_SURFACE('',#10075,3.7,0.3);
#379=TOROIDAL_SURFACE('',#10125,5.25,1.5);
#380=TOROIDAL_SURFACE('',#10130,5.25,1.5);
#381=CONICAL_SURFACE('',#9739,0.75,1.02974425867665);
#382=CONICAL_SURFACE('',#10069,2.375,0.785398163397448);
#383=SHAPE_REPRESENTATION_RELATIONSHIP('SRR','None',#17816,#400);
#384=SHAPE_REPRESENTATION_RELATIONSHIP('SRR','None',#17817,#401);
#385=SHAPE_REPRESENTATION_RELATIONSHIP('SRR','None',#17818,#402);
#386=SHAPE_REPRESENTATION_RELATIONSHIP('SRR','None',#17821,#403);
#387=SHAPE_REPRESENTATION_RELATIONSHIP('SRR','None',#17822,#404);
#388=SHAPE_REPRESENTATION_RELATIONSHIP('SRR','None',#17823,#405);
#389=SHAPE_REPRESENTATION_RELATIONSHIP('SRR','None',#17824,#406);
#390=SHAPE_REPRESENTATION_RELATIONSHIP('SRR','None',#17825,#407);
#391=SHAPE_REPRESENTATION_RELATIONSHIP('SRR','None',#17826,#408);
#392=SHAPE_REPRESENTATION_RELATIONSHIP('SRR','None',#17827,#409);
#393=SHAPE_REPRESENTATION_RELATIONSHIP('SRR','None',#17829,#410);
#394=SHAPE_REPRESENTATION_RELATIONSHIP('SRR','None',#17830,#411);
#395=SHAPE_REPRESENTATION_RELATIONSHIP('SRR','None',#17831,#412);
#396=SHAPE_REPRESENTATION_RELATIONSHIP('SRR','None',#17832,#413);
#397=SHAPE_REPRESENTATION_RELATIONSHIP('SRR','None',#17833,#414);
#398=SHAPE_REPRESENTATION_RELATIONSHIP('SRR','None',#17834,#415);
#399=SHAPE_REPRESENTATION_RELATIONSHIP('SRR','None',#17835,#416);
#400=ADVANCED_BREP_SHAPE_REPRESENTATION('',(#446),#17678);
#401=ADVANCED_BREP_SHAPE_REPRESENTATION('',(#447),#17679);
#402=ADVANCED_BREP_SHAPE_REPRESENTATION('',(#448),#17680);
#403=ADVANCED_BREP_SHAPE_REPRESENTATION('',(#449),#17683);
#404=ADVANCED_BREP_SHAPE_REPRESENTATION('',(#450),#17684);
#405=ADVANCED_BREP_SHAPE_REPRESENTATION('',(#451),#17685);
#406=ADVANCED_BREP_SHAPE_REPRESENTATION('',(#452),#17686);
#407=ADVANCED_BREP_SHAPE_REPRESENTATION('',(#453),#17687);
#408=ADVANCED_BREP_SHAPE_REPRESENTATION('',(#454),#17688);
#409=ADVANCED_BREP_SHAPE_REPRESENTATION('',(#455,#456,#457,#458,#459,#460,
#461,#462,#463,#464,#465,#466),#17689);
#410=ADVANCED_BREP_SHAPE_REPRESENTATION('',(#467),#17691);
#411=ADVANCED_BREP_SHAPE_REPRESENTATION('',(#468),#17692);
#412=ADVANCED_BREP_SHAPE_REPRESENTATION('',(#469),#17693);
#413=ADVANCED_BREP_SHAPE_REPRESENTATION('',(#470),#17694);
#414=ADVANCED_BREP_SHAPE_REPRESENTATION('',(#471),#17695);
#415=ADVANCED_BREP_SHAPE_REPRESENTATION('',(#472),#17696);
#416=ADVANCED_BREP_SHAPE_REPRESENTATION('',(#473),#17697);
#417=STYLED_ITEM('',(#17944),#446);
#418=STYLED_ITEM('',(#17940),#447);
#419=STYLED_ITEM('',(#17940),#448);
#420=STYLED_ITEM('',(#17941),#449);
#421=STYLED_ITEM('',(#17942),#450);
#422=STYLED_ITEM('',(#17941),#451);
#423=STYLED_ITEM('',(#17940),#452);
#424=STYLED_ITEM('',(#17943),#453);
#425=STYLED_ITEM('',(#17940),#454);
#426=STYLED_ITEM('',(#17940),#455);
#427=STYLED_ITEM('',(#17940),#456);
#428=STYLED_ITEM('',(#17940),#457);
#429=STYLED_ITEM('',(#17940),#458);
#430=STYLED_ITEM('',(#17940),#459);
#431=STYLED_ITEM('',(#17940),#460);
#432=STYLED_ITEM('',(#17940),#461);
#433=STYLED_ITEM('',(#17940),#462);
#434=STYLED_ITEM('',(#17940),#463);
#435=STYLED_ITEM('',(#17940),#464);
#436=STYLED_ITEM('',(#17940),#465);
#437=STYLED_ITEM('',(#17940),#466);
#438=STYLED_ITEM('',(#17940),#467);
#439=STYLED_ITEM('',(#17940),#468);
#440=STYLED_ITEM('',(#17940),#469);
#441=STYLED_ITEM('',(#17940),#470);
#442=STYLED_ITEM('',(#17940),#471);
#443=STYLED_ITEM('',(#17940),#472);
#444=STYLED_ITEM('',(#17940),#473);
#445=STYLED_ITEM('',(#17945),#19);
#446=MANIFOLD_SOLID_BREP('Body1',#9476);
#447=MANIFOLD_SOLID_BREP('Body1',#9477);
#448=MANIFOLD_SOLID_BREP('Body1',#9478);
#449=MANIFOLD_SOLID_BREP('Body1',#9479);
#450=MANIFOLD_SOLID_BREP('Body1',#9480);
#451=MANIFOLD_SOLID_BREP('Body1',#9481);
#452=MANIFOLD_SOLID_BREP('Body1',#9482);
#453=MANIFOLD_SOLID_BREP('Body1',#9483);
#454=MANIFOLD_SOLID_BREP('Body2',#9484);
#455=MANIFOLD_SOLID_BREP('Body1',#9485);
#456=MANIFOLD_SOLID_BREP('Body2',#9486);
#457=MANIFOLD_SOLID_BREP('Body3',#9487);
#458=MANIFOLD_SOLID_BREP('Body4',#9488);
#459=MANIFOLD_SOLID_BREP('Body5',#9489);
#460=MANIFOLD_SOLID_BREP('Body6',#9490);
#461=MANIFOLD_SOLID_BREP('Body7',#9491);
#462=MANIFOLD_SOLID_BREP('Body8',#9492);
#463=MANIFOLD_SOLID_BREP('Body9',#9493);
#464=MANIFOLD_SOLID_BREP('Body10',#9494);
#465=MANIFOLD_SOLID_BREP('Body11',#9495);
#466=MANIFOLD_SOLID_BREP('Body12',#9496);
#467=MANIFOLD_SOLID_BREP('Body1',#9497);
#468=MANIFOLD_SOLID_BREP('Body1',#9498);
#469=MANIFOLD_SOLID_BREP('Body1',#9499);
#470=MANIFOLD_SOLID_BREP('Body1',#9500);
#471=MANIFOLD_SOLID_BREP('Body1',#9501);
#472=MANIFOLD_SOLID_BREP('Body1',#9502);
#473=MANIFOLD_SOLID_BREP('Body1',#9503);
#474=FACE_BOUND('',#1468,.T.);
#475=FACE_BOUND('',#1470,.T.);
#476=FACE_BOUND('',#1480,.T.);
#477=FACE_BOUND('',#1481,.T.);
#478=FACE_BOUND('',#1482,.T.);
#479=FACE_BOUND('',#1484,.T.);
#480=FACE_BOUND('',#1485,.T.);
#481=FACE_BOUND('',#1486,.T.);
#482=FACE_BOUND('',#1493,.T.);
#483=FACE_BOUND('',#1494,.T.);
#484=FACE_BOUND('',#1495,.T.);
#485=FACE_BOUND('',#1496,.T.);
#486=FACE_BOUND('',#1498,.T.);
#487=FACE_BOUND('',#1499,.T.);
#488=FACE_BOUND('',#1500,.T.);
#489=FACE_BOUND('',#1501,.T.);
#490=FACE_BOUND('',#1505,.T.);
#491=FACE_BOUND('',#1512,.T.);
#492=FACE_BOUND('',#1515,.T.);
#493=FACE_BOUND('',#1518,.T.);
#494=FACE_BOUND('',#1521,.T.);
#495=FACE_BOUND('',#1524,.T.);
#496=FACE_BOUND('',#1539,.T.);
#497=FACE_BOUND('',#1540,.T.);
#498=FACE_BOUND('',#1541,.T.);
#499=FACE_BOUND('',#1542,.T.);
#500=FACE_BOUND('',#1543,.T.);
#501=FACE_BOUND('',#1544,.T.);
#502=FACE_BOUND('',#1545,.T.);
#503=FACE_BOUND('',#1546,.T.);
#504=FACE_BOUND('',#1547,.T.);
#505=FACE_BOUND('',#1553,.T.);
#506=FACE_BOUND('',#1554,.T.);
#507=FACE_BOUND('',#1555,.T.);
#508=FACE_BOUND('',#1556,.T.);
#509=FACE_BOUND('',#1557,.T.);
#510=FACE_BOUND('',#1558,.T.);
#511=FACE_BOUND('',#1559,.T.);
#512=FACE_BOUND('',#1560,.T.);
#513=FACE_BOUND('',#1561,.T.);
#514=FACE_BOUND('',#1562,.T.);
#515=FACE_BOUND('',#1563,.T.);
#516=FACE_BOUND('',#1591,.T.);
#517=FACE_BOUND('',#1592,.T.);
#518=FACE_BOUND('',#1593,.T.);
#519=FACE_BOUND('',#1594,.T.);
#520=FACE_BOUND('',#1595,.T.);
#521=FACE_BOUND('',#1596,.T.);
#522=FACE_BOUND('',#1597,.T.);
#523=FACE_BOUND('',#1651,.T.);
#524=FACE_BOUND('',#1652,.T.);
#525=FACE_BOUND('',#1653,.T.);
#526=FACE_BOUND('',#1654,.T.);
#527=FACE_BOUND('',#1661,.T.);
#528=FACE_BOUND('',#1662,.T.);
#529=FACE_BOUND('',#1663,.T.);
#530=FACE_BOUND('',#1664,.T.);
#531=FACE_BOUND('',#1676,.T.);
#532=FACE_BOUND('',#1677,.T.);
#533=FACE_BOUND('',#1678,.T.);
#534=FACE_BOUND('',#1679,.T.);
#535=FACE_BOUND('',#1686,.T.);
#536=FACE_BOUND('',#1687,.T.);
#537=FACE_BOUND('',#1688,.T.);
#538=FACE_BOUND('',#1689,.T.);
#539=FACE_BOUND('',#1749,.T.);
#540=FACE_BOUND('',#1750,.T.);
#541=FACE_BOUND('',#1751,.T.);
#542=FACE_BOUND('',#1752,.T.);
#543=FACE_BOUND('',#1757,.T.);
#544=FACE_BOUND('',#1758,.T.);
#545=FACE_BOUND('',#1759,.T.);
#546=FACE_BOUND('',#1760,.T.);
#547=FACE_BOUND('',#1761,.T.);
#548=FACE_BOUND('',#1762,.T.);
#549=FACE_BOUND('',#1763,.T.);
#550=FACE_BOUND('',#1768,.T.);
#551=FACE_BOUND('',#1769,.T.);
#552=FACE_BOUND('',#1770,.T.);
#553=FACE_BOUND('',#1771,.T.);
#554=FACE_BOUND('',#1774,.T.);
#555=FACE_BOUND('',#1777,.T.);
#556=FACE_BOUND('',#1780,.T.);
#557=FACE_BOUND('',#1783,.T.);
#558=FACE_BOUND('',#1794,.T.);
#559=FACE_BOUND('',#1795,.T.);
#560=FACE_BOUND('',#1796,.T.);
#561=FACE_BOUND('',#1797,.T.);
#562=FACE_BOUND('',#1798,.T.);
#563=FACE_BOUND('',#1799,.T.);
#564=FACE_BOUND('',#1800,.T.);
#565=FACE_BOUND('',#1806,.T.);
#566=FACE_BOUND('',#1807,.T.);
#567=FACE_BOUND('',#1808,.T.);
#568=FACE_BOUND('',#1809,.T.);
#569=FACE_BOUND('',#1810,.T.);
#570=FACE_BOUND('',#1817,.T.);
#571=FACE_BOUND('',#1826,.T.);
#572=FACE_BOUND('',#1833,.T.);
#573=FACE_BOUND('',#1834,.T.);
#574=FACE_BOUND('',#1835,.T.);
#575=FACE_BOUND('',#1844,.T.);
#576=FACE_BOUND('',#1845,.T.);
#577=FACE_BOUND('',#1846,.T.);
#578=FACE_BOUND('',#1848,.T.);
#579=FACE_BOUND('',#1851,.T.);
#580=FACE_BOUND('',#1858,.T.);
#581=FACE_BOUND('',#1861,.T.);
#582=FACE_BOUND('',#1998,.T.);
#583=FACE_BOUND('',#2007,.T.);
#584=FACE_BOUND('',#2020,.T.);
#585=FACE_BOUND('',#2041,.T.);
#586=FACE_BOUND('',#2042,.T.);
#587=FACE_BOUND('',#2043,.T.);
#588=FACE_BOUND('',#2044,.T.);
#589=FACE_BOUND('',#2068,.T.);
#590=FACE_BOUND('',#2069,.T.);
#591=FACE_BOUND('',#2070,.T.);
#592=FACE_BOUND('',#2072,.T.);
#593=FACE_BOUND('',#2073,.T.);
#594=FACE_BOUND('',#2074,.T.);
#595=FACE_BOUND('',#2075,.T.);
#596=FACE_BOUND('',#2078,.T.);
#597=FACE_BOUND('',#2079,.T.);
#598=FACE_BOUND('',#2080,.T.);
#599=FACE_BOUND('',#2081,.T.);
#600=FACE_BOUND('',#2084,.T.);
#601=FACE_BOUND('',#2085,.T.);
#602=FACE_BOUND('',#2086,.T.);
#603=FACE_BOUND('',#2092,.T.);
#604=FACE_BOUND('',#2095,.T.);
#605=PLANE('',#9704);
#606=PLANE('',#9705);
#607=PLANE('',#9728);
#608=PLANE('',#9729);
#609=PLANE('',#9730);
#610=PLANE('',#9731);
#611=PLANE('',#9732);
#612=PLANE('',#9733);
#613=PLANE('',#9734);
#614=PLANE('',#9735);
#615=PLANE('',#9736);
#616=PLANE('',#9737);
#617=PLANE('',#9744);
#618=PLANE('',#9745);
#619=PLANE('',#9746);
#620=PLANE('',#9747);
#621=PLANE('',#9748);
#622=PLANE('',#9749);
#623=PLANE('',#9750);
#624=PLANE('',#9757);
#625=PLANE('',#9762);
#626=PLANE('',#9767);
#627=PLANE('',#9772);
#628=PLANE('',#9789);
#629=PLANE('',#9793);
#630=PLANE('',#9805);
#631=PLANE('',#9806);
#632=PLANE('',#9807);
#633=PLANE('',#9808);
#634=PLANE('',#9809);
#635=PLANE('',#9810);
#636=PLANE('',#9818);
#637=PLANE('',#9825);
#638=PLANE('',#9832);
#639=PLANE('',#9839);
#640=PLANE('',#9846);
#641=PLANE('',#9853);
#642=PLANE('',#9860);
#643=PLANE('',#9867);
#644=PLANE('',#9868);
#645=PLANE('',#9869);
#646=PLANE('',#9870);
#647=PLANE('',#9875);
#648=PLANE('',#9876);
#649=PLANE('',#9877);
#650=PLANE('',#9878);
#651=PLANE('',#9879);
#652=PLANE('',#9880);
#653=PLANE('',#9881);
#654=PLANE('',#9882);
#655=PLANE('',#9883);
#656=PLANE('',#9884);
#657=PLANE('',#9885);
#658=PLANE('',#9886);
#659=PLANE('',#9887);
#660=PLANE('',#9888);
#661=PLANE('',#9889);
#662=PLANE('',#9890);
#663=PLANE('',#9891);
#664=PLANE('',#9892);
#665=PLANE('',#9893);
#666=PLANE('',#9894);
#667=PLANE('',#9895);
#668=PLANE('',#9896);
#669=PLANE('',#9897);
#670=PLANE('',#9898);
#671=PLANE('',#9899);
#672=PLANE('',#9900);
#673=PLANE('',#9901);
#674=PLANE('',#9902);
#675=PLANE('',#9903);
#676=PLANE('',#9904);
#677=PLANE('',#9905);
#678=PLANE('',#9906);
#679=PLANE('',#9907);
#680=PLANE('',#9908);
#681=PLANE('',#9909);
#682=PLANE('',#9910);
#683=PLANE('',#9911);
#684=PLANE('',#9912);
#685=PLANE('',#9921);
#686=PLANE('',#9922);
#687=PLANE('',#9923);
#688=PLANE('',#9924);
#689=PLANE('',#9925);
#690=PLANE('',#9926);
#691=PLANE('',#9927);
#692=PLANE('',#9928);
#693=PLANE('',#9929);
#694=PLANE('',#9930);
#695=PLANE('',#9931);
#696=PLANE('',#9932);
#697=PLANE('',#9933);
#698=PLANE('',#9934);
#699=PLANE('',#9935);
#700=PLANE('',#9936);
#701=PLANE('',#9937);
#702=PLANE('',#9938);
#703=PLANE('',#9939);
#704=PLANE('',#9940);
#705=PLANE('',#9941);
#706=PLANE('',#9942);
#707=PLANE('',#9943);
#708=PLANE('',#9944);
#709=PLANE('',#9945);
#710=PLANE('',#9946);
#711=PLANE('',#9947);
#712=PLANE('',#9948);
#713=PLANE('',#9949);
#714=PLANE('',#9950);
#715=PLANE('',#9951);
#716=PLANE('',#9952);
#717=PLANE('',#9953);
#718=PLANE('',#9954);
#719=PLANE('',#9955);
#720=PLANE('',#9956);
#721=PLANE('',#9957);
#722=PLANE('',#9958);
#723=PLANE('',#9959);
#724=PLANE('',#9960);
#725=PLANE('',#9961);
#726=PLANE('',#9962);
#727=PLANE('',#9963);
#728=PLANE('',#9964);
#729=PLANE('',#9965);
#730=PLANE('',#9966);
#731=PLANE('',#9967);
#732=PLANE('',#9968);
#733=PLANE('',#9969);
#734=PLANE('',#9970);
#735=PLANE('',#9971);
#736=PLANE('',#9972);
#737=PLANE('',#9973);
#738=PLANE('',#9974);
#739=PLANE('',#9975);
#740=PLANE('',#9976);
#741=PLANE('',#9977);
#742=PLANE('',#9978);
#743=PLANE('',#9979);
#744=PLANE('',#9980);
#745=PLANE('',#9981);
#746=PLANE('',#9982);
#747=PLANE('',#9983);
#748=PLANE('',#9984);
#749=PLANE('',#9985);
#750=PLANE('',#9986);
#751=PLANE('',#9987);
#752=PLANE('',#9988);
#753=PLANE('',#9989);
#754=PLANE('',#9990);
#755=PLANE('',#9991);
#756=PLANE('',#9992);
#757=PLANE('',#9993);
#758=PLANE('',#9994);
#759=PLANE('',#9995);
#760=PLANE('',#9996);
#761=PLANE('',#9997);
#762=PLANE('',#9998);
#763=PLANE('',#9999);
#764=PLANE('',#10000);
#765=PLANE('',#10001);
#766=PLANE('',#10002);
#767=PLANE('',#10003);
#768=PLANE('',#10004);
#769=PLANE('',#10005);
#770=PLANE('',#10006);
#771=PLANE('',#10007);
#772=PLANE('',#10008);
#773=PLANE('',#10009);
#774=PLANE('',#10010);
#775=PLANE('',#10011);
#776=PLANE('',#10012);
#777=PLANE('',#10013);
#778=PLANE('',#10014);
#779=PLANE('',#10015);
#780=PLANE('',#10016);
#781=PLANE('',#10017);
#782=PLANE('',#10018);
#783=PLANE('',#10019);
#784=PLANE('',#10020);
#785=PLANE('',#10021);
#786=PLANE('',#10026);
#787=PLANE('',#10031);
#788=PLANE('',#10036);
#789=PLANE('',#10041);
#790=PLANE('',#10046);
#791=PLANE('',#10050);
#792=PLANE('',#10062);
#793=PLANE('',#10063);
#794=PLANE('',#10064);
#795=PLANE('',#10065);
#796=PLANE('',#10066);
#797=PLANE('',#10067);
#798=PLANE('',#10074);
#799=PLANE('',#10081);
#800=PLANE('',#10082);
#801=PLANE('',#10083);
#802=PLANE('',#10084);
#803=PLANE('',#10085);
#804=PLANE('',#10086);
#805=PLANE('',#10087);
#806=PLANE('',#10088);
#807=PLANE('',#10089);
#808=PLANE('',#10094);
#809=PLANE('',#10095);
#810=PLANE('',#10097);
#811=PLANE('',#10098);
#812=PLANE('',#10099);
#813=PLANE('',#10109);
#814=PLANE('',#10110);
#815=PLANE('',#10111);
#816=PLANE('',#10112);
#817=PLANE('',#10113);
#818=PLANE('',#10115);
#819=PLANE('',#10120);
#820=PLANE('',#10138);
#821=PLANE('',#10142);
#822=PLANE('',#10164);
#823=PLANE('',#10170);
#824=PLANE('',#10176);
#825=PLANE('',#10182);
#826=PLANE('',#10188);
#827=PLANE('',#10194);
#828=PLANE('',#10200);
#829=PLANE('',#10206);
#830=PLANE('',#10221);
#831=PLANE('',#10226);
#832=PLANE('',#10231);
#833=PLANE('',#10236);
#834=PLANE('',#10241);
#835=PLANE('',#10246);
#836=PLANE('',#10254);
#837=PLANE('',#10258);
#838=PLANE('',#10262);
#839=PLANE('',#10268);
#840=PLANE('',#10274);
#841=PLANE('',#10280);
#842=PLANE('',#10286);
#843=PLANE('',#10292);
#844=PLANE('',#10298);
#845=PLANE('',#10304);
#846=PLANE('',#10319);
#847=PLANE('',#10324);
#848=PLANE('',#10329);
#849=PLANE('',#10334);
#850=PLANE('',#10339);
#851=PLANE('',#10344);
#852=PLANE('',#10352);
#853=PLANE('',#10356);
#854=PLANE('',#10387);
#855=PLANE('',#10388);
#856=PLANE('',#10389);
#857=PLANE('',#10390);
#858=PLANE('',#10391);
#859=PLANE('',#10392);
#860=PLANE('',#10393);
#861=PLANE('',#10394);
#862=PLANE('',#10395);
#863=PLANE('',#10396);
#864=PLANE('',#10397);
#865=PLANE('',#10398);
#866=PLANE('',#10399);
#867=PLANE('',#10400);
#868=PLANE('',#10401);
#869=PLANE('',#10402);
#870=PLANE('',#10403);
#871=PLANE('',#10404);
#872=PLANE('',#10405);
#873=PLANE('',#10406);
#874=PLANE('',#10407);
#875=PLANE('',#10408);
#876=PLANE('',#10410);
#877=PLANE('',#10411);
#878=PLANE('',#10412);
#879=PLANE('',#10413);
#880=PLANE('',#10414);
#881=PLANE('',#10415);
#882=PLANE('',#10416);
#883=PLANE('',#10417);
#884=PLANE('',#10418);
#885=PLANE('',#10419);
#886=PLANE('',#10420);
#887=PLANE('',#10421);
#888=PLANE('',#10422);
#889=PLANE('',#10423);
#890=PLANE('',#10424);
#891=PLANE('',#10425);
#892=PLANE('',#10426);
#893=PLANE('',#10427);
#894=PLANE('',#10428);
#895=PLANE('',#10429);
#896=PLANE('',#10430);
#897=PLANE('',#10431);
#898=PLANE('',#10432);
#899=PLANE('',#10433);
#900=PLANE('',#10434);
#901=PLANE('',#10435);
#902=PLANE('',#10436);
#903=PLANE('',#10437);
#904=PLANE('',#10438);
#905=PLANE('',#10439);
#906=PLANE('',#10440);
#907=PLANE('',#10441);
#908=PLANE('',#10442);
#909=PLANE('',#10443);
#910=PLANE('',#10451);
#911=PLANE('',#10452);
#912=PLANE('',#10453);
#913=PLANE('',#10454);
#914=PLANE('',#10455);
#915=PLANE('',#10456);
#916=PLANE('',#10457);
#917=PLANE('',#10458);
#918=PLANE('',#10459);
#919=PLANE('',#10460);
#920=PLANE('',#10461);
#921=PLANE('',#10462);
#922=PLANE('',#10463);
#923=PLANE('',#10464);
#924=PLANE('',#10465);
#925=PLANE('',#10466);
#926=PLANE('',#10467);
#927=PLANE('',#10468);
#928=PLANE('',#10469);
#929=PLANE('',#10470);
#930=PLANE('',#10471);
#931=PLANE('',#10472);
#932=PLANE('',#10473);
#933=PLANE('',#10478);
#934=PLANE('',#10479);
#935=PLANE('',#10491);
#936=PLANE('',#10494);
#937=PLANE('',#10506);
#938=PLANE('',#10508);
#939=PLANE('',#10510);
#940=PLANE('',#10511);
#941=PLANE('',#10513);
#942=PLANE('',#10515);
#943=PLANE('',#10516);
#944=PLANE('',#10520);
#945=PLANE('',#10521);
#946=PLANE('',#10522);
#947=PLANE('',#10527);
#948=PLANE('',#10531);
#949=PLANE('',#10535);
#950=PLANE('',#10539);
#951=PLANE('',#10543);
#952=PLANE('',#10547);
#953=PLANE('',#10551);
#954=PLANE('',#10555);
#955=PLANE('',#10565);
#956=PLANE('',#10566);
#957=PLANE('',#10567);
#958=PLANE('',#10568);
#959=PLANE('',#10569);
#960=PLANE('',#10570);
#961=PLANE('',#10575);
#962=PLANE('',#10579);
#963=PLANE('',#10580);
#964=PLANE('',#10584);
#965=FACE_OUTER_BOUND('',#1465,.T.);
#966=FACE_OUTER_BOUND('',#1466,.T.);
#967=FACE_OUTER_BOUND('',#1467,.T.);
#968=FACE_OUTER_BOUND('',#1469,.T.);
#969=FACE_OUTER_BOUND('',#1471,.T.);
#970=FACE_OUTER_BOUND('',#1472,.T.);
#971=FACE_OUTER_BOUND('',#1473,.T.);
#972=FACE_OUTER_BOUND('',#1474,.T.);
#973=FACE_OUTER_BOUND('',#1475,.T.);
#974=FACE_OUTER_BOUND('',#1476,.T.);
#975=FACE_OUTER_BOUND('',#1477,.T.);
#976=FACE_OUTER_BOUND('',#1478,.T.);
#977=FACE_OUTER_BOUND('',#1479,.T.);
#978=FACE_OUTER_BOUND('',#1483,.T.);
#979=FACE_OUTER_BOUND('',#1487,.T.);
#980=FACE_OUTER_BOUND('',#1488,.T.);
#981=FACE_OUTER_BOUND('',#1489,.T.);
#982=FACE_OUTER_BOUND('',#1490,.T.);
#983=FACE_OUTER_BOUND('',#1491,.T.);
#984=FACE_OUTER_BOUND('',#1492,.T.);
#985=FACE_OUTER_BOUND('',#1497,.T.);
#986=FACE_OUTER_BOUND('',#1502,.T.);
#987=FACE_OUTER_BOUND('',#1503,.T.);
#988=FACE_OUTER_BOUND('',#1504,.T.);
#989=FACE_OUTER_BOUND('',#1506,.T.);
#990=FACE_OUTER_BOUND('',#1507,.T.);
#991=FACE_OUTER_BOUND('',#1508,.T.);
#992=FACE_OUTER_BOUND('',#1509,.T.);
#993=FACE_OUTER_BOUND('',#1510,.T.);
#994=FACE_OUTER_BOUND('',#1511,.T.);
#995=FACE_OUTER_BOUND('',#1513,.T.);
#996=FACE_OUTER_BOUND('',#1514,.T.);
#997=FACE_OUTER_BOUND('',#1516,.T.);
#998=FACE_OUTER_BOUND('',#1517,.T.);
#999=FACE_OUTER_BOUND('',#1519,.T.);
#1000=FACE_OUTER_BOUND('',#1520,.T.);
#1001=FACE_OUTER_BOUND('',#1522,.T.);
#1002=FACE_OUTER_BOUND('',#1523,.T.);
#1003=FACE_OUTER_BOUND('',#1525,.T.);
#1004=FACE_OUTER_BOUND('',#1526,.T.);
#1005=FACE_OUTER_BOUND('',#1527,.T.);
#1006=FACE_OUTER_BOUND('',#1528,.T.);
#1007=FACE_OUTER_BOUND('',#1529,.T.);
#1008=FACE_OUTER_BOUND('',#1530,.T.);
#1009=FACE_OUTER_BOUND('',#1531,.T.);
#1010=FACE_OUTER_BOUND('',#1532,.T.);
#1011=FACE_OUTER_BOUND('',#1533,.T.);
#1012=FACE_OUTER_BOUND('',#1534,.T.);
#1013=FACE_OUTER_BOUND('',#1535,.T.);
#1014=FACE_OUTER_BOUND('',#1536,.T.);
#1015=FACE_OUTER_BOUND('',#1537,.T.);
#1016=FACE_OUTER_BOUND('',#1538,.T.);
#1017=FACE_OUTER_BOUND('',#1548,.T.);
#1018=FACE_OUTER_BOUND('',#1549,.T.);
#1019=FACE_OUTER_BOUND('',#1550,.T.);
#1020=FACE_OUTER_BOUND('',#1551,.T.);
#1021=FACE_OUTER_BOUND('',#1552,.T.);
#1022=FACE_OUTER_BOUND('',#1564,.T.);
#1023=FACE_OUTER_BOUND('',#1565,.T.);
#1024=FACE_OUTER_BOUND('',#1566,.T.);
#1025=FACE_OUTER_BOUND('',#1567,.T.);
#1026=FACE_OUTER_BOUND('',#1568,.T.);
#1027=FACE_OUTER_BOUND('',#1569,.T.);
#1028=FACE_OUTER_BOUND('',#1570,.T.);
#1029=FACE_OUTER_BOUND('',#1571,.T.);
#1030=FACE_OUTER_BOUND('',#1572,.T.);
#1031=FACE_OUTER_BOUND('',#1573,.T.);
#1032=FACE_OUTER_BOUND('',#1574,.T.);
#1033=FACE_OUTER_BOUND('',#1575,.T.);
#1034=FACE_OUTER_BOUND('',#1576,.T.);
#1035=FACE_OUTER_BOUND('',#1577,.T.);
#1036=FACE_OUTER_BOUND('',#1578,.T.);
#1037=FACE_OUTER_BOUND('',#1579,.T.);
#1038=FACE_OUTER_BOUND('',#1580,.T.);
#1039=FACE_OUTER_BOUND('',#1581,.T.);
#1040=FACE_OUTER_BOUND('',#1582,.T.);
#1041=FACE_OUTER_BOUND('',#1583,.T.);
#1042=FACE_OUTER_BOUND('',#1584,.T.);
#1043=FACE_OUTER_BOUND('',#1585,.T.);
#1044=FACE_OUTER_BOUND('',#1586,.T.);
#1045=FACE_OUTER_BOUND('',#1587,.T.);
#1046=FACE_OUTER_BOUND('',#1588,.T.);
#1047=FACE_OUTER_BOUND('',#1589,.T.);
#1048=FACE_OUTER_BOUND('',#1590,.T.);
#1049=FACE_OUTER_BOUND('',#1598,.T.);
#1050=FACE_OUTER_BOUND('',#1599,.T.);
#1051=FACE_OUTER_BOUND('',#1600,.T.);
#1052=FACE_OUTER_BOUND('',#1601,.T.);
#1053=FACE_OUTER_BOUND('',#1602,.T.);
#1054=FACE_OUTER_BOUND('',#1603,.T.);
#1055=FACE_OUTER_BOUND('',#1604,.T.);
#1056=FACE_OUTER_BOUND('',#1605,.T.);
#1057=FACE_OUTER_BOUND('',#1606,.T.);
#1058=FACE_OUTER_BOUND('',#1607,.T.);
#1059=FACE_OUTER_BOUND('',#1608,.T.);
#1060=FACE_OUTER_BOUND('',#1609,.T.);
#1061=FACE_OUTER_BOUND('',#1610,.T.);
#1062=FACE_OUTER_BOUND('',#1611,.T.);
#1063=FACE_OUTER_BOUND('',#1612,.T.);
#1064=FACE_OUTER_BOUND('',#1613,.T.);
#1065=FACE_OUTER_BOUND('',#1614,.T.);
#1066=FACE_OUTER_BOUND('',#1615,.T.);
#1067=FACE_OUTER_BOUND('',#1616,.T.);
#1068=FACE_OUTER_BOUND('',#1617,.T.);
#1069=FACE_OUTER_BOUND('',#1618,.T.);
#1070=FACE_OUTER_BOUND('',#1619,.T.);
#1071=FACE_OUTER_BOUND('',#1620,.T.);
#1072=FACE_OUTER_BOUND('',#1621,.T.);
#1073=FACE_OUTER_BOUND('',#1622,.T.);
#1074=FACE_OUTER_BOUND('',#1623,.T.);
#1075=FACE_OUTER_BOUND('',#1624,.T.);
#1076=FACE_OUTER_BOUND('',#1625,.T.);
#1077=FACE_OUTER_BOUND('',#1626,.T.);
#1078=FACE_OUTER_BOUND('',#1627,.T.);
#1079=FACE_OUTER_BOUND('',#1628,.T.);
#1080=FACE_OUTER_BOUND('',#1629,.T.);
#1081=FACE_OUTER_BOUND('',#1630,.T.);
#1082=FACE_OUTER_BOUND('',#1631,.T.);
#1083=FACE_OUTER_BOUND('',#1632,.T.);
#1084=FACE_OUTER_BOUND('',#1633,.T.);
#1085=FACE_OUTER_BOUND('',#1634,.T.);
#1086=FACE_OUTER_BOUND('',#1635,.T.);
#1087=FACE_OUTER_BOUND('',#1636,.T.);
#1088=FACE_OUTER_BOUND('',#1637,.T.);
#1089=FACE_OUTER_BOUND('',#1638,.T.);
#1090=FACE_OUTER_BOUND('',#1639,.T.);
#1091=FACE_OUTER_BOUND('',#1640,.T.);
#1092=FACE_OUTER_BOUND('',#1641,.T.);
#1093=FACE_OUTER_BOUND('',#1642,.T.);
#1094=FACE_OUTER_BOUND('',#1643,.T.);
#1095=FACE_OUTER_BOUND('',#1644,.T.);
#1096=FACE_OUTER_BOUND('',#1645,.T.);
#1097=FACE_OUTER_BOUND('',#1646,.T.);
#1098=FACE_OUTER_BOUND('',#1647,.T.);
#1099=FACE_OUTER_BOUND('',#1648,.T.);
#1100=FACE_OUTER_BOUND('',#1649,.T.);
#1101=FACE_OUTER_BOUND('',#1650,.T.);
#1102=FACE_OUTER_BOUND('',#1655,.T.);
#1103=FACE_OUTER_BOUND('',#1656,.T.);
#1104=FACE_OUTER_BOUND('',#1657,.T.);
#1105=FACE_OUTER_BOUND('',#1658,.T.);
#1106=FACE_OUTER_BOUND('',#1659,.T.);
#1107=FACE_OUTER_BOUND('',#1660,.T.);
#1108=FACE_OUTER_BOUND('',#1665,.T.);
#1109=FACE_OUTER_BOUND('',#1666,.T.);
#1110=FACE_OUTER_BOUND('',#1667,.T.);
#1111=FACE_OUTER_BOUND('',#1668,.T.);
#1112=FACE_OUTER_BOUND('',#1669,.T.);
#1113=FACE_OUTER_BOUND('',#1670,.T.);
#1114=FACE_OUTER_BOUND('',#1671,.T.);
#1115=FACE_OUTER_BOUND('',#1672,.T.);
#1116=FACE_OUTER_BOUND('',#1673,.T.);
#1117=FACE_OUTER_BOUND('',#1674,.T.);
#1118=FACE_OUTER_BOUND('',#1675,.T.);
#1119=FACE_OUTER_BOUND('',#1680,.T.);
#1120=FACE_OUTER_BOUND('',#1681,.T.);
#1121=FACE_OUTER_BOUND('',#1682,.T.);
#1122=FACE_OUTER_BOUND('',#1683,.T.);
#1123=FACE_OUTER_BOUND('',#1684,.T.);
#1124=FACE_OUTER_BOUND('',#1685,.T.);
#1125=FACE_OUTER_BOUND('',#1690,.T.);
#1126=FACE_OUTER_BOUND('',#1691,.T.);
#1127=FACE_OUTER_BOUND('',#1692,.T.);
#1128=FACE_OUTER_BOUND('',#1693,.T.);
#1129=FACE_OUTER_BOUND('',#1694,.T.);
#1130=FACE_OUTER_BOUND('',#1695,.T.);
#1131=FACE_OUTER_BOUND('',#1696,.T.);
#1132=FACE_OUTER_BOUND('',#1697,.T.);
#1133=FACE_OUTER_BOUND('',#1698,.T.);
#1134=FACE_OUTER_BOUND('',#1699,.T.);
#1135=FACE_OUTER_BOUND('',#1700,.T.);
#1136=FACE_OUTER_BOUND('',#1701,.T.);
#1137=FACE_OUTER_BOUND('',#1702,.T.);
#1138=FACE_OUTER_BOUND('',#1703,.T.);
#1139=FACE_OUTER_BOUND('',#1704,.T.);
#1140=FACE_OUTER_BOUND('',#1705,.T.);
#1141=FACE_OUTER_BOUND('',#1706,.T.);
#1142=FACE_OUTER_BOUND('',#1707,.T.);
#1143=FACE_OUTER_BOUND('',#1708,.T.);
#1144=FACE_OUTER_BOUND('',#1709,.T.);
#1145=FACE_OUTER_BOUND('',#1710,.T.);
#1146=FACE_OUTER_BOUND('',#1711,.T.);
#1147=FACE_OUTER_BOUND('',#1712,.T.);
#1148=FACE_OUTER_BOUND('',#1713,.T.);
#1149=FACE_OUTER_BOUND('',#1714,.T.);
#1150=FACE_OUTER_BOUND('',#1715,.T.);
#1151=FACE_OUTER_BOUND('',#1716,.T.);
#1152=FACE_OUTER_BOUND('',#1717,.T.);
#1153=FACE_OUTER_BOUND('',#1718,.T.);
#1154=FACE_OUTER_BOUND('',#1719,.T.);
#1155=FACE_OUTER_BOUND('',#1720,.T.);
#1156=FACE_OUTER_BOUND('',#1721,.T.);
#1157=FACE_OUTER_BOUND('',#1722,.T.);
#1158=FACE_OUTER_BOUND('',#1723,.T.);
#1159=FACE_OUTER_BOUND('',#1724,.T.);
#1160=FACE_OUTER_BOUND('',#1725,.T.);
#1161=FACE_OUTER_BOUND('',#1726,.T.);
#1162=FACE_OUTER_BOUND('',#1727,.T.);
#1163=FACE_OUTER_BOUND('',#1728,.T.);
#1164=FACE_OUTER_BOUND('',#1729,.T.);
#1165=FACE_OUTER_BOUND('',#1730,.T.);
#1166=FACE_OUTER_BOUND('',#1731,.T.);
#1167=FACE_OUTER_BOUND('',#1732,.T.);
#1168=FACE_OUTER_BOUND('',#1733,.T.);
#1169=FACE_OUTER_BOUND('',#1734,.T.);
#1170=FACE_OUTER_BOUND('',#1735,.T.);
#1171=FACE_OUTER_BOUND('',#1736,.T.);
#1172=FACE_OUTER_BOUND('',#1737,.T.);
#1173=FACE_OUTER_BOUND('',#1738,.T.);
#1174=FACE_OUTER_BOUND('',#1739,.T.);
#1175=FACE_OUTER_BOUND('',#1740,.T.);
#1176=FACE_OUTER_BOUND('',#1741,.T.);
#1177=FACE_OUTER_BOUND('',#1742,.T.);
#1178=FACE_OUTER_BOUND('',#1743,.T.);
#1179=FACE_OUTER_BOUND('',#1744,.T.);
#1180=FACE_OUTER_BOUND('',#1745,.T.);
#1181=FACE_OUTER_BOUND('',#1746,.T.);
#1182=FACE_OUTER_BOUND('',#1747,.T.);
#1183=FACE_OUTER_BOUND('',#1748,.T.);
#1184=FACE_OUTER_BOUND('',#1753,.T.);
#1185=FACE_OUTER_BOUND('',#1754,.T.);
#1186=FACE_OUTER_BOUND('',#1755,.T.);
#1187=FACE_OUTER_BOUND('',#1756,.T.);
#1188=FACE_OUTER_BOUND('',#1764,.T.);
#1189=FACE_OUTER_BOUND('',#1765,.T.);
#1190=FACE_OUTER_BOUND('',#1766,.T.);
#1191=FACE_OUTER_BOUND('',#1767,.T.);
#1192=FACE_OUTER_BOUND('',#1772,.T.);
#1193=FACE_OUTER_BOUND('',#1773,.T.);
#1194=FACE_OUTER_BOUND('',#1775,.T.);
#1195=FACE_OUTER_BOUND('',#1776,.T.);
#1196=FACE_OUTER_BOUND('',#1778,.T.);
#1197=FACE_OUTER_BOUND('',#1779,.T.);
#1198=FACE_OUTER_BOUND('',#1781,.T.);
#1199=FACE_OUTER_BOUND('',#1782,.T.);
#1200=FACE_OUTER_BOUND('',#1784,.T.);
#1201=FACE_OUTER_BOUND('',#1785,.T.);
#1202=FACE_OUTER_BOUND('',#1786,.T.);
#1203=FACE_OUTER_BOUND('',#1787,.T.);
#1204=FACE_OUTER_BOUND('',#1788,.T.);
#1205=FACE_OUTER_BOUND('',#1789,.T.);
#1206=FACE_OUTER_BOUND('',#1790,.T.);
#1207=FACE_OUTER_BOUND('',#1791,.T.);
#1208=FACE_OUTER_BOUND('',#1792,.T.);
#1209=FACE_OUTER_BOUND('',#1793,.T.);
#1210=FACE_OUTER_BOUND('',#1801,.T.);
#1211=FACE_OUTER_BOUND('',#1802,.T.);
#1212=FACE_OUTER_BOUND('',#1803,.T.);
#1213=FACE_OUTER_BOUND('',#1804,.T.);
#1214=FACE_OUTER_BOUND('',#1805,.T.);
#1215=FACE_OUTER_BOUND('',#1811,.T.);
#1216=FACE_OUTER_BOUND('',#1812,.T.);
#1217=FACE_OUTER_BOUND('',#1813,.T.);
#1218=FACE_OUTER_BOUND('',#1814,.T.);
#1219=FACE_OUTER_BOUND('',#1815,.T.);
#1220=FACE_OUTER_BOUND('',#1816,.T.);
#1221=FACE_OUTER_BOUND('',#1818,.T.);
#1222=FACE_OUTER_BOUND('',#1819,.T.);
#1223=FACE_OUTER_BOUND('',#1820,.T.);
#1224=FACE_OUTER_BOUND('',#1821,.T.);
#1225=FACE_OUTER_BOUND('',#1822,.T.);
#1226=FACE_OUTER_BOUND('',#1823,.T.);
#1227=FACE_OUTER_BOUND('',#1824,.T.);
#1228=FACE_OUTER_BOUND('',#1825,.T.);
#1229=FACE_OUTER_BOUND('',#1827,.T.);
#1230=FACE_OUTER_BOUND('',#1828,.T.);
#1231=FACE_OUTER_BOUND('',#1829,.T.);
#1232=FACE_OUTER_BOUND('',#1830,.T.);
#1233=FACE_OUTER_BOUND('',#1831,.T.);
#1234=FACE_OUTER_BOUND('',#1832,.T.);
#1235=FACE_OUTER_BOUND('',#1836,.T.);
#1236=FACE_OUTER_BOUND('',#1837,.T.);
#1237=FACE_OUTER_BOUND('',#1838,.T.);
#1238=FACE_OUTER_BOUND('',#1839,.T.);
#1239=FACE_OUTER_BOUND('',#1840,.T.);
#1240=FACE_OUTER_BOUND('',#1841,.T.);
#1241=FACE_OUTER_BOUND('',#1842,.T.);
#1242=FACE_OUTER_BOUND('',#1843,.T.);
#1243=FACE_OUTER_BOUND('',#1847,.T.);
#1244=FACE_OUTER_BOUND('',#1849,.T.);
#1245=FACE_OUTER_BOUND('',#1850,.T.);
#1246=FACE_OUTER_BOUND('',#1852,.T.);
#1247=FACE_OUTER_BOUND('',#1853,.T.);
#1248=FACE_OUTER_BOUND('',#1854,.T.);
#1249=FACE_OUTER_BOUND('',#1855,.T.);
#1250=FACE_OUTER_BOUND('',#1856,.T.);
#1251=FACE_OUTER_BOUND('',#1857,.T.);
#1252=FACE_OUTER_BOUND('',#1859,.T.);
#1253=FACE_OUTER_BOUND('',#1860,.T.);
#1254=FACE_OUTER_BOUND('',#1862,.T.);
#1255=FACE_OUTER_BOUND('',#1863,.T.);
#1256=FACE_OUTER_BOUND('',#1864,.T.);
#1257=FACE_OUTER_BOUND('',#1865,.T.);
#1258=FACE_OUTER_BOUND('',#1866,.T.);
#1259=FACE_OUTER_BOUND('',#1867,.T.);
#1260=FACE_OUTER_BOUND('',#1868,.T.);
#1261=FACE_OUTER_BOUND('',#1869,.T.);
#1262=FACE_OUTER_BOUND('',#1870,.T.);
#1263=FACE_OUTER_BOUND('',#1871,.T.);
#1264=FACE_OUTER_BOUND('',#1872,.T.);
#1265=FACE_OUTER_BOUND('',#1873,.T.);
#1266=FACE_OUTER_BOUND('',#1874,.T.);
#1267=FACE_OUTER_BOUND('',#1875,.T.);
#1268=FACE_OUTER_BOUND('',#1876,.T.);
#1269=FACE_OUTER_BOUND('',#1877,.T.);
#1270=FACE_OUTER_BOUND('',#1878,.T.);
#1271=FACE_OUTER_BOUND('',#1879,.T.);
#1272=FACE_OUTER_BOUND('',#1880,.T.);
#1273=FACE_OUTER_BOUND('',#1881,.T.);
#1274=FACE_OUTER_BOUND('',#1882,.T.);
#1275=FACE_OUTER_BOUND('',#1883,.T.);
#1276=FACE_OUTER_BOUND('',#1884,.T.);
#1277=FACE_OUTER_BOUND('',#1885,.T.);
#1278=FACE_OUTER_BOUND('',#1886,.T.);
#1279=FACE_OUTER_BOUND('',#1887,.T.);
#1280=FACE_OUTER_BOUND('',#1888,.T.);
#1281=FACE_OUTER_BOUND('',#1889,.T.);
#1282=FACE_OUTER_BOUND('',#1890,.T.);
#1283=FACE_OUTER_BOUND('',#1891,.T.);
#1284=FACE_OUTER_BOUND('',#1892,.T.);
#1285=FACE_OUTER_BOUND('',#1893,.T.);
#1286=FACE_OUTER_BOUND('',#1894,.T.);
#1287=FACE_OUTER_BOUND('',#1895,.T.);
#1288=FACE_OUTER_BOUND('',#1896,.T.);
#1289=FACE_OUTER_BOUND('',#1897,.T.);
#1290=FACE_OUTER_BOUND('',#1898,.T.);
#1291=FACE_OUTER_BOUND('',#1899,.T.);
#1292=FACE_OUTER_BOUND('',#1900,.T.);
#1293=FACE_OUTER_BOUND('',#1901,.T.);
#1294=FACE_OUTER_BOUND('',#1902,.T.);
#1295=FACE_OUTER_BOUND('',#1903,.T.);
#1296=FACE_OUTER_BOUND('',#1904,.T.);
#1297=FACE_OUTER_BOUND('',#1905,.T.);
#1298=FACE_OUTER_BOUND('',#1906,.T.);
#1299=FACE_OUTER_BOUND('',#1907,.T.);
#1300=FACE_OUTER_BOUND('',#1908,.T.);
#1301=FACE_OUTER_BOUND('',#1909,.T.);
#1302=FACE_OUTER_BOUND('',#1910,.T.);
#1303=FACE_OUTER_BOUND('',#1911,.T.);
#1304=FACE_OUTER_BOUND('',#1912,.T.);
#1305=FACE_OUTER_BOUND('',#1913,.T.);
#1306=FACE_OUTER_BOUND('',#1914,.T.);
#1307=FACE_OUTER_BOUND('',#1915,.T.);
#1308=FACE_OUTER_BOUND('',#1916,.T.);
#1309=FACE_OUTER_BOUND('',#1917,.T.);
#1310=FACE_OUTER_BOUND('',#1918,.T.);
#1311=FACE_OUTER_BOUND('',#1919,.T.);
#1312=FACE_OUTER_BOUND('',#1920,.T.);
#1313=FACE_OUTER_BOUND('',#1921,.T.);
#1314=FACE_OUTER_BOUND('',#1922,.T.);
#1315=FACE_OUTER_BOUND('',#1923,.T.);
#1316=FACE_OUTER_BOUND('',#1924,.T.);
#1317=FACE_OUTER_BOUND('',#1925,.T.);
#1318=FACE_OUTER_BOUND('',#1926,.T.);
#1319=FACE_OUTER_BOUND('',#1927,.T.);
#1320=FACE_OUTER_BOUND('',#1928,.T.);
#1321=FACE_OUTER_BOUND('',#1929,.T.);
#1322=FACE_OUTER_BOUND('',#1930,.T.);
#1323=FACE_OUTER_BOUND('',#1931,.T.);
#1324=FACE_OUTER_BOUND('',#1932,.T.);
#1325=FACE_OUTER_BOUND('',#1933,.T.);
#1326=FACE_OUTER_BOUND('',#1934,.T.);
#1327=FACE_OUTER_BOUND('',#1935,.T.);
#1328=FACE_OUTER_BOUND('',#1936,.T.);
#1329=FACE_OUTER_BOUND('',#1937,.T.);
#1330=FACE_OUTER_BOUND('',#1938,.T.);
#1331=FACE_OUTER_BOUND('',#1939,.T.);
#1332=FACE_OUTER_BOUND('',#1940,.T.);
#1333=FACE_OUTER_BOUND('',#1941,.T.);
#1334=FACE_OUTER_BOUND('',#1942,.T.);
#1335=FACE_OUTER_BOUND('',#1943,.T.);
#1336=FACE_OUTER_BOUND('',#1944,.T.);
#1337=FACE_OUTER_BOUND('',#1945,.T.);
#1338=FACE_OUTER_BOUND('',#1946,.T.);
#1339=FACE_OUTER_BOUND('',#1947,.T.);
#1340=FACE_OUTER_BOUND('',#1948,.T.);
#1341=FACE_OUTER_BOUND('',#1949,.T.);
#1342=FACE_OUTER_BOUND('',#1950,.T.);
#1343=FACE_OUTER_BOUND('',#1951,.T.);
#1344=FACE_OUTER_BOUND('',#1952,.T.);
#1345=FACE_OUTER_BOUND('',#1953,.T.);
#1346=FACE_OUTER_BOUND('',#1954,.T.);
#1347=FACE_OUTER_BOUND('',#1955,.T.);
#1348=FACE_OUTER_BOUND('',#1956,.T.);
#1349=FACE_OUTER_BOUND('',#1957,.T.);
#1350=FACE_OUTER_BOUND('',#1958,.T.);
#1351=FACE_OUTER_BOUND('',#1959,.T.);
#1352=FACE_OUTER_BOUND('',#1960,.T.);
#1353=FACE_OUTER_BOUND('',#1961,.T.);
#1354=FACE_OUTER_BOUND('',#1962,.T.);
#1355=FACE_OUTER_BOUND('',#1963,.T.);
#1356=FACE_OUTER_BOUND('',#1964,.T.);
#1357=FACE_OUTER_BOUND('',#1965,.T.);
#1358=FACE_OUTER_BOUND('',#1966,.T.);
#1359=FACE_OUTER_BOUND('',#1967,.T.);
#1360=FACE_OUTER_BOUND('',#1968,.T.);
#1361=FACE_OUTER_BOUND('',#1969,.T.);
#1362=FACE_OUTER_BOUND('',#1970,.T.);
#1363=FACE_OUTER_BOUND('',#1971,.T.);
#1364=FACE_OUTER_BOUND('',#1972,.T.);
#1365=FACE_OUTER_BOUND('',#1973,.T.);
#1366=FACE_OUTER_BOUND('',#1974,.T.);
#1367=FACE_OUTER_BOUND('',#1975,.T.);
#1368=FACE_OUTER_BOUND('',#1976,.T.);
#1369=FACE_OUTER_BOUND('',#1977,.T.);
#1370=FACE_OUTER_BOUND('',#1978,.T.);
#1371=FACE_OUTER_BOUND('',#1979,.T.);
#1372=FACE_OUTER_BOUND('',#1980,.T.);
#1373=FACE_OUTER_BOUND('',#1981,.T.);
#1374=FACE_OUTER_BOUND('',#1982,.T.);
#1375=FACE_OUTER_BOUND('',#1983,.T.);
#1376=FACE_OUTER_BOUND('',#1984,.T.);
#1377=FACE_OUTER_BOUND('',#1985,.T.);
#1378=FACE_OUTER_BOUND('',#1986,.T.);
#1379=FACE_OUTER_BOUND('',#1987,.T.);
#1380=FACE_OUTER_BOUND('',#1988,.T.);
#1381=FACE_OUTER_BOUND('',#1989,.T.);
#1382=FACE_OUTER_BOUND('',#1990,.T.);
#1383=FACE_OUTER_BOUND('',#1991,.T.);
#1384=FACE_OUTER_BOUND('',#1992,.T.);
#1385=FACE_OUTER_BOUND('',#1993,.T.);
#1386=FACE_OUTER_BOUND('',#1994,.T.);
#1387=FACE_OUTER_BOUND('',#1995,.T.);
#1388=FACE_OUTER_BOUND('',#1996,.T.);
#1389=FACE_OUTER_BOUND('',#1997,.T.);
#1390=FACE_OUTER_BOUND('',#1999,.T.);
#1391=FACE_OUTER_BOUND('',#2000,.T.);
#1392=FACE_OUTER_BOUND('',#2001,.T.);
#1393=FACE_OUTER_BOUND('',#2002,.T.);
#1394=FACE_OUTER_BOUND('',#2003,.T.);
#1395=FACE_OUTER_BOUND('',#2004,.T.);
#1396=FACE_OUTER_BOUND('',#2005,.T.);
#1397=FACE_OUTER_BOUND('',#2006,.T.);
#1398=FACE_OUTER_BOUND('',#2008,.T.);
#1399=FACE_OUTER_BOUND('',#2009,.T.);
#1400=FACE_OUTER_BOUND('',#2010,.T.);
#1401=FACE_OUTER_BOUND('',#2011,.T.);
#1402=FACE_OUTER_BOUND('',#2012,.T.);
#1403=FACE_OUTER_BOUND('',#2013,.T.);
#1404=FACE_OUTER_BOUND('',#2014,.T.);
#1405=FACE_OUTER_BOUND('',#2015,.T.);
#1406=FACE_OUTER_BOUND('',#2016,.T.);
#1407=FACE_OUTER_BOUND('',#2017,.T.);
#1408=FACE_OUTER_BOUND('',#2018,.T.);
#1409=FACE_OUTER_BOUND('',#2019,.T.);
#1410=FACE_OUTER_BOUND('',#2021,.T.);
#1411=FACE_OUTER_BOUND('',#2022,.T.);
#1412=FACE_OUTER_BOUND('',#2023,.T.);
#1413=FACE_OUTER_BOUND('',#2024,.T.);
#1414=FACE_OUTER_BOUND('',#2025,.T.);
#1415=FACE_OUTER_BOUND('',#2026,.T.);
#1416=FACE_OUTER_BOUND('',#2027,.T.);
#1417=FACE_OUTER_BOUND('',#2028,.T.);
#1418=FACE_OUTER_BOUND('',#2029,.T.);
#1419=FACE_OUTER_BOUND('',#2030,.T.);
#1420=FACE_OUTER_BOUND('',#2031,.T.);
#1421=FACE_OUTER_BOUND('',#2032,.T.);
#1422=FACE_OUTER_BOUND('',#2033,.T.);
#1423=FACE_OUTER_BOUND('',#2034,.T.);
#1424=FACE_OUTER_BOUND('',#2035,.T.);
#1425=FACE_OUTER_BOUND('',#2036,.T.);
#1426=FACE_OUTER_BOUND('',#2037,.T.);
#1427=FACE_OUTER_BOUND('',#2038,.T.);
#1428=FACE_OUTER_BOUND('',#2039,.T.);
#1429=FACE_OUTER_BOUND('',#2040,.T.);
#1430=FACE_OUTER_BOUND('',#2045,.T.);
#1431=FACE_OUTER_BOUND('',#2046,.T.);
#1432=FACE_OUTER_BOUND('',#2047,.T.);
#1433=FACE_OUTER_BOUND('',#2048,.T.);
#1434=FACE_OUTER_BOUND('',#2049,.T.);
#1435=FACE_OUTER_BOUND('',#2050,.T.);
#1436=FACE_OUTER_BOUND('',#2051,.T.);
#1437=FACE_OUTER_BOUND('',#2052,.T.);
#1438=FACE_OUTER_BOUND('',#2053,.T.);
#1439=FACE_OUTER_BOUND('',#2054,.T.);
#1440=FACE_OUTER_BOUND('',#2055,.T.);
#1441=FACE_OUTER_BOUND('',#2056,.T.);
#1442=FACE_OUTER_BOUND('',#2057,.T.);
#1443=FACE_OUTER_BOUND('',#2058,.T.);
#1444=FACE_OUTER_BOUND('',#2059,.T.);
#1445=FACE_OUTER_BOUND('',#2060,.T.);
#1446=FACE_OUTER_BOUND('',#2061,.T.);
#1447=FACE_OUTER_BOUND('',#2062,.T.);
#1448=FACE_OUTER_BOUND('',#2063,.T.);
#1449=FACE_OUTER_BOUND('',#2064,.T.);
#1450=FACE_OUTER_BOUND('',#2065,.T.);
#1451=FACE_OUTER_BOUND('',#2066,.T.);
#1452=FACE_OUTER_BOUND('',#2067,.T.);
#1453=FACE_OUTER_BOUND('',#2071,.T.);
#1454=FACE_OUTER_BOUND('',#2076,.T.);
#1455=FACE_OUTER_BOUND('',#2077,.T.);
#1456=FACE_OUTER_BOUND('',#2082,.T.);
#1457=FACE_OUTER_BOUND('',#2083,.T.);
#1458=FACE_OUTER_BOUND('',#2087,.T.);
#1459=FACE_OUTER_BOUND('',#2088,.T.);
#1460=FACE_OUTER_BOUND('',#2089,.T.);
#1461=FACE_OUTER_BOUND('',#2090,.T.);
#1462=FACE_OUTER_BOUND('',#2091,.T.);
#1463=FACE_OUTER_BOUND('',#2093,.T.);
#1464=FACE_OUTER_BOUND('',#2094,.T.);
#1465=EDGE_LOOP('',(#6313,#6314,#6315,#6316));
#1466=EDGE_LOOP('',(#6317,#6318,#6319,#6320));
#1467=EDGE_LOOP('',(#6321));
#1468=EDGE_LOOP('',(#6322));
#1469=EDGE_LOOP('',(#6323));
#1470=EDGE_LOOP('',(#6324));
#1471=EDGE_LOOP('',(#6325,#6326,#6327,#6328));
#1472=EDGE_LOOP('',(#6329,#6330,#6331,#6332));
#1473=EDGE_LOOP('',(#6333,#6334,#6335,#6336));
#1474=EDGE_LOOP('',(#6337,#6338,#6339,#6340));
#1475=EDGE_LOOP('',(#6341,#6342,#6343,#6344));
#1476=EDGE_LOOP('',(#6345,#6346,#6347,#6348));
#1477=EDGE_LOOP('',(#6349,#6350,#6351,#6352));
#1478=EDGE_LOOP('',(#6353,#6354,#6355,#6356));
#1479=EDGE_LOOP('',(#6357,#6358,#6359,#6360));
#1480=EDGE_LOOP('',(#6361));
#1481=EDGE_LOOP('',(#6362));
#1482=EDGE_LOOP('',(#6363));
#1483=EDGE_LOOP('',(#6364,#6365,#6366,#6367));
#1484=EDGE_LOOP('',(#6368));
#1485=EDGE_LOOP('',(#6369));
#1486=EDGE_LOOP('',(#6370));
#1487=EDGE_LOOP('',(#6371,#6372,#6373,#6374));
#1488=EDGE_LOOP('',(#6375,#6376,#6377,#6378));
#1489=EDGE_LOOP('',(#6379,#6380,#6381,#6382,#6383,#6384,#6385,#6386));
#1490=EDGE_LOOP('',(#6387,#6388,#6389,#6390));
#1491=EDGE_LOOP('',(#6391,#6392,#6393,#6394,#6395,#6396,#6397,#6398));
#1492=EDGE_LOOP('',(#6399,#6400,#6401,#6402));
#1493=EDGE_LOOP('',(#6403));
#1494=EDGE_LOOP('',(#6404));
#1495=EDGE_LOOP('',(#6405));
#1496=EDGE_LOOP('',(#6406));
#1497=EDGE_LOOP('',(#6407,#6408,#6409,#6410));
#1498=EDGE_LOOP('',(#6411));
#1499=EDGE_LOOP('',(#6412));
#1500=EDGE_LOOP('',(#6413));
#1501=EDGE_LOOP('',(#6414));
#1502=EDGE_LOOP('',(#6415,#6416,#6417));
#1503=EDGE_LOOP('',(#6418,#6419,#6420,#6421));
#1504=EDGE_LOOP('',(#6422));
#1505=EDGE_LOOP('',(#6423));
#1506=EDGE_LOOP('',(#6424,#6425,#6426,#6427));
#1507=EDGE_LOOP('',(#6428,#6429,#6430,#6431));
#1508=EDGE_LOOP('',(#6432,#6433,#6434,#6435));
#1509=EDGE_LOOP('',(#6436,#6437,#6438,#6439));
#1510=EDGE_LOOP('',(#6440,#6441,#6442,#6443));
#1511=EDGE_LOOP('',(#6444,#6445,#6446,#6447));
#1512=EDGE_LOOP('',(#6448));
#1513=EDGE_LOOP('',(#6449,#6450,#6451,#6452));
#1514=EDGE_LOOP('',(#6453));
#1515=EDGE_LOOP('',(#6454));
#1516=EDGE_LOOP('',(#6455,#6456,#6457,#6458));
#1517=EDGE_LOOP('',(#6459));
#1518=EDGE_LOOP('',(#6460));
#1519=EDGE_LOOP('',(#6461,#6462,#6463,#6464));
#1520=EDGE_LOOP('',(#6465));
#1521=EDGE_LOOP('',(#6466));
#1522=EDGE_LOOP('',(#6467,#6468,#6469,#6470));
#1523=EDGE_LOOP('',(#6471));
#1524=EDGE_LOOP('',(#6472));
#1525=EDGE_LOOP('',(#6473,#6474,#6475,#6476));
#1526=EDGE_LOOP('',(#6477,#6478,#6479,#6480));
#1527=EDGE_LOOP('',(#6481,#6482,#6483,#6484));
#1528=EDGE_LOOP('',(#6485,#6486,#6487,#6488));
#1529=EDGE_LOOP('',(#6489,#6490,#6491,#6492));
#1530=EDGE_LOOP('',(#6493));
#1531=EDGE_LOOP('',(#6494,#6495,#6496,#6497));
#1532=EDGE_LOOP('',(#6498));
#1533=EDGE_LOOP('',(#6499,#6500,#6501,#6502));
#1534=EDGE_LOOP('',(#6503,#6504,#6505,#6506));
#1535=EDGE_LOOP('',(#6507,#6508,#6509,#6510));
#1536=EDGE_LOOP('',(#6511,#6512,#6513,#6514));
#1537=EDGE_LOOP('',(#6515,#6516,#6517,#6518));
#1538=EDGE_LOOP('',(#6519,#6520,#6521,#6522));
#1539=EDGE_LOOP('',(#6523));
#1540=EDGE_LOOP('',(#6524));
#1541=EDGE_LOOP('',(#6525));
#1542=EDGE_LOOP('',(#6526));
#1543=EDGE_LOOP('',(#6527));
#1544=EDGE_LOOP('',(#6528));
#1545=EDGE_LOOP('',(#6529));
#1546=EDGE_LOOP('',(#6530));
#1547=EDGE_LOOP('',(#6531));
#1548=EDGE_LOOP('',(#6532,#6533,#6534,#6535));
#1549=EDGE_LOOP('',(#6536,#6537,#6538,#6539));
#1550=EDGE_LOOP('',(#6540,#6541,#6542,#6543));
#1551=EDGE_LOOP('',(#6544,#6545,#6546,#6547));
#1552=EDGE_LOOP('',(#6548,#6549,#6550,#6551));
#1553=EDGE_LOOP('',(#6552));
#1554=EDGE_LOOP('',(#6553));
#1555=EDGE_LOOP('',(#6554));
#1556=EDGE_LOOP('',(#6555));
#1557=EDGE_LOOP('',(#6556));
#1558=EDGE_LOOP('',(#6557));
#1559=EDGE_LOOP('',(#6558));
#1560=EDGE_LOOP('',(#6559));
#1561=EDGE_LOOP('',(#6560));
#1562=EDGE_LOOP('',(#6561));
#1563=EDGE_LOOP('',(#6562));
#1564=EDGE_LOOP('',(#6563,#6564,#6565,#6566));
#1565=EDGE_LOOP('',(#6567,#6568,#6569,#6570));
#1566=EDGE_LOOP('',(#6571));
#1567=EDGE_LOOP('',(#6572,#6573,#6574,#6575));
#1568=EDGE_LOOP('',(#6576,#6577,#6578,#6579));
#1569=EDGE_LOOP('',(#6580));
#1570=EDGE_LOOP('',(#6581,#6582,#6583,#6584));
#1571=EDGE_LOOP('',(#6585,#6586,#6587,#6588));
#1572=EDGE_LOOP('',(#6589));
#1573=EDGE_LOOP('',(#6590,#6591,#6592,#6593));
#1574=EDGE_LOOP('',(#6594,#6595,#6596,#6597));
#1575=EDGE_LOOP('',(#6598));
#1576=EDGE_LOOP('',(#6599,#6600,#6601,#6602));
#1577=EDGE_LOOP('',(#6603,#6604,#6605,#6606));
#1578=EDGE_LOOP('',(#6607));
#1579=EDGE_LOOP('',(#6608,#6609,#6610,#6611));
#1580=EDGE_LOOP('',(#6612,#6613,#6614,#6615));
#1581=EDGE_LOOP('',(#6616));
#1582=EDGE_LOOP('',(#6617,#6618,#6619,#6620));
#1583=EDGE_LOOP('',(#6621,#6622,#6623,#6624));
#1584=EDGE_LOOP('',(#6625));
#1585=EDGE_LOOP('',(#6626,#6627,#6628,#6629));
#1586=EDGE_LOOP('',(#6630,#6631,#6632,#6633));
#1587=EDGE_LOOP('',(#6634));
#1588=EDGE_LOOP('',(#6635,#6636,#6637,#6638));
#1589=EDGE_LOOP('',(#6639,#6640,#6641,#6642));
#1590=EDGE_LOOP('',(#6643,#6644,#6645,#6646,#6647,#6648,#6649,#6650,#6651,
#6652,#6653,#6654,#6655,#6656,#6657,#6658,#6659,#6660,#6661,#6662,#6663,
#6664,#6665,#6666,#6667,#6668,#6669,#6670,#6671,#6672,#6673,#6674,#6675,
#6676,#6677,#6678,#6679,#6680,#6681,#6682,#6683,#6684,#6685,#6686,#6687,
#6688,#6689,#6690,#6691,#6692,#6693,#6694,#6695,#6696,#6697,#6698,#6699,
#6700,#6701,#6702,#6703,#6704,#6705,#6706,#6707,#6708,#6709,#6710,#6711,
#6712,#6713,#6714,#6715,#6716,#6717,#6718,#6719,#6720,#6721,#6722,#6723,
#6724,#6725,#6726,#6727,#6728,#6729,#6730,#6731,#6732,#6733,#6734,#6735,
#6736,#6737,#6738,#6739,#6740,#6741,#6742,#6743,#6744,#6745,#6746));
#1591=EDGE_LOOP('',(#6747));
#1592=EDGE_LOOP('',(#6748));
#1593=EDGE_LOOP('',(#6749));
#1594=EDGE_LOOP('',(#6750));
#1595=EDGE_LOOP('',(#6751,#6752,#6753,#6754,#6755,#6756,#6757,#6758,#6759,
#6760,#6761,#6762));
#1596=EDGE_LOOP('',(#6763,#6764,#6765,#6766,#6767,#6768,#6769,#6770,#6771,
#6772,#6773,#6774));
#1597=EDGE_LOOP('',(#6775,#6776,#6777,#6778,#6779,#6780,#6781,#6782,#6783,
#6784,#6785,#6786));
#1598=EDGE_LOOP('',(#6787,#6788,#6789,#6790));
#1599=EDGE_LOOP('',(#6791,#6792,#6793,#6794));
#1600=EDGE_LOOP('',(#6795,#6796,#6797,#6798));
#1601=EDGE_LOOP('',(#6799,#6800,#6801,#6802));
#1602=EDGE_LOOP('',(#6803,#6804,#6805,#6806));
#1603=EDGE_LOOP('',(#6807,#6808,#6809,#6810));
#1604=EDGE_LOOP('',(#6811,#6812,#6813,#6814));
#1605=EDGE_LOOP('',(#6815,#6816,#6817,#6818));
#1606=EDGE_LOOP('',(#6819,#6820,#6821,#6822));
#1607=EDGE_LOOP('',(#6823,#6824,#6825,#6826));
#1608=EDGE_LOOP('',(#6827,#6828,#6829,#6830));
#1609=EDGE_LOOP('',(#6831,#6832,#6833,#6834));
#1610=EDGE_LOOP('',(#6835,#6836,#6837,#6838));
#1611=EDGE_LOOP('',(#6839,#6840,#6841,#6842));
#1612=EDGE_LOOP('',(#6843,#6844,#6845,#6846));
#1613=EDGE_LOOP('',(#6847,#6848,#6849,#6850));
#1614=EDGE_LOOP('',(#6851,#6852,#6853,#6854));
#1615=EDGE_LOOP('',(#6855,#6856,#6857,#6858));
#1616=EDGE_LOOP('',(#6859,#6860,#6861,#6862));
#1617=EDGE_LOOP('',(#6863,#6864,#6865,#6866));
#1618=EDGE_LOOP('',(#6867,#6868,#6869,#6870));
#1619=EDGE_LOOP('',(#6871,#6872,#6873,#6874));
#1620=EDGE_LOOP('',(#6875,#6876,#6877,#6878));
#1621=EDGE_LOOP('',(#6879,#6880,#6881,#6882));
#1622=EDGE_LOOP('',(#6883,#6884,#6885,#6886));
#1623=EDGE_LOOP('',(#6887,#6888,#6889,#6890));
#1624=EDGE_LOOP('',(#6891,#6892,#6893,#6894));
#1625=EDGE_LOOP('',(#6895,#6896,#6897,#6898));
#1626=EDGE_LOOP('',(#6899,#6900,#6901,#6902));
#1627=EDGE_LOOP('',(#6903,#6904,#6905,#6906));
#1628=EDGE_LOOP('',(#6907,#6908,#6909,#6910));
#1629=EDGE_LOOP('',(#6911,#6912,#6913,#6914));
#1630=EDGE_LOOP('',(#6915,#6916,#6917,#6918));
#1631=EDGE_LOOP('',(#6919,#6920,#6921,#6922));
#1632=EDGE_LOOP('',(#6923,#6924,#6925,#6926));
#1633=EDGE_LOOP('',(#6927,#6928,#6929,#6930));
#1634=EDGE_LOOP('',(#6931,#6932,#6933,#6934));
#1635=EDGE_LOOP('',(#6935,#6936,#6937,#6938));
#1636=EDGE_LOOP('',(#6939,#6940,#6941,#6942));
#1637=EDGE_LOOP('',(#6943,#6944,#6945,#6946));
#1638=EDGE_LOOP('',(#6947,#6948,#6949,#6950));
#1639=EDGE_LOOP('',(#6951,#6952,#6953,#6954));
#1640=EDGE_LOOP('',(#6955,#6956,#6957,#6958));
#1641=EDGE_LOOP('',(#6959,#6960,#6961,#6962));
#1642=EDGE_LOOP('',(#6963,#6964,#6965,#6966));
#1643=EDGE_LOOP('',(#6967,#6968,#6969,#6970));
#1644=EDGE_LOOP('',(#6971,#6972,#6973,#6974));
#1645=EDGE_LOOP('',(#6975,#6976,#6977,#6978));
#1646=EDGE_LOOP('',(#6979,#6980,#6981,#6982));
#1647=EDGE_LOOP('',(#6983,#6984,#6985,#6986));
#1648=EDGE_LOOP('',(#6987,#6988,#6989,#6990));
#1649=EDGE_LOOP('',(#6991,#6992,#6993,#6994));
#1650=EDGE_LOOP('',(#6995,#6996,#6997,#6998));
#1651=EDGE_LOOP('',(#6999));
#1652=EDGE_LOOP('',(#7000));
#1653=EDGE_LOOP('',(#7001));
#1654=EDGE_LOOP('',(#7002));
#1655=EDGE_LOOP('',(#7003,#7004,#7005,#7006));
#1656=EDGE_LOOP('',(#7007,#7008,#7009,#7010));
#1657=EDGE_LOOP('',(#7011,#7012,#7013,#7014));
#1658=EDGE_LOOP('',(#7015,#7016,#7017,#7018));
#1659=EDGE_LOOP('',(#7019,#7020,#7021,#7022));
#1660=EDGE_LOOP('',(#7023,#7024,#7025,#7026));
#1661=EDGE_LOOP('',(#7027));
#1662=EDGE_LOOP('',(#7028));
#1663=EDGE_LOOP('',(#7029));
#1664=EDGE_LOOP('',(#7030));
#1665=EDGE_LOOP('',(#7031,#7032,#7033,#7034));
#1666=EDGE_LOOP('',(#7035,#7036,#7037,#7038));
#1667=EDGE_LOOP('',(#7039,#7040,#7041,#7042));
#1668=EDGE_LOOP('',(#7043,#7044,#7045,#7046));
#1669=EDGE_LOOP('',(#7047,#7048,#7049,#7050));
#1670=EDGE_LOOP('',(#7051,#7052,#7053,#7054));
#1671=EDGE_LOOP('',(#7055,#7056,#7057,#7058));
#1672=EDGE_LOOP('',(#7059,#7060,#7061,#7062));
#1673=EDGE_LOOP('',(#7063,#7064,#7065,#7066));
#1674=EDGE_LOOP('',(#7067,#7068,#7069,#7070));
#1675=EDGE_LOOP('',(#7071,#7072,#7073,#7074));
#1676=EDGE_LOOP('',(#7075));
#1677=EDGE_LOOP('',(#7076));
#1678=EDGE_LOOP('',(#7077));
#1679=EDGE_LOOP('',(#7078));
#1680=EDGE_LOOP('',(#7079,#7080,#7081,#7082));
#1681=EDGE_LOOP('',(#7083,#7084,#7085,#7086));
#1682=EDGE_LOOP('',(#7087,#7088,#7089,#7090));
#1683=EDGE_LOOP('',(#7091,#7092,#7093,#7094));
#1684=EDGE_LOOP('',(#7095,#7096,#7097,#7098));
#1685=EDGE_LOOP('',(#7099,#7100,#7101,#7102));
#1686=EDGE_LOOP('',(#7103));
#1687=EDGE_LOOP('',(#7104));
#1688=EDGE_LOOP('',(#7105));
#1689=EDGE_LOOP('',(#7106));
#1690=EDGE_LOOP('',(#7107,#7108,#7109,#7110));
#1691=EDGE_LOOP('',(#7111,#7112,#7113,#7114));
#1692=EDGE_LOOP('',(#7115,#7116,#7117,#7118));
#1693=EDGE_LOOP('',(#7119,#7120,#7121,#7122));
#1694=EDGE_LOOP('',(#7123,#7124,#7125,#7126));
#1695=EDGE_LOOP('',(#7127,#7128,#7129,#7130));
#1696=EDGE_LOOP('',(#7131,#7132,#7133,#7134));
#1697=EDGE_LOOP('',(#7135,#7136,#7137,#7138));
#1698=EDGE_LOOP('',(#7139,#7140,#7141,#7142));
#1699=EDGE_LOOP('',(#7143,#7144,#7145,#7146));
#1700=EDGE_LOOP('',(#7147,#7148,#7149,#7150));
#1701=EDGE_LOOP('',(#7151,#7152,#7153,#7154));
#1702=EDGE_LOOP('',(#7155,#7156,#7157,#7158));
#1703=EDGE_LOOP('',(#7159,#7160,#7161,#7162));
#1704=EDGE_LOOP('',(#7163,#7164,#7165,#7166));
#1705=EDGE_LOOP('',(#7167,#7168,#7169,#7170));
#1706=EDGE_LOOP('',(#7171,#7172,#7173,#7174));
#1707=EDGE_LOOP('',(#7175,#7176,#7177,#7178));
#1708=EDGE_LOOP('',(#7179,#7180,#7181,#7182));
#1709=EDGE_LOOP('',(#7183,#7184,#7185,#7186));
#1710=EDGE_LOOP('',(#7187,#7188,#7189,#7190));
#1711=EDGE_LOOP('',(#7191,#7192,#7193,#7194));
#1712=EDGE_LOOP('',(#7195,#7196,#7197,#7198));
#1713=EDGE_LOOP('',(#7199,#7200,#7201,#7202));
#1714=EDGE_LOOP('',(#7203,#7204,#7205,#7206));
#1715=EDGE_LOOP('',(#7207,#7208,#7209,#7210));
#1716=EDGE_LOOP('',(#7211,#7212,#7213,#7214));
#1717=EDGE_LOOP('',(#7215,#7216,#7217,#7218));
#1718=EDGE_LOOP('',(#7219,#7220,#7221,#7222));
#1719=EDGE_LOOP('',(#7223,#7224,#7225,#7226));
#1720=EDGE_LOOP('',(#7227,#7228,#7229,#7230));
#1721=EDGE_LOOP('',(#7231,#7232,#7233,#7234));
#1722=EDGE_LOOP('',(#7235,#7236,#7237,#7238));
#1723=EDGE_LOOP('',(#7239,#7240,#7241,#7242));
#1724=EDGE_LOOP('',(#7243,#7244,#7245,#7246));
#1725=EDGE_LOOP('',(#7247,#7248,#7249,#7250));
#1726=EDGE_LOOP('',(#7251,#7252,#7253,#7254));
#1727=EDGE_LOOP('',(#7255,#7256,#7257,#7258));
#1728=EDGE_LOOP('',(#7259,#7260,#7261,#7262));
#1729=EDGE_LOOP('',(#7263,#7264,#7265,#7266));
#1730=EDGE_LOOP('',(#7267,#7268,#7269,#7270));
#1731=EDGE_LOOP('',(#7271,#7272,#7273,#7274));
#1732=EDGE_LOOP('',(#7275,#7276,#7277,#7278));
#1733=EDGE_LOOP('',(#7279,#7280,#7281,#7282));
#1734=EDGE_LOOP('',(#7283,#7284,#7285,#7286));
#1735=EDGE_LOOP('',(#7287,#7288,#7289,#7290));
#1736=EDGE_LOOP('',(#7291,#7292,#7293,#7294));
#1737=EDGE_LOOP('',(#7295,#7296,#7297,#7298));
#1738=EDGE_LOOP('',(#7299,#7300,#7301,#7302));
#1739=EDGE_LOOP('',(#7303,#7304,#7305,#7306));
#1740=EDGE_LOOP('',(#7307,#7308,#7309,#7310));
#1741=EDGE_LOOP('',(#7311,#7312,#7313,#7314));
#1742=EDGE_LOOP('',(#7315,#7316,#7317,#7318));
#1743=EDGE_LOOP('',(#7319,#7320,#7321,#7322));
#1744=EDGE_LOOP('',(#7323,#7324,#7325,#7326));
#1745=EDGE_LOOP('',(#7327,#7328,#7329,#7330));
#1746=EDGE_LOOP('',(#7331,#7332,#7333,#7334));
#1747=EDGE_LOOP('',(#7335,#7336,#7337,#7338));
#1748=EDGE_LOOP('',(#7339,#7340,#7341,#7342));
#1749=EDGE_LOOP('',(#7343));
#1750=EDGE_LOOP('',(#7344));
#1751=EDGE_LOOP('',(#7345));
#1752=EDGE_LOOP('',(#7346));
#1753=EDGE_LOOP('',(#7347,#7348,#7349,#7350));
#1754=EDGE_LOOP('',(#7351,#7352,#7353,#7354));
#1755=EDGE_LOOP('',(#7355,#7356,#7357,#7358));
#1756=EDGE_LOOP('',(#7359,#7360,#7361,#7362,#7363,#7364,#7365,#7366,#7367,
#7368,#7369,#7370,#7371,#7372,#7373,#7374,#7375,#7376,#7377,#7378,#7379,
#7380,#7381,#7382,#7383,#7384,#7385,#7386,#7387,#7388,#7389,#7390,#7391,
#7392,#7393,#7394,#7395,#7396,#7397,#7398,#7399,#7400,#7401,#7402,#7403,
#7404,#7405,#7406,#7407,#7408,#7409,#7410,#7411,#7412,#7413,#7414,#7415,
#7416,#7417,#7418,#7419,#7420,#7421,#7422,#7423,#7424,#7425,#7426,#7427,
#7428,#7429,#7430,#7431,#7432,#7433,#7434,#7435,#7436,#7437,#7438,#7439,
#7440,#7441,#7442,#7443,#7444,#7445,#7446,#7447,#7448,#7449,#7450,#7451,
#7452,#7453,#7454,#7455,#7456,#7457,#7458,#7459,#7460,#7461,#7462));
#1757=EDGE_LOOP('',(#7463));
#1758=EDGE_LOOP('',(#7464));
#1759=EDGE_LOOP('',(#7465));
#1760=EDGE_LOOP('',(#7466));
#1761=EDGE_LOOP('',(#7467,#7468,#7469,#7470,#7471,#7472,#7473,#7474,#7475,
#7476,#7477,#7478));
#1762=EDGE_LOOP('',(#7479,#7480,#7481,#7482,#7483,#7484,#7485,#7486,#7487,
#7488,#7489,#7490));
#1763=EDGE_LOOP('',(#7491,#7492,#7493,#7494,#7495,#7496,#7497,#7498,#7499,
#7500,#7501,#7502));
#1764=EDGE_LOOP('',(#7503,#7504,#7505,#7506));
#1765=EDGE_LOOP('',(#7507,#7508,#7509,#7510));
#1766=EDGE_LOOP('',(#7511,#7512,#7513,#7514));
#1767=EDGE_LOOP('',(#7515,#7516,#7517,#7518));
#1768=EDGE_LOOP('',(#7519));
#1769=EDGE_LOOP('',(#7520));
#1770=EDGE_LOOP('',(#7521));
#1771=EDGE_LOOP('',(#7522));
#1772=EDGE_LOOP('',(#7523,#7524,#7525,#7526));
#1773=EDGE_LOOP('',(#7527));
#1774=EDGE_LOOP('',(#7528));
#1775=EDGE_LOOP('',(#7529,#7530,#7531,#7532));
#1776=EDGE_LOOP('',(#7533));
#1777=EDGE_LOOP('',(#7534));
#1778=EDGE_LOOP('',(#7535,#7536,#7537,#7538));
#1779=EDGE_LOOP('',(#7539));
#1780=EDGE_LOOP('',(#7540));
#1781=EDGE_LOOP('',(#7541,#7542,#7543,#7544));
#1782=EDGE_LOOP('',(#7545));
#1783=EDGE_LOOP('',(#7546));
#1784=EDGE_LOOP('',(#7547,#7548,#7549,#7550));
#1785=EDGE_LOOP('',(#7551));
#1786=EDGE_LOOP('',(#7552,#7553,#7554,#7555));
#1787=EDGE_LOOP('',(#7556));
#1788=EDGE_LOOP('',(#7557,#7558,#7559,#7560));
#1789=EDGE_LOOP('',(#7561,#7562,#7563,#7564));
#1790=EDGE_LOOP('',(#7565,#7566,#7567,#7568));
#1791=EDGE_LOOP('',(#7569,#7570,#7571,#7572));
#1792=EDGE_LOOP('',(#7573,#7574,#7575,#7576));
#1793=EDGE_LOOP('',(#7577,#7578,#7579,#7580));
#1794=EDGE_LOOP('',(#7581));
#1795=EDGE_LOOP('',(#7582));
#1796=EDGE_LOOP('',(#7583));
#1797=EDGE_LOOP('',(#7584));
#1798=EDGE_LOOP('',(#7585));
#1799=EDGE_LOOP('',(#7586));
#1800=EDGE_LOOP('',(#7587));
#1801=EDGE_LOOP('',(#7588,#7589,#7590,#7591));
#1802=EDGE_LOOP('',(#7592,#7593,#7594,#7595));
#1803=EDGE_LOOP('',(#7596,#7597,#7598,#7599));
#1804=EDGE_LOOP('',(#7600,#7601,#7602,#7603));
#1805=EDGE_LOOP('',(#7604,#7605,#7606,#7607));
#1806=EDGE_LOOP('',(#7608));
#1807=EDGE_LOOP('',(#7609));
#1808=EDGE_LOOP('',(#7610));
#1809=EDGE_LOOP('',(#7611));
#1810=EDGE_LOOP('',(#7612));
#1811=EDGE_LOOP('',(#7613,#7614,#7615,#7616));
#1812=EDGE_LOOP('',(#7617,#7618,#7619,#7620));
#1813=EDGE_LOOP('',(#7621));
#1814=EDGE_LOOP('',(#7622,#7623,#7624,#7625));
#1815=EDGE_LOOP('',(#7626,#7627,#7628,#7629));
#1816=EDGE_LOOP('',(#7630));
#1817=EDGE_LOOP('',(#7631,#7632,#7633,#7634,#7635,#7636));
#1818=EDGE_LOOP('',(#7637,#7638,#7639,#7640));
#1819=EDGE_LOOP('',(#7641,#7642,#7643,#7644));
#1820=EDGE_LOOP('',(#7645,#7646,#7647,#7648));
#1821=EDGE_LOOP('',(#7649,#7650,#7651,#7652));
#1822=EDGE_LOOP('',(#7653,#7654,#7655,#7656));
#1823=EDGE_LOOP('',(#7657,#7658,#7659,#7660));
#1824=EDGE_LOOP('',(#7661,#7662,#7663,#7664,#7665,#7666));
#1825=EDGE_LOOP('',(#7667));
#1826=EDGE_LOOP('',(#7668));
#1827=EDGE_LOOP('',(#7669,#7670,#7671,#7672));
#1828=EDGE_LOOP('',(#7673));
#1829=EDGE_LOOP('',(#7674));
#1830=EDGE_LOOP('',(#7675,#7676,#7677,#7678));
#1831=EDGE_LOOP('',(#7679,#7680,#7681,#7682));
#1832=EDGE_LOOP('',(#7683,#7684,#7685,#7686));
#1833=EDGE_LOOP('',(#7687));
#1834=EDGE_LOOP('',(#7688));
#1835=EDGE_LOOP('',(#7689));
#1836=EDGE_LOOP('',(#7690,#7691,#7692,#7693));
#1837=EDGE_LOOP('',(#7694,#7695,#7696,#7697));
#1838=EDGE_LOOP('',(#7698,#7699,#7700,#7701));
#1839=EDGE_LOOP('',(#7702,#7703,#7704,#7705,#7706,#7707));
#1840=EDGE_LOOP('',(#7708,#7709,#7710,#7711));
#1841=EDGE_LOOP('',(#7712,#7713,#7714,#7715,#7716,#7717));
#1842=EDGE_LOOP('',(#7718,#7719,#7720,#7721));
#1843=EDGE_LOOP('',(#7722,#7723,#7724,#7725));
#1844=EDGE_LOOP('',(#7726));
#1845=EDGE_LOOP('',(#7727));
#1846=EDGE_LOOP('',(#7728));
#1847=EDGE_LOOP('',(#7729));
#1848=EDGE_LOOP('',(#7730));
#1849=EDGE_LOOP('',(#7731,#7732,#7733,#7734));
#1850=EDGE_LOOP('',(#7735));
#1851=EDGE_LOOP('',(#7736));
#1852=EDGE_LOOP('',(#7737,#7738,#7739,#7740,#7741));
#1853=EDGE_LOOP('',(#7742,#7743,#7744,#7745,#7746,#7747));
#1854=EDGE_LOOP('',(#7748,#7749,#7750,#7751,#7752));
#1855=EDGE_LOOP('',(#7753,#7754,#7755,#7756,#7757,#7758));
#1856=EDGE_LOOP('',(#7759,#7760,#7761,#7762,#7763));
#1857=EDGE_LOOP('',(#7764));
#1858=EDGE_LOOP('',(#7765));
#1859=EDGE_LOOP('',(#7766,#7767,#7768,#7769));
#1860=EDGE_LOOP('',(#7770));
#1861=EDGE_LOOP('',(#7771));
#1862=EDGE_LOOP('',(#7772,#7773,#7774,#7775,#7776));
#1863=EDGE_LOOP('',(#7777,#7778));
#1864=EDGE_LOOP('',(#7779,#7780));
#1865=EDGE_LOOP('',(#7781,#7782));
#1866=EDGE_LOOP('',(#7783,#7784));
#1867=EDGE_LOOP('',(#7785,#7786));
#1868=EDGE_LOOP('',(#7787,#7788));
#1869=EDGE_LOOP('',(#7789,#7790));
#1870=EDGE_LOOP('',(#7791,#7792));
#1871=EDGE_LOOP('',(#7793,#7794,#7795,#7796));
#1872=EDGE_LOOP('',(#7797,#7798,#7799,#7800));
#1873=EDGE_LOOP('',(#7801,#7802,#7803,#7804));
#1874=EDGE_LOOP('',(#7805,#7806,#7807,#7808));
#1875=EDGE_LOOP('',(#7809,#7810,#7811,#7812));
#1876=EDGE_LOOP('',(#7813,#7814,#7815,#7816));
#1877=EDGE_LOOP('',(#7817,#7818,#7819,#7820));
#1878=EDGE_LOOP('',(#7821,#7822,#7823,#7824));
#1879=EDGE_LOOP('',(#7825,#7826,#7827,#7828,#7829,#7830));
#1880=EDGE_LOOP('',(#7831,#7832,#7833,#7834));
#1881=EDGE_LOOP('',(#7835,#7836,#7837,#7838));
#1882=EDGE_LOOP('',(#7839,#7840,#7841,#7842));
#1883=EDGE_LOOP('',(#7843,#7844,#7845,#7846));
#1884=EDGE_LOOP('',(#7847,#7848,#7849,#7850));
#1885=EDGE_LOOP('',(#7851,#7852,#7853,#7854));
#1886=EDGE_LOOP('',(#7855,#7856,#7857,#7858));
#1887=EDGE_LOOP('',(#7859,#7860,#7861,#7862));
#1888=EDGE_LOOP('',(#7863,#7864,#7865,#7866,#7867,#7868,#7869,#7870,#7871,
#7872,#7873,#7874,#7875,#7876,#7877,#7878,#7879,#7880,#7881,#7882,#7883,
#7884,#7885,#7886,#7887,#7888,#7889,#7890,#7891,#7892,#7893,#7894,#7895,
#7896,#7897,#7898));
#1889=EDGE_LOOP('',(#7899,#7900,#7901,#7902));
#1890=EDGE_LOOP('',(#7903,#7904,#7905,#7906));
#1891=EDGE_LOOP('',(#7907,#7908,#7909,#7910));
#1892=EDGE_LOOP('',(#7911,#7912,#7913,#7914));
#1893=EDGE_LOOP('',(#7915,#7916,#7917,#7918));
#1894=EDGE_LOOP('',(#7919,#7920,#7921,#7922));
#1895=EDGE_LOOP('',(#7923,#7924,#7925,#7926));
#1896=EDGE_LOOP('',(#7927,#7928,#7929,#7930,#7931,#7932));
#1897=EDGE_LOOP('',(#7933,#7934,#7935,#7936));
#1898=EDGE_LOOP('',(#7937,#7938,#7939,#7940));
#1899=EDGE_LOOP('',(#7941,#7942,#7943,#7944));
#1900=EDGE_LOOP('',(#7945,#7946,#7947,#7948));
#1901=EDGE_LOOP('',(#7949,#7950,#7951,#7952,#7953,#7954,#7955,#7956,#7957,
#7958,#7959,#7960,#7961,#7962,#7963,#7964,#7965,#7966,#7967,#7968,#7969,
#7970,#7971,#7972,#7973,#7974,#7975,#7976,#7977,#7978,#7979,#7980,#7981,
#7982,#7983,#7984));
#1902=EDGE_LOOP('',(#7985,#7986,#7987,#7988));
#1903=EDGE_LOOP('',(#7989,#7990,#7991,#7992));
#1904=EDGE_LOOP('',(#7993,#7994,#7995,#7996));
#1905=EDGE_LOOP('',(#7997,#7998,#7999,#8000));
#1906=EDGE_LOOP('',(#8001,#8002,#8003,#8004));
#1907=EDGE_LOOP('',(#8005,#8006,#8007,#8008));
#1908=EDGE_LOOP('',(#8009,#8010,#8011,#8012));
#1909=EDGE_LOOP('',(#8013,#8014,#8015,#8016));
#1910=EDGE_LOOP('',(#8017,#8018,#8019,#8020));
#1911=EDGE_LOOP('',(#8021,#8022,#8023,#8024,#8025,#8026));
#1912=EDGE_LOOP('',(#8027,#8028,#8029,#8030));
#1913=EDGE_LOOP('',(#8031,#8032,#8033,#8034));
#1914=EDGE_LOOP('',(#8035,#8036,#8037,#8038));
#1915=EDGE_LOOP('',(#8039,#8040,#8041,#8042));
#1916=EDGE_LOOP('',(#8043,#8044,#8045,#8046));
#1917=EDGE_LOOP('',(#8047,#8048,#8049,#8050));
#1918=EDGE_LOOP('',(#8051,#8052,#8053,#8054));
#1919=EDGE_LOOP('',(#8055,#8056,#8057,#8058));
#1920=EDGE_LOOP('',(#8059,#8060,#8061,#8062));
#1921=EDGE_LOOP('',(#8063,#8064,#8065,#8066));
#1922=EDGE_LOOP('',(#8067,#8068,#8069,#8070,#8071,#8072,#8073,#8074,#8075,
#8076,#8077,#8078,#8079,#8080,#8081,#8082,#8083,#8084,#8085,#8086,#8087,
#8088,#8089,#8090,#8091,#8092,#8093,#8094,#8095,#8096,#8097,#8098,#8099,
#8100,#8101,#8102));
#1923=EDGE_LOOP('',(#8103,#8104,#8105,#8106));
#1924=EDGE_LOOP('',(#8107,#8108,#8109,#8110));
#1925=EDGE_LOOP('',(#8111,#8112,#8113,#8114));
#1926=EDGE_LOOP('',(#8115,#8116,#8117,#8118));
#1927=EDGE_LOOP('',(#8119,#8120,#8121,#8122));
#1928=EDGE_LOOP('',(#8123,#8124,#8125,#8126,#8127,#8128));
#1929=EDGE_LOOP('',(#8129,#8130,#8131,#8132));
#1930=EDGE_LOOP('',(#8133,#8134,#8135,#8136));
#1931=EDGE_LOOP('',(#8137,#8138,#8139,#8140));
#1932=EDGE_LOOP('',(#8141,#8142,#8143,#8144));
#1933=EDGE_LOOP('',(#8145,#8146,#8147,#8148));
#1934=EDGE_LOOP('',(#8149,#8150,#8151,#8152));
#1935=EDGE_LOOP('',(#8153,#8154,#8155,#8156,#8157,#8158,#8159,#8160,#8161,
#8162,#8163,#8164,#8165,#8166,#8167,#8168,#8169,#8170,#8171,#8172,#8173,
#8174,#8175,#8176,#8177,#8178,#8179,#8180,#8181,#8182,#8183,#8184,#8185,
#8186,#8187,#8188));
#1936=EDGE_LOOP('',(#8189,#8190,#8191,#8192));
#1937=EDGE_LOOP('',(#8193,#8194,#8195,#8196));
#1938=EDGE_LOOP('',(#8197,#8198,#8199,#8200));
#1939=EDGE_LOOP('',(#8201,#8202,#8203,#8204));
#1940=EDGE_LOOP('',(#8205,#8206,#8207,#8208,#8209,#8210,#8211,#8212));
#1941=EDGE_LOOP('',(#8213,#8214,#8215,#8216,#8217,#8218,#8219,#8220));
#1942=EDGE_LOOP('',(#8221,#8222,#8223,#8224));
#1943=EDGE_LOOP('',(#8225,#8226,#8227,#8228,#8229));
#1944=EDGE_LOOP('',(#8230,#8231,#8232,#8233,#8234,#8235,#8236,#8237));
#1945=EDGE_LOOP('',(#8238,#8239,#8240,#8241));
#1946=EDGE_LOOP('',(#8242,#8243,#8244,#8245,#8246));
#1947=EDGE_LOOP('',(#8247,#8248,#8249,#8250));
#1948=EDGE_LOOP('',(#8251,#8252,#8253,#8254,#8255));
#1949=EDGE_LOOP('',(#8256,#8257,#8258,#8259));
#1950=EDGE_LOOP('',(#8260,#8261,#8262,#8263));
#1951=EDGE_LOOP('',(#8264,#8265,#8266,#8267));
#1952=EDGE_LOOP('',(#8268,#8269,#8270,#8271));
#1953=EDGE_LOOP('',(#8272,#8273,#8274,#8275));
#1954=EDGE_LOOP('',(#8276,#8277,#8278,#8279));
#1955=EDGE_LOOP('',(#8280,#8281,#8282,#8283));
#1956=EDGE_LOOP('',(#8284,#8285,#8286,#8287));
#1957=EDGE_LOOP('',(#8288,#8289,#8290,#8291,#8292,#8293,#8294,#8295,#8296,
#8297,#8298,#8299));
#1958=EDGE_LOOP('',(#8300,#8301,#8302,#8303,#8304));
#1959=EDGE_LOOP('',(#8305,#8306,#8307,#8308,#8309,#8310,#8311,#8312));
#1960=EDGE_LOOP('',(#8313,#8314,#8315,#8316,#8317,#8318,#8319,#8320));
#1961=EDGE_LOOP('',(#8321,#8322,#8323,#8324));
#1962=EDGE_LOOP('',(#8325,#8326,#8327,#8328,#8329));
#1963=EDGE_LOOP('',(#8330,#8331,#8332,#8333,#8334,#8335,#8336,#8337,#8338,
#8339,#8340,#8341));
#1964=EDGE_LOOP('',(#8342,#8343,#8344,#8345));
#1965=EDGE_LOOP('',(#8346,#8347,#8348,#8349,#8350,#8351,#8352,#8353,#8354,
#8355,#8356,#8357));
#1966=EDGE_LOOP('',(#8358,#8359,#8360,#8361,#8362));
#1967=EDGE_LOOP('',(#8363,#8364,#8365,#8366));
#1968=EDGE_LOOP('',(#8367,#8368,#8369,#8370,#8371,#8372,#8373,#8374,#8375,
#8376,#8377,#8378));
#1969=EDGE_LOOP('',(#8379,#8380,#8381,#8382,#8383));
#1970=EDGE_LOOP('',(#8384,#8385,#8386,#8387));
#1971=EDGE_LOOP('',(#8388,#8389,#8390,#8391,#8392));
#1972=EDGE_LOOP('',(#8393,#8394,#8395,#8396));
#1973=EDGE_LOOP('',(#8397,#8398,#8399,#8400));
#1974=EDGE_LOOP('',(#8401,#8402,#8403,#8404));
#1975=EDGE_LOOP('',(#8405,#8406,#8407,#8408));
#1976=EDGE_LOOP('',(#8409,#8410,#8411,#8412));
#1977=EDGE_LOOP('',(#8413,#8414,#8415,#8416));
#1978=EDGE_LOOP('',(#8417,#8418,#8419,#8420));
#1979=EDGE_LOOP('',(#8421,#8422,#8423,#8424));
#1980=EDGE_LOOP('',(#8425,#8426,#8427,#8428,#8429,#8430,#8431,#8432,#8433,
#8434,#8435,#8436));
#1981=EDGE_LOOP('',(#8437,#8438,#8439,#8440,#8441));
#1982=EDGE_LOOP('',(#8442,#8443,#8444,#8445,#8446));
#1983=EDGE_LOOP('',(#8447,#8448,#8449,#8450,#8451));
#1984=EDGE_LOOP('',(#8452,#8453,#8454,#8455,#8456));
#1985=EDGE_LOOP('',(#8457,#8458,#8459,#8460));
#1986=EDGE_LOOP('',(#8461,#8462,#8463,#8464));
#1987=EDGE_LOOP('',(#8465,#8466,#8467,#8468));
#1988=EDGE_LOOP('',(#8469,#8470,#8471,#8472,#8473,#8474,#8475,#8476,#8477,
#8478,#8479,#8480));
#1989=EDGE_LOOP('',(#8481,#8482,#8483,#8484));
#1990=EDGE_LOOP('',(#8485,#8486,#8487,#8488));
#1991=EDGE_LOOP('',(#8489,#8490,#8491,#8492));
#1992=EDGE_LOOP('',(#8493,#8494,#8495,#8496));
#1993=EDGE_LOOP('',(#8497,#8498,#8499,#8500));
#1994=EDGE_LOOP('',(#8501,#8502,#8503,#8504,#8505,#8506,#8507,#8508,#8509,
#8510,#8511,#8512));
#1995=EDGE_LOOP('',(#8513,#8514,#8515,#8516));
#1996=EDGE_LOOP('',(#8517,#8518,#8519,#8520));
#1997=EDGE_LOOP('',(#8521));
#1998=EDGE_LOOP('',(#8522));
#1999=EDGE_LOOP('',(#8523,#8524,#8525,#8526));
#2000=EDGE_LOOP('',(#8527,#8528,#8529,#8530,#8531,#8532,#8533,#8534));
#2001=EDGE_LOOP('',(#8535,#8536,#8537,#8538,#8539));
#2002=EDGE_LOOP('',(#8540,#8541,#8542,#8543));
#2003=EDGE_LOOP('',(#8544,#8545,#8546,#8547,#8548,#8549,#8550,#8551));
#2004=EDGE_LOOP('',(#8552,#8553,#8554,#8555,#8556));
#2005=EDGE_LOOP('',(#8557,#8558,#8559,#8560));
#2006=EDGE_LOOP('',(#8561,#8562,#8563,#8564,#8565,#8566,#8567,#8568));
#2007=EDGE_LOOP('',(#8569));
#2008=EDGE_LOOP('',(#8570,#8571,#8572,#8573,#8574,#8575,#8576,#8577));
#2009=EDGE_LOOP('',(#8578,#8579,#8580,#8581));
#2010=EDGE_LOOP('',(#8582,#8583,#8584,#8585,#8586));
#2011=EDGE_LOOP('',(#8587,#8588,#8589,#8590));
#2012=EDGE_LOOP('',(#8591,#8592,#8593,#8594));
#2013=EDGE_LOOP('',(#8595,#8596,#8597,#8598));
#2014=EDGE_LOOP('',(#8599,#8600,#8601,#8602));
#2015=EDGE_LOOP('',(#8603,#8604,#8605,#8606));
#2016=EDGE_LOOP('',(#8607,#8608,#8609,#8610));
#2017=EDGE_LOOP('',(#8611,#8612,#8613,#8614));
#2018=EDGE_LOOP('',(#8615,#8616,#8617,#8618));
#2019=EDGE_LOOP('',(#8619,#8620,#8621,#8622,#8623,#8624,#8625,#8626,#8627,
#8628,#8629,#8630));
#2020=EDGE_LOOP('',(#8631));
#2021=EDGE_LOOP('',(#8632,#8633,#8634,#8635,#8636));
#2022=EDGE_LOOP('',(#8637,#8638,#8639,#8640,#8641,#8642,#8643,#8644));
#2023=EDGE_LOOP('',(#8645,#8646,#8647,#8648));
#2024=EDGE_LOOP('',(#8649));
#2025=EDGE_LOOP('',(#8650));
#2026=EDGE_LOOP('',(#8651,#8652,#8653,#8654,#8655,#8656));
#2027=EDGE_LOOP('',(#8657,#8658,#8659,#8660,#8661,#8662));
#2028=EDGE_LOOP('',(#8663,#8664,#8665,#8666,#8667,#8668,#8669));
#2029=EDGE_LOOP('',(#8670,#8671,#8672,#8673,#8674,#8675));
#2030=EDGE_LOOP('',(#8676,#8677,#8678,#8679,#8680,#8681));
#2031=EDGE_LOOP('',(#8682,#8683,#8684,#8685,#8686,#8687));
#2032=EDGE_LOOP('',(#8688,#8689,#8690,#8691,#8692,#8693,#8694,#8695,#8696,
#8697,#8698,#8699,#8700,#8701,#8702,#8703,#8704,#8705,#8706,#8707,#8708,
#8709,#8710,#8711));
#2033=EDGE_LOOP('',(#8712,#8713,#8714,#8715));
#2034=EDGE_LOOP('',(#8716,#8717,#8718,#8719));
#2035=EDGE_LOOP('',(#8720,#8721,#8722,#8723));
#2036=EDGE_LOOP('',(#8724,#8725,#8726,#8727));
#2037=EDGE_LOOP('',(#8728,#8729,#8730,#8731));
#2038=EDGE_LOOP('',(#8732,#8733,#8734,#8735));
#2039=EDGE_LOOP('',(#8736,#8737,#8738,#8739,#8740,#8741));
#2040=EDGE_LOOP('',(#8742,#8743,#8744,#8745,#8746,#8747,#8748,#8749,#8750,
#8751,#8752,#8753));
#2041=EDGE_LOOP('',(#8754));
#2042=EDGE_LOOP('',(#8755,#8756));
#2043=EDGE_LOOP('',(#8757));
#2044=EDGE_LOOP('',(#8758));
#2045=EDGE_LOOP('',(#8759,#8760,#8761,#8762,#8763,#8764));
#2046=EDGE_LOOP('',(#8765,#8766,#8767,#8768));
#2047=EDGE_LOOP('',(#8769,#8770,#8771,#8772));
#2048=EDGE_LOOP('',(#8773,#8774,#8775,#8776));
#2049=EDGE_LOOP('',(#8777));
#2050=EDGE_LOOP('',(#8778,#8779,#8780,#8781));
#2051=EDGE_LOOP('',(#8782));
#2052=EDGE_LOOP('',(#8783,#8784,#8785,#8786));
#2053=EDGE_LOOP('',(#8787));
#2054=EDGE_LOOP('',(#8788,#8789,#8790,#8791));
#2055=EDGE_LOOP('',(#8792));
#2056=EDGE_LOOP('',(#8793,#8794,#8795,#8796));
#2057=EDGE_LOOP('',(#8797));
#2058=EDGE_LOOP('',(#8798,#8799,#8800,#8801));
#2059=EDGE_LOOP('',(#8802));
#2060=EDGE_LOOP('',(#8803,#8804,#8805,#8806));
#2061=EDGE_LOOP('',(#8807));
#2062=EDGE_LOOP('',(#8808,#8809,#8810,#8811));
#2063=EDGE_LOOP('',(#8812));
#2064=EDGE_LOOP('',(#8813,#8814,#8815,#8816));
#2065=EDGE_LOOP('',(#8817,#8818,#8819,#8820));
#2066=EDGE_LOOP('',(#8821,#8822,#8823,#8824));
#2067=EDGE_LOOP('',(#8825,#8826,#8827,#8828));
#2068=EDGE_LOOP('',(#8829));
#2069=EDGE_LOOP('',(#8830));
#2070=EDGE_LOOP('',(#8831));
#2071=EDGE_LOOP('',(#8832,#8833,#8834,#8835));
#2072=EDGE_LOOP('',(#8836));
#2073=EDGE_LOOP('',(#8837));
#2074=EDGE_LOOP('',(#8838));
#2075=EDGE_LOOP('',(#8839));
#2076=EDGE_LOOP('',(#8840,#8841,#8842,#8843));
#2077=EDGE_LOOP('',(#8844,#8845,#8846,#8847));
#2078=EDGE_LOOP('',(#8848));
#2079=EDGE_LOOP('',(#8849));
#2080=EDGE_LOOP('',(#8850));
#2081=EDGE_LOOP('',(#8851));
#2082=EDGE_LOOP('',(#8852,#8853,#8854,#8855));
#2083=EDGE_LOOP('',(#8856,#8857,#8858,#8859));
#2084=EDGE_LOOP('',(#8860));
#2085=EDGE_LOOP('',(#8861));
#2086=EDGE_LOOP('',(#8862));
#2087=EDGE_LOOP('',(#8863,#8864,#8865,#8866));
#2088=EDGE_LOOP('',(#8867));
#2089=EDGE_LOOP('',(#8868,#8869,#8870,#8871));
#2090=EDGE_LOOP('',(#8872));
#2091=EDGE_LOOP('',(#8873));
#2092=EDGE_LOOP('',(#8874));
#2093=EDGE_LOOP('',(#8875,#8876,#8877,#8878));
#2094=EDGE_LOOP('',(#8879));
#2095=EDGE_LOOP('',(#8880));
#2096=LINE('',#13317,#2963);
#2097=LINE('',#13323,#2964);
#2098=LINE('',#13332,#2965);
#2099=LINE('',#13338,#2966);
#2100=LINE('',#13344,#2967);
#2101=LINE('',#13350,#2968);
#2102=LINE('',#13356,#2969);
#2103=LINE('',#13362,#2970);
#2104=LINE('',#13368,#2971);
#2105=LINE('',#13373,#2972);
#2106=LINE('',#13375,#2973);
#2107=LINE('',#13377,#2974);
#2108=LINE('',#13378,#2975);
#2109=LINE('',#13381,#2976);
#2110=LINE('',#13383,#2977);
#2111=LINE('',#13384,#2978);
#2112=LINE('',#13388,#2979);
#2113=LINE('',#13389,#2980);
#2114=LINE('',#13390,#2981);
#2115=LINE('',#13393,#2982);
#2116=LINE('',#13395,#2983);
#2117=LINE('',#13396,#2984);
#2118=LINE('',#13400,#2985);
#2119=LINE('',#13401,#2986);
#2120=LINE('',#13402,#2987);
#2121=LINE('',#13405,#2988);
#2122=LINE('',#13407,#2989);
#2123=LINE('',#13408,#2990);
#2124=LINE('',#13411,#2991);
#2125=LINE('',#13413,#2992);
#2126=LINE('',#13414,#2993);
#2127=LINE('',#13416,#2994);
#2128=LINE('',#13417,#2995);
#2129=LINE('',#13425,#2996);
#2130=LINE('',#13430,#2997);
#2131=LINE('',#13436,#2998);
#2132=LINE('',#13438,#2999);
#2133=LINE('',#13440,#3000);
#2134=LINE('',#13441,#3001);
#2135=LINE('',#13444,#3002);
#2136=LINE('',#13446,#3003);
#2137=LINE('',#13447,#3004);
#2138=LINE('',#13450,#3005);
#2139=LINE('',#13451,#3006);
#2140=LINE('',#13454,#3007);
#2141=LINE('',#13455,#3008);
#2142=LINE('',#13457,#3009);
#2143=LINE('',#13466,#3010);
#2144=LINE('',#13475,#3011);
#2145=LINE('',#13484,#3012);
#2146=LINE('',#13493,#3013);
#2147=LINE('',#13502,#3014);
#2148=LINE('',#13508,#3015);
#2149=LINE('',#13514,#3016);
#2150=LINE('',#13520,#3017);
#2151=LINE('',#13526,#3018);
#2152=LINE('',#13533,#3019);
#2153=LINE('',#13540,#3020);
#2154=LINE('',#13545,#3021);
#2155=LINE('',#13549,#3022);
#2156=LINE('',#13553,#3023);
#2157=LINE('',#13557,#3024);
#2158=LINE('',#13561,#3025);
#2159=LINE('',#13563,#3026);
#2160=LINE('',#13565,#3027);
#2161=LINE('',#13566,#3028);
#2162=LINE('',#13569,#3029);
#2163=LINE('',#13571,#3030);
#2164=LINE('',#13572,#3031);
#2165=LINE('',#13575,#3032);
#2166=LINE('',#13576,#3033);
#2167=LINE('',#13579,#3034);
#2168=LINE('',#13580,#3035);
#2169=LINE('',#13582,#3036);
#2170=LINE('',#13589,#3037);
#2171=LINE('',#13595,#3038);
#2172=LINE('',#13602,#3039);
#2173=LINE('',#13608,#3040);
#2174=LINE('',#13615,#3041);
#2175=LINE('',#13621,#3042);
#2176=LINE('',#13628,#3043);
#2177=LINE('',#13634,#3044);
#2178=LINE('',#13641,#3045);
#2179=LINE('',#13647,#3046);
#2180=LINE('',#13654,#3047);
#2181=LINE('',#13660,#3048);
#2182=LINE('',#13667,#3049);
#2183=LINE('',#13673,#3050);
#2184=LINE('',#13680,#3051);
#2185=LINE('',#13686,#3052);
#2186=LINE('',#13692,#3053);
#2187=LINE('',#13694,#3054);
#2188=LINE('',#13696,#3055);
#2189=LINE('',#13697,#3056);
#2190=LINE('',#13700,#3057);
#2191=LINE('',#13702,#3058);
#2192=LINE('',#13703,#3059);
#2193=LINE('',#13706,#3060);
#2194=LINE('',#13708,#3061);
#2195=LINE('',#13710,#3062);
#2196=LINE('',#13712,#3063);
#2197=LINE('',#13714,#3064);
#2198=LINE('',#13716,#3065);
#2199=LINE('',#13718,#3066);
#2200=LINE('',#13720,#3067);
#2201=LINE('',#13722,#3068);
#2202=LINE('',#13724,#3069);
#2203=LINE('',#13726,#3070);
#2204=LINE('',#13728,#3071);
#2205=LINE('',#13730,#3072);
#2206=LINE('',#13732,#3073);
#2207=LINE('',#13734,#3074);
#2208=LINE('',#13736,#3075);
#2209=LINE('',#13738,#3076);
#2210=LINE('',#13740,#3077);
#2211=LINE('',#13742,#3078);
#2212=LINE('',#13744,#3079);
#2213=LINE('',#13746,#3080);
#2214=LINE('',#13748,#3081);
#2215=LINE('',#13750,#3082);
#2216=LINE('',#13752,#3083);
#2217=LINE('',#13754,#3084);
#2218=LINE('',#13756,#3085);
#2219=LINE('',#13758,#3086);
#2220=LINE('',#13760,#3087);
#2221=LINE('',#13762,#3088);
#2222=LINE('',#13764,#3089);
#2223=LINE('',#13766,#3090);
#2224=LINE('',#13768,#3091);
#2225=LINE('',#13770,#3092);
#2226=LINE('',#13772,#3093);
#2227=LINE('',#13774,#3094);
#2228=LINE('',#13776,#3095);
#2229=LINE('',#13778,#3096);
#2230=LINE('',#13780,#3097);
#2231=LINE('',#13782,#3098);
#2232=LINE('',#13784,#3099);
#2233=LINE('',#13786,#3100);
#2234=LINE('',#13788,#3101);
#2235=LINE('',#13790,#3102);
#2236=LINE('',#13792,#3103);
#2237=LINE('',#13794,#3104);
#2238=LINE('',#13796,#3105);
#2239=LINE('',#13798,#3106);
#2240=LINE('',#13800,#3107);
#2241=LINE('',#13802,#3108);
#2242=LINE('',#13804,#3109);
#2243=LINE('',#13806,#3110);
#2244=LINE('',#13808,#3111);
#2245=LINE('',#13810,#3112);
#2246=LINE('',#13812,#3113);
#2247=LINE('',#13814,#3114);
#2248=LINE('',#13816,#3115);
#2249=LINE('',#13818,#3116);
#2250=LINE('',#13820,#3117);
#2251=LINE('',#13822,#3118);
#2252=LINE('',#13824,#3119);
#2253=LINE('',#13826,#3120);
#2254=LINE('',#13828,#3121);
#2255=LINE('',#13830,#3122);
#2256=LINE('',#13832,#3123);
#2257=LINE('',#13834,#3124);
#2258=LINE('',#13836,#3125);
#2259=LINE('',#13838,#3126);
#2260=LINE('',#13840,#3127);
#2261=LINE('',#13842,#3128);
#2262=LINE('',#13844,#3129);
#2263=LINE('',#13846,#3130);
#2264=LINE('',#13848,#3131);
#2265=LINE('',#13850,#3132);
#2266=LINE('',#13852,#3133);
#2267=LINE('',#13854,#3134);
#2268=LINE('',#13856,#3135);
#2269=LINE('',#13858,#3136);
#2270=LINE('',#13860,#3137);
#2271=LINE('',#13862,#3138);
#2272=LINE('',#13864,#3139);
#2273=LINE('',#13866,#3140);
#2274=LINE('',#13868,#3141);
#2275=LINE('',#13870,#3142);
#2276=LINE('',#13872,#3143);
#2277=LINE('',#13874,#3144);
#2278=LINE('',#13876,#3145);
#2279=LINE('',#13878,#3146);
#2280=LINE('',#13880,#3147);
#2281=LINE('',#13882,#3148);
#2282=LINE('',#13884,#3149);
#2283=LINE('',#13886,#3150);
#2284=LINE('',#13888,#3151);
#2285=LINE('',#13890,#3152);
#2286=LINE('',#13892,#3153);
#2287=LINE('',#13894,#3154);
#2288=LINE('',#13896,#3155);
#2289=LINE('',#13898,#3156);
#2290=LINE('',#13900,#3157);
#2291=LINE('',#13902,#3158);
#2292=LINE('',#13904,#3159);
#2293=LINE('',#13906,#3160);
#2294=LINE('',#13907,#3161);
#2295=LINE('',#13918,#3162);
#2296=LINE('',#13920,#3163);
#2297=LINE('',#13922,#3164);
#2298=LINE('',#13924,#3165);
#2299=LINE('',#13926,#3166);
#2300=LINE('',#13928,#3167);
#2301=LINE('',#13930,#3168);
#2302=LINE('',#13932,#3169);
#2303=LINE('',#13934,#3170);
#2304=LINE('',#13936,#3171);
#2305=LINE('',#13938,#3172);
#2306=LINE('',#13939,#3173);
#2307=LINE('',#13942,#3174);
#2308=LINE('',#13944,#3175);
#2309=LINE('',#13946,#3176);
#2310=LINE('',#13948,#3177);
#2311=LINE('',#13950,#3178);
#2312=LINE('',#13952,#3179);
#2313=LINE('',#13954,#3180);
#2314=LINE('',#13956,#3181);
#2315=LINE('',#13958,#3182);
#2316=LINE('',#13960,#3183);
#2317=LINE('',#13962,#3184);
#2318=LINE('',#13963,#3185);
#2319=LINE('',#13966,#3186);
#2320=LINE('',#13968,#3187);
#2321=LINE('',#13970,#3188);
#2322=LINE('',#13972,#3189);
#2323=LINE('',#13974,#3190);
#2324=LINE('',#13976,#3191);
#2325=LINE('',#13978,#3192);
#2326=LINE('',#13980,#3193);
#2327=LINE('',#13982,#3194);
#2328=LINE('',#13984,#3195);
#2329=LINE('',#13986,#3196);
#2330=LINE('',#13987,#3197);
#2331=LINE('',#13990,#3198);
#2332=LINE('',#13992,#3199);
#2333=LINE('',#13993,#3200);
#2334=LINE('',#13996,#3201);
#2335=LINE('',#13997,#3202);
#2336=LINE('',#14000,#3203);
#2337=LINE('',#14002,#3204);
#2338=LINE('',#14003,#3205);
#2339=LINE('',#14006,#3206);
#2340=LINE('',#14007,#3207);
#2341=LINE('',#14010,#3208);
#2342=LINE('',#14012,#3209);
#2343=LINE('',#14013,#3210);
#2344=LINE('',#14016,#3211);
#2345=LINE('',#14017,#3212);
#2346=LINE('',#14020,#3213);
#2347=LINE('',#14022,#3214);
#2348=LINE('',#14023,#3215);
#2349=LINE('',#14026,#3216);
#2350=LINE('',#14027,#3217);
#2351=LINE('',#14030,#3218);
#2352=LINE('',#14032,#3219);
#2353=LINE('',#14033,#3220);
#2354=LINE('',#14036,#3221);
#2355=LINE('',#14037,#3222);
#2356=LINE('',#14040,#3223);
#2357=LINE('',#14042,#3224);
#2358=LINE('',#14043,#3225);
#2359=LINE('',#14046,#3226);
#2360=LINE('',#14047,#3227);
#2361=LINE('',#14050,#3228);
#2362=LINE('',#14052,#3229);
#2363=LINE('',#14053,#3230);
#2364=LINE('',#14056,#3231);
#2365=LINE('',#14057,#3232);
#2366=LINE('',#14060,#3233);
#2367=LINE('',#14062,#3234);
#2368=LINE('',#14063,#3235);
#2369=LINE('',#14066,#3236);
#2370=LINE('',#14067,#3237);
#2371=LINE('',#14070,#3238);
#2372=LINE('',#14072,#3239);
#2373=LINE('',#14073,#3240);
#2374=LINE('',#14076,#3241);
#2375=LINE('',#14077,#3242);
#2376=LINE('',#14080,#3243);
#2377=LINE('',#14082,#3244);
#2378=LINE('',#14083,#3245);
#2379=LINE('',#14086,#3246);
#2380=LINE('',#14087,#3247);
#2381=LINE('',#14090,#3248);
#2382=LINE('',#14092,#3249);
#2383=LINE('',#14093,#3250);
#2384=LINE('',#14096,#3251);
#2385=LINE('',#14097,#3252);
#2386=LINE('',#14100,#3253);
#2387=LINE('',#14102,#3254);
#2388=LINE('',#14103,#3255);
#2389=LINE('',#14106,#3256);
#2390=LINE('',#14107,#3257);
#2391=LINE('',#14110,#3258);
#2392=LINE('',#14112,#3259);
#2393=LINE('',#14113,#3260);
#2394=LINE('',#14116,#3261);
#2395=LINE('',#14117,#3262);
#2396=LINE('',#14120,#3263);
#2397=LINE('',#14122,#3264);
#2398=LINE('',#14123,#3265);
#2399=LINE('',#14126,#3266);
#2400=LINE('',#14127,#3267);
#2401=LINE('',#14130,#3268);
#2402=LINE('',#14132,#3269);
#2403=LINE('',#14133,#3270);
#2404=LINE('',#14136,#3271);
#2405=LINE('',#14137,#3272);
#2406=LINE('',#14140,#3273);
#2407=LINE('',#14142,#3274);
#2408=LINE('',#14143,#3275);
#2409=LINE('',#14146,#3276);
#2410=LINE('',#14147,#3277);
#2411=LINE('',#14150,#3278);
#2412=LINE('',#14152,#3279);
#2413=LINE('',#14153,#3280);
#2414=LINE('',#14156,#3281);
#2415=LINE('',#14157,#3282);
#2416=LINE('',#14160,#3283);
#2417=LINE('',#14162,#3284);
#2418=LINE('',#14163,#3285);
#2419=LINE('',#14166,#3286);
#2420=LINE('',#14167,#3287);
#2421=LINE('',#14170,#3288);
#2422=LINE('',#14172,#3289);
#2423=LINE('',#14173,#3290);
#2424=LINE('',#14176,#3291);
#2425=LINE('',#14177,#3292);
#2426=LINE('',#14181,#3293);
#2427=LINE('',#14185,#3294);
#2428=LINE('',#14189,#3295);
#2429=LINE('',#14193,#3296);
#2430=LINE('',#14196,#3297);
#2431=LINE('',#14198,#3298);
#2432=LINE('',#14199,#3299);
#2433=LINE('',#14201,#3300);
#2434=LINE('',#14204,#3301);
#2435=LINE('',#14205,#3302);
#2436=LINE('',#14208,#3303);
#2437=LINE('',#14209,#3304);
#2438=LINE('',#14211,#3305);
#2439=LINE('',#14214,#3306);
#2440=LINE('',#14216,#3307);
#2441=LINE('',#14217,#3308);
#2442=LINE('',#14220,#3309);
#2443=LINE('',#14221,#3310);
#2444=LINE('',#14224,#3311);
#2445=LINE('',#14225,#3312);
#2446=LINE('',#14228,#3313);
#2447=LINE('',#14229,#3314);
#2448=LINE('',#14232,#3315);
#2449=LINE('',#14233,#3316);
#2450=LINE('',#14236,#3317);
#2451=LINE('',#14237,#3318);
#2452=LINE('',#14240,#3319);
#2453=LINE('',#14241,#3320);
#2454=LINE('',#14244,#3321);
#2455=LINE('',#14245,#3322);
#2456=LINE('',#14248,#3323);
#2457=LINE('',#14249,#3324);
#2458=LINE('',#14252,#3325);
#2459=LINE('',#14253,#3326);
#2460=LINE('',#14256,#3327);
#2461=LINE('',#14257,#3328);
#2462=LINE('',#14259,#3329);
#2463=LINE('',#14262,#3330);
#2464=LINE('',#14264,#3331);
#2465=LINE('',#14265,#3332);
#2466=LINE('',#14267,#3333);
#2467=LINE('',#14270,#3334);
#2468=LINE('',#14271,#3335);
#2469=LINE('',#14274,#3336);
#2470=LINE('',#14275,#3337);
#2471=LINE('',#14277,#3338);
#2472=LINE('',#14280,#3339);
#2473=LINE('',#14282,#3340);
#2474=LINE('',#14283,#3341);
#2475=LINE('',#14286,#3342);
#2476=LINE('',#14287,#3343);
#2477=LINE('',#14290,#3344);
#2478=LINE('',#14291,#3345);
#2479=LINE('',#14294,#3346);
#2480=LINE('',#14295,#3347);
#2481=LINE('',#14298,#3348);
#2482=LINE('',#14299,#3349);
#2483=LINE('',#14302,#3350);
#2484=LINE('',#14303,#3351);
#2485=LINE('',#14306,#3352);
#2486=LINE('',#14307,#3353);
#2487=LINE('',#14310,#3354);
#2488=LINE('',#14311,#3355);
#2489=LINE('',#14314,#3356);
#2490=LINE('',#14315,#3357);
#2491=LINE('',#14318,#3358);
#2492=LINE('',#14319,#3359);
#2493=LINE('',#14322,#3360);
#2494=LINE('',#14323,#3361);
#2495=LINE('',#14325,#3362);
#2496=LINE('',#14328,#3363);
#2497=LINE('',#14330,#3364);
#2498=LINE('',#14331,#3365);
#2499=LINE('',#14333,#3366);
#2500=LINE('',#14336,#3367);
#2501=LINE('',#14337,#3368);
#2502=LINE('',#14340,#3369);
#2503=LINE('',#14341,#3370);
#2504=LINE('',#14343,#3371);
#2505=LINE('',#14346,#3372);
#2506=LINE('',#14348,#3373);
#2507=LINE('',#14349,#3374);
#2508=LINE('',#14351,#3375);
#2509=LINE('',#14354,#3376);
#2510=LINE('',#14355,#3377);
#2511=LINE('',#14358,#3378);
#2512=LINE('',#14359,#3379);
#2513=LINE('',#14361,#3380);
#2514=LINE('',#14364,#3381);
#2515=LINE('',#14366,#3382);
#2516=LINE('',#14367,#3383);
#2517=LINE('',#14370,#3384);
#2518=LINE('',#14371,#3385);
#2519=LINE('',#14373,#3386);
#2520=LINE('',#14376,#3387);
#2521=LINE('',#14377,#3388);
#2522=LINE('',#14379,#3389);
#2523=LINE('',#14382,#3390);
#2524=LINE('',#14384,#3391);
#2525=LINE('',#14385,#3392);
#2526=LINE('',#14388,#3393);
#2527=LINE('',#14389,#3394);
#2528=LINE('',#14391,#3395);
#2529=LINE('',#14394,#3396);
#2530=LINE('',#14395,#3397);
#2531=LINE('',#14397,#3398);
#2532=LINE('',#14400,#3399);
#2533=LINE('',#14402,#3400);
#2534=LINE('',#14403,#3401);
#2535=LINE('',#14406,#3402);
#2536=LINE('',#14407,#3403);
#2537=LINE('',#14410,#3404);
#2538=LINE('',#14411,#3405);
#2539=LINE('',#14414,#3406);
#2540=LINE('',#14415,#3407);
#2541=LINE('',#14418,#3408);
#2542=LINE('',#14419,#3409);
#2543=LINE('',#14422,#3410);
#2544=LINE('',#14423,#3411);
#2545=LINE('',#14426,#3412);
#2546=LINE('',#14427,#3413);
#2547=LINE('',#14430,#3414);
#2548=LINE('',#14431,#3415);
#2549=LINE('',#14434,#3416);
#2550=LINE('',#14435,#3417);
#2551=LINE('',#14438,#3418);
#2552=LINE('',#14439,#3419);
#2553=LINE('',#14442,#3420);
#2554=LINE('',#14443,#3421);
#2555=LINE('',#14445,#3422);
#2556=LINE('',#14448,#3423);
#2557=LINE('',#14450,#3424);
#2558=LINE('',#14451,#3425);
#2559=LINE('',#14453,#3426);
#2560=LINE('',#14456,#3427);
#2561=LINE('',#14457,#3428);
#2562=LINE('',#14460,#3429);
#2563=LINE('',#14461,#3430);
#2564=LINE('',#14463,#3431);
#2565=LINE('',#14466,#3432);
#2566=LINE('',#14468,#3433);
#2567=LINE('',#14469,#3434);
#2568=LINE('',#14471,#3435);
#2569=LINE('',#14474,#3436);
#2570=LINE('',#14475,#3437);
#2571=LINE('',#14478,#3438);
#2572=LINE('',#14479,#3439);
#2573=LINE('',#14481,#3440);
#2574=LINE('',#14484,#3441);
#2575=LINE('',#14485,#3442);
#2576=LINE('',#14488,#3443);
#2577=LINE('',#14489,#3444);
#2578=LINE('',#14492,#3445);
#2579=LINE('',#14493,#3446);
#2580=LINE('',#14496,#3447);
#2581=LINE('',#14497,#3448);
#2582=LINE('',#14499,#3449);
#2583=LINE('',#14502,#3450);
#2584=LINE('',#14503,#3451);
#2585=LINE('',#14506,#3452);
#2586=LINE('',#14507,#3453);
#2587=LINE('',#14510,#3454);
#2588=LINE('',#14512,#3455);
#2589=LINE('',#14513,#3456);
#2590=LINE('',#14515,#3457);
#2591=LINE('',#14517,#3458);
#2592=LINE('',#14520,#3459);
#2593=LINE('',#14521,#3460);
#2594=LINE('',#14524,#3461);
#2595=LINE('',#14525,#3462);
#2596=LINE('',#14527,#3463);
#2597=LINE('',#14529,#3464);
#2598=LINE('',#14532,#3465);
#2599=LINE('',#14533,#3466);
#2600=LINE('',#14535,#3467);
#2601=LINE('',#14537,#3468);
#2602=LINE('',#14540,#3469);
#2603=LINE('',#14541,#3470);
#2604=LINE('',#14543,#3471);
#2605=LINE('',#14545,#3472);
#2606=LINE('',#14547,#3473);
#2607=LINE('',#14548,#3474);
#2608=LINE('',#14549,#3475);
#2609=LINE('',#14550,#3476);
#2610=LINE('',#14560,#3477);
#2611=LINE('',#14569,#3478);
#2612=LINE('',#14578,#3479);
#2613=LINE('',#14587,#3480);
#2614=LINE('',#14596,#3481);
#2615=LINE('',#14603,#3482);
#2616=LINE('',#14608,#3483);
#2617=LINE('',#14612,#3484);
#2618=LINE('',#14616,#3485);
#2619=LINE('',#14620,#3486);
#2620=LINE('',#14626,#3487);
#2621=LINE('',#14631,#3488);
#2622=LINE('',#14633,#3489);
#2623=LINE('',#14635,#3490);
#2624=LINE('',#14636,#3491);
#2625=LINE('',#14639,#3492);
#2626=LINE('',#14641,#3493);
#2627=LINE('',#14642,#3494);
#2628=LINE('',#14645,#3495);
#2629=LINE('',#14646,#3496);
#2630=LINE('',#14649,#3497);
#2631=LINE('',#14650,#3498);
#2632=LINE('',#14652,#3499);
#2633=LINE('',#14659,#3500);
#2634=LINE('',#14663,#3501);
#2635=LINE('',#14674,#3502);
#2636=LINE('',#14679,#3503);
#2637=LINE('',#14681,#3504);
#2638=LINE('',#14683,#3505);
#2639=LINE('',#14685,#3506);
#2640=LINE('',#14687,#3507);
#2641=LINE('',#14688,#3508);
#2642=LINE('',#14691,#3509);
#2643=LINE('',#14693,#3510);
#2644=LINE('',#14694,#3511);
#2645=LINE('',#14697,#3512);
#2646=LINE('',#14698,#3513);
#2647=LINE('',#14701,#3514);
#2648=LINE('',#14702,#3515);
#2649=LINE('',#14705,#3516);
#2650=LINE('',#14706,#3517);
#2651=LINE('',#14709,#3518);
#2652=LINE('',#14710,#3519);
#2653=LINE('',#14712,#3520);
#2654=LINE('',#14720,#3521);
#2655=LINE('',#14728,#3522);
#2656=LINE('',#14730,#3523);
#2657=LINE('',#14732,#3524);
#2658=LINE('',#14733,#3525);
#2659=LINE('',#14736,#3526);
#2660=LINE('',#14738,#3527);
#2661=LINE('',#14739,#3528);
#2662=LINE('',#14742,#3529);
#2663=LINE('',#14744,#3530);
#2664=LINE('',#14745,#3531);
#2665=LINE('',#14755,#3532);
#2666=LINE('',#14759,#3533);
#2667=LINE('',#14763,#3534);
#2668=LINE('',#14766,#3535);
#2669=LINE('',#14768,#3536);
#2670=LINE('',#14769,#3537);
#2671=LINE('',#14772,#3538);
#2672=LINE('',#14773,#3539);
#2673=LINE('',#14776,#3540);
#2674=LINE('',#14777,#3541);
#2675=LINE('',#14779,#3542);
#2676=LINE('',#14789,#3543);
#2677=LINE('',#14798,#3544);
#2678=LINE('',#14807,#3545);
#2679=LINE('',#14820,#3546);
#2680=LINE('',#14828,#3547);
#2681=LINE('',#14833,#3548);
#2682=LINE('',#15357,#3549);
#2683=LINE('',#15714,#3550);
#2684=LINE('',#16301,#3551);
#2685=LINE('',#16620,#3552);
#2686=LINE('',#16659,#3553);
#2687=LINE('',#16661,#3554);
#2688=LINE('',#16663,#3555);
#2689=LINE('',#16664,#3556);
#2690=LINE('',#16667,#3557);
#2691=LINE('',#16669,#3558);
#2692=LINE('',#16671,#3559);
#2693=LINE('',#16673,#3560);
#2694=LINE('',#16675,#3561);
#2695=LINE('',#16677,#3562);
#2696=LINE('',#16678,#3563);
#2697=LINE('',#16681,#3564);
#2698=LINE('',#16683,#3565);
#2699=LINE('',#16685,#3566);
#2700=LINE('',#16687,#3567);
#2701=LINE('',#16689,#3568);
#2702=LINE('',#16690,#3569);
#2703=LINE('',#16694,#3570);
#2704=LINE('',#16695,#3571);
#2705=LINE('',#16696,#3572);
#2706=LINE('',#16699,#3573);
#2707=LINE('',#16701,#3574);
#2708=LINE('',#16703,#3575);
#2709=LINE('',#16704,#3576);
#2710=LINE('',#16707,#3577);
#2711=LINE('',#16709,#3578);
#2712=LINE('',#16711,#3579);
#2713=LINE('',#16713,#3580);
#2714=LINE('',#16714,#3581);
#2715=LINE('',#16717,#3582);
#2716=LINE('',#16718,#3583);
#2717=LINE('',#16721,#3584);
#2718=LINE('',#16723,#3585);
#2719=LINE('',#16724,#3586);
#2720=LINE('',#16727,#3587);
#2721=LINE('',#16728,#3588);
#2722=LINE('',#16731,#3589);
#2723=LINE('',#16733,#3590);
#2724=LINE('',#16734,#3591);
#2725=LINE('',#16737,#3592);
#2726=LINE('',#16739,#3593);
#2727=LINE('',#16740,#3594);
#2728=LINE('',#16742,#3595);
#2729=LINE('',#16745,#3596);
#2730=LINE('',#16747,#3597);
#2731=LINE('',#16748,#3598);
#2732=LINE('',#16751,#3599);
#2733=LINE('',#16753,#3600);
#2734=LINE('',#16754,#3601);
#2735=LINE('',#16757,#3602);
#2736=LINE('',#16759,#3603);
#2737=LINE('',#16760,#3604);
#2738=LINE('',#16762,#3605);
#2739=LINE('',#16765,#3606);
#2740=LINE('',#16766,#3607);
#2741=LINE('',#16769,#3608);
#2742=LINE('',#16770,#3609);
#2743=LINE('',#16772,#3610);
#2744=LINE('',#16773,#3611);
#2745=LINE('',#16775,#3612);
#2746=LINE('',#16782,#3613);
#2747=LINE('',#16784,#3614);
#2748=LINE('',#16786,#3615);
#2749=LINE('',#16787,#3616);
#2750=LINE('',#16790,#3617);
#2751=LINE('',#16792,#3618);
#2752=LINE('',#16794,#3619);
#2753=LINE('',#16795,#3620);
#2754=LINE('',#16798,#3621);
#2755=LINE('',#16800,#3622);
#2756=LINE('',#16802,#3623);
#2757=LINE('',#16804,#3624);
#2758=LINE('',#16806,#3625);
#2759=LINE('',#16808,#3626);
#2760=LINE('',#16810,#3627);
#2761=LINE('',#16812,#3628);
#2762=LINE('',#16814,#3629);
#2763=LINE('',#16815,#3630);
#2764=LINE('',#16819,#3631);
#2765=LINE('',#16821,#3632);
#2766=LINE('',#16823,#3633);
#2767=LINE('',#16824,#3634);
#2768=LINE('',#16827,#3635);
#2769=LINE('',#16829,#3636);
#2770=LINE('',#16831,#3637);
#2771=LINE('',#16833,#3638);
#2772=LINE('',#16835,#3639);
#2773=LINE('',#16837,#3640);
#2774=LINE('',#16839,#3641);
#2775=LINE('',#16841,#3642);
#2776=LINE('',#16843,#3643);
#2777=LINE('',#16845,#3644);
#2778=LINE('',#16846,#3645);
#2779=LINE('',#16849,#3646);
#2780=LINE('',#16851,#3647);
#2781=LINE('',#16852,#3648);
#2782=LINE('',#16855,#3649);
#2783=LINE('',#16857,#3650);
#2784=LINE('',#16858,#3651);
#2785=LINE('',#16861,#3652);
#2786=LINE('',#16863,#3653);
#2787=LINE('',#16865,#3654);
#2788=LINE('',#16867,#3655);
#2789=LINE('',#16869,#3656);
#2790=LINE('',#16871,#3657);
#2791=LINE('',#16873,#3658);
#2792=LINE('',#16875,#3659);
#2793=LINE('',#16877,#3660);
#2794=LINE('',#16879,#3661);
#2795=LINE('',#16880,#3662);
#2796=LINE('',#16883,#3663);
#2797=LINE('',#16884,#3664);
#2798=LINE('',#16886,#3665);
#2799=LINE('',#16887,#3666);
#2800=LINE('',#16890,#3667);
#2801=LINE('',#16891,#3668);
#2802=LINE('',#16894,#3669);
#2803=LINE('',#16896,#3670);
#2804=LINE('',#16897,#3671);
#2805=LINE('',#16900,#3672);
#2806=LINE('',#16902,#3673);
#2807=LINE('',#16903,#3674);
#2808=LINE('',#16906,#3675);
#2809=LINE('',#16908,#3676);
#2810=LINE('',#16909,#3677);
#2811=LINE('',#16913,#3678);
#2812=LINE('',#16915,#3679);
#2813=LINE('',#16917,#3680);
#2814=LINE('',#16918,#3681);
#2815=LINE('',#16920,#3682);
#2816=LINE('',#16921,#3683);
#2817=LINE('',#16924,#3684);
#2818=LINE('',#16926,#3685);
#2819=LINE('',#16927,#3686);
#2820=LINE('',#16929,#3687);
#2821=LINE('',#16930,#3688);
#2822=LINE('',#16932,#3689);
#2823=LINE('',#16933,#3690);
#2824=LINE('',#16935,#3691);
#2825=LINE('',#16939,#3692);
#2826=LINE('',#16941,#3693);
#2827=LINE('',#16944,#3694);
#2828=LINE('',#16945,#3695);
#2829=LINE('',#16948,#3696);
#2830=LINE('',#16949,#3697);
#2831=LINE('',#16952,#3698);
#2832=LINE('',#16953,#3699);
#2833=LINE('',#16956,#3700);
#2834=LINE('',#16957,#3701);
#2835=LINE('',#16960,#3702);
#2836=LINE('',#16961,#3703);
#2837=LINE('',#16963,#3704);
#2838=LINE('',#16966,#3705);
#2839=LINE('',#16967,#3706);
#2840=LINE('',#16969,#3707);
#2841=LINE('',#16971,#3708);
#2842=LINE('',#16978,#3709);
#2843=LINE('',#16984,#3710);
#2844=LINE('',#16990,#3711);
#2845=LINE('',#16992,#3712);
#2846=LINE('',#16994,#3713);
#2847=LINE('',#16995,#3714);
#2848=LINE('',#16998,#3715);
#2849=LINE('',#17000,#3716);
#2850=LINE('',#17002,#3717);
#2851=LINE('',#17004,#3718);
#2852=LINE('',#17006,#3719);
#2853=LINE('',#17008,#3720);
#2854=LINE('',#17009,#3721);
#2855=LINE('',#17012,#3722);
#2856=LINE('',#17014,#3723);
#2857=LINE('',#17015,#3724);
#2858=LINE('',#17018,#3725);
#2859=LINE('',#17020,#3726);
#2860=LINE('',#17021,#3727);
#2861=LINE('',#17024,#3728);
#2862=LINE('',#17026,#3729);
#2863=LINE('',#17028,#3730);
#2864=LINE('',#17030,#3731);
#2865=LINE('',#17032,#3732);
#2866=LINE('',#17034,#3733);
#2867=LINE('',#17035,#3734);
#2868=LINE('',#17038,#3735);
#2869=LINE('',#17039,#3736);
#2870=LINE('',#17042,#3737);
#2871=LINE('',#17044,#3738);
#2872=LINE('',#17045,#3739);
#2873=LINE('',#17048,#3740);
#2874=LINE('',#17050,#3741);
#2875=LINE('',#17051,#3742);
#2876=LINE('',#17054,#3743);
#2877=LINE('',#17056,#3744);
#2878=LINE('',#17058,#3745);
#2879=LINE('',#17060,#3746);
#2880=LINE('',#17062,#3747);
#2881=LINE('',#17063,#3748);
#2882=LINE('',#17066,#3749);
#2883=LINE('',#17067,#3750);
#2884=LINE('',#17070,#3751);
#2885=LINE('',#17072,#3752);
#2886=LINE('',#17073,#3753);
#2887=LINE('',#17076,#3754);
#2888=LINE('',#17078,#3755);
#2889=LINE('',#17079,#3756);
#2890=LINE('',#17081,#3757);
#2891=LINE('',#17084,#3758);
#2892=LINE('',#17086,#3759);
#2893=LINE('',#17087,#3760);
#2894=LINE('',#17089,#3761);
#2895=LINE('',#17090,#3762);
#2896=LINE('',#17093,#3763);
#2897=LINE('',#17094,#3764);
#2898=LINE('',#17096,#3765);
#2899=LINE('',#17099,#3766);
#2900=LINE('',#17100,#3767);
#2901=LINE('',#17103,#3768);
#2902=LINE('',#17104,#3769);
#2903=LINE('',#17106,#3770);
#2904=LINE('',#17114,#3771);
#2905=LINE('',#17161,#3772);
#2906=LINE('',#17202,#3773);
#2907=LINE('',#17204,#3774);
#2908=LINE('',#17206,#3775);
#2909=LINE('',#17208,#3776);
#2910=LINE('',#17209,#3777);
#2911=LINE('',#17244,#3778);
#2912=LINE('',#17288,#3779);
#2913=LINE('',#17290,#3780);
#2914=LINE('',#17292,#3781);
#2915=LINE('',#17294,#3782);
#2916=LINE('',#17295,#3783);
#2917=LINE('',#17337,#3784);
#2918=LINE('',#17389,#3785);
#2919=LINE('',#17446,#3786);
#2920=LINE('',#17449,#3787);
#2921=LINE('',#17451,#3788);
#2922=LINE('',#17454,#3789);
#2923=LINE('',#17456,#3790);
#2924=LINE('',#17460,#3791);
#2925=LINE('',#17465,#3792);
#2926=LINE('',#17468,#3793);
#2927=LINE('',#17471,#3794);
#2928=LINE('',#17474,#3795);
#2929=LINE('',#17477,#3796);
#2930=LINE('',#17478,#3797);
#2931=LINE('',#17484,#3798);
#2932=LINE('',#17486,#3799);
#2933=LINE('',#17489,#3800);
#2934=LINE('',#17490,#3801);
#2935=LINE('',#17494,#3802);
#2936=LINE('',#17497,#3803);
#2937=LINE('',#17505,#3804);
#2938=LINE('',#17512,#3805);
#2939=LINE('',#17519,#3806);
#2940=LINE('',#17526,#3807);
#2941=LINE('',#17533,#3808);
#2942=LINE('',#17540,#3809);
#2943=LINE('',#17547,#3810);
#2944=LINE('',#17554,#3811);
#2945=LINE('',#17561,#3812);
#2946=LINE('',#17567,#3813);
#2947=LINE('',#17573,#3814);
#2948=LINE('',#17578,#3815);
#2949=LINE('',#17580,#3816);
#2950=LINE('',#17582,#3817);
#2951=LINE('',#17583,#3818);
#2952=LINE('',#17586,#3819);
#2953=LINE('',#17588,#3820);
#2954=LINE('',#17589,#3821);
#2955=LINE('',#17592,#3822);
#2956=LINE('',#17593,#3823);
#2957=LINE('',#17596,#3824);
#2958=LINE('',#17597,#3825);
#2959=LINE('',#17599,#3826);
#2960=LINE('',#17606,#3827);
#2961=LINE('',#17613,#3828);
#2962=LINE('',#17622,#3829);
#2963=VECTOR('',#10624,3.2);
#2964=VECTOR('',#10631,5.25);
#2965=VECTOR('',#10644,3.39);
#2966=VECTOR('',#10651,2.5175);
#2967=VECTOR('',#10658,2.5175);
#2968=VECTOR('',#10665,2.5175);
#2969=VECTOR('',#10672,2.5175);
#2970=VECTOR('',#10679,2.5175);
#2971=VECTOR('',#10686,2.5175);
#2972=VECTOR('',#10691,10.);
#2973=VECTOR('',#10692,10.);
#2974=VECTOR('',#10693,10.);
#2975=VECTOR('',#10694,10.);
#2976=VECTOR('',#10697,10.);
#2977=VECTOR('',#10698,10.);
#2978=VECTOR('',#10699,10.);
#2979=VECTOR('',#10702,10.);
#2980=VECTOR('',#10703,10.);
#2981=VECTOR('',#10704,10.);
#2982=VECTOR('',#10707,10.);
#2983=VECTOR('',#10708,10.);
#2984=VECTOR('',#10709,10.);
#2985=VECTOR('',#10712,10.);
#2986=VECTOR('',#10713,10.);
#2987=VECTOR('',#10714,10.);
#2988=VECTOR('',#10717,10.);
#2989=VECTOR('',#10718,10.);
#2990=VECTOR('',#10719,10.);
#2991=VECTOR('',#10722,10.);
#2992=VECTOR('',#10723,10.);
#2993=VECTOR('',#10724,10.);
#2994=VECTOR('',#10727,10.);
#2995=VECTOR('',#10728,10.);
#2996=VECTOR('',#10739,0.75);
#2997=VECTOR('',#10744,12.5);
#2998=VECTOR('',#10751,10.);
#2999=VECTOR('',#10752,10.);
#3000=VECTOR('',#10753,10.);
#3001=VECTOR('',#10754,10.);
#3002=VECTOR('',#10757,10.);
#3003=VECTOR('',#10758,10.);
#3004=VECTOR('',#10759,10.);
#3005=VECTOR('',#10762,10.);
#3006=VECTOR('',#10763,10.);
#3007=VECTOR('',#10766,10.);
#3008=VECTOR('',#10767,10.);
#3009=VECTOR('',#10770,10.);
#3010=VECTOR('',#10783,4.);
#3011=VECTOR('',#10794,3.99999999999999);
#3012=VECTOR('',#10805,4.);
#3013=VECTOR('',#10816,4.);
#3014=VECTOR('',#10827,1.25);
#3015=VECTOR('',#10834,1.25);
#3016=VECTOR('',#10841,1.25);
#3017=VECTOR('',#10848,1.25);
#3018=VECTOR('',#10855,4.);
#3019=VECTOR('',#10864,3.99999999999999);
#3020=VECTOR('',#10873,11.);
#3021=VECTOR('',#10880,3.);
#3022=VECTOR('',#10885,3.);
#3023=VECTOR('',#10890,3.00000000000001);
#3024=VECTOR('',#10895,3.);
#3025=VECTOR('',#10898,10.);
#3026=VECTOR('',#10899,10.);
#3027=VECTOR('',#10900,10.);
#3028=VECTOR('',#10901,10.);
#3029=VECTOR('',#10904,10.);
#3030=VECTOR('',#10905,10.);
#3031=VECTOR('',#10906,10.);
#3032=VECTOR('',#10909,10.);
#3033=VECTOR('',#10910,10.);
#3034=VECTOR('',#10913,10.);
#3035=VECTOR('',#10914,10.);
#3036=VECTOR('',#10917,10.);
#3037=VECTOR('',#10926,2.5175);
#3038=VECTOR('',#10933,2.5175);
#3039=VECTOR('',#10942,2.5175);
#3040=VECTOR('',#10949,2.5175);
#3041=VECTOR('',#10958,2.5175);
#3042=VECTOR('',#10965,2.5175);
#3043=VECTOR('',#10974,2.5175);
#3044=VECTOR('',#10981,2.5175);
#3045=VECTOR('',#10990,2.5175);
#3046=VECTOR('',#10997,2.5175);
#3047=VECTOR('',#11006,2.5175);
#3048=VECTOR('',#11013,2.5175);
#3049=VECTOR('',#11022,2.5175);
#3050=VECTOR('',#11029,2.5175);
#3051=VECTOR('',#11038,2.5175);
#3052=VECTOR('',#11045,2.5175);
#3053=VECTOR('',#11052,10.);
#3054=VECTOR('',#11053,10.);
#3055=VECTOR('',#11054,10.);
#3056=VECTOR('',#11055,10.);
#3057=VECTOR('',#11058,10.);
#3058=VECTOR('',#11059,10.);
#3059=VECTOR('',#11060,10.);
#3060=VECTOR('',#11063,10.);
#3061=VECTOR('',#11064,10.);
#3062=VECTOR('',#11065,10.);
#3063=VECTOR('',#11066,10.);
#3064=VECTOR('',#11067,10.);
#3065=VECTOR('',#11068,10.);
#3066=VECTOR('',#11069,10.);
#3067=VECTOR('',#11070,10.);
#3068=VECTOR('',#11071,10.);
#3069=VECTOR('',#11072,10.);
#3070=VECTOR('',#11073,10.);
#3071=VECTOR('',#11074,10.);
#3072=VECTOR('',#11075,10.);
#3073=VECTOR('',#11076,10.);
#3074=VECTOR('',#11077,10.);
#3075=VECTOR('',#11078,10.);
#3076=VECTOR('',#11079,10.);
#3077=VECTOR('',#11080,10.);
#3078=VECTOR('',#11081,10.);
#3079=VECTOR('',#11082,10.);
#3080=VECTOR('',#11083,10.);
#3081=VECTOR('',#11084,10.);
#3082=VECTOR('',#11085,10.);
#3083=VECTOR('',#11086,10.);
#3084=VECTOR('',#11087,10.);
#3085=VECTOR('',#11088,10.);
#3086=VECTOR('',#11089,10.);
#3087=VECTOR('',#11090,10.);
#3088=VECTOR('',#11091,10.);
#3089=VECTOR('',#11092,10.);
#3090=VECTOR('',#11093,10.);
#3091=VECTOR('',#11094,10.);
#3092=VECTOR('',#11095,10.);
#3093=VECTOR('',#11096,10.);
#3094=VECTOR('',#11097,10.);
#3095=VECTOR('',#11098,10.);
#3096=VECTOR('',#11099,10.);
#3097=VECTOR('',#11100,10.);
#3098=VECTOR('',#11101,10.);
#3099=VECTOR('',#11102,10.);
#3100=VECTOR('',#11103,10.);
#3101=VECTOR('',#11104,10.);
#3102=VECTOR('',#11105,10.);
#3103=VECTOR('',#11106,10.);
#3104=VECTOR('',#11107,10.);
#3105=VECTOR('',#11108,10.);
#3106=VECTOR('',#11109,10.);
#3107=VECTOR('',#11110,10.);
#3108=VECTOR('',#11111,10.);
#3109=VECTOR('',#11112,10.);
#3110=VECTOR('',#11113,10.);
#3111=VECTOR('',#11114,10.);
#3112=VECTOR('',#11115,10.);
#3113=VECTOR('',#11116,10.);
#3114=VECTOR('',#11117,10.);
#3115=VECTOR('',#11118,10.);
#3116=VECTOR('',#11119,10.);
#3117=VECTOR('',#11120,10.);
#3118=VECTOR('',#11121,10.);
#3119=VECTOR('',#11122,10.);
#3120=VECTOR('',#11123,10.);
#3121=VECTOR('',#11124,10.);
#3122=VECTOR('',#11125,10.);
#3123=VECTOR('',#11126,10.);
#3124=VECTOR('',#11127,10.);
#3125=VECTOR('',#11128,10.);
#3126=VECTOR('',#11129,10.);
#3127=VECTOR('',#11130,10.);
#3128=VECTOR('',#11131,10.);
#3129=VECTOR('',#11132,10.);
#3130=VECTOR('',#11133,10.);
#3131=VECTOR('',#11134,10.);
#3132=VECTOR('',#11135,10.);
#3133=VECTOR('',#11136,10.);
#3134=VECTOR('',#11137,10.);
#3135=VECTOR('',#11138,10.);
#3136=VECTOR('',#11139,10.);
#3137=VECTOR('',#11140,10.);
#3138=VECTOR('',#11141,10.);
#3139=VECTOR('',#11142,10.);
#3140=VECTOR('',#11143,10.);
#3141=VECTOR('',#11144,10.);
#3142=VECTOR('',#11145,10.);
#3143=VECTOR('',#11146,10.);
#3144=VECTOR('',#11147,10.);
#3145=VECTOR('',#11148,10.);
#3146=VECTOR('',#11149,10.);
#3147=VECTOR('',#11150,10.);
#3148=VECTOR('',#11151,10.);
#3149=VECTOR('',#11152,10.);
#3150=VECTOR('',#11153,10.);
#3151=VECTOR('',#11154,10.);
#3152=VECTOR('',#11155,10.);
#3153=VECTOR('',#11156,10.);
#3154=VECTOR('',#11157,10.);
#3155=VECTOR('',#11158,10.);
#3156=VECTOR('',#11159,10.);
#3157=VECTOR('',#11160,10.);
#3158=VECTOR('',#11161,10.);
#3159=VECTOR('',#11162,10.);
#3160=VECTOR('',#11163,10.);
#3161=VECTOR('',#11164,10.);
#3162=VECTOR('',#11173,10.);
#3163=VECTOR('',#11174,10.);
#3164=VECTOR('',#11175,10.);
#3165=VECTOR('',#11176,10.);
#3166=VECTOR('',#11177,10.);
#3167=VECTOR('',#11178,10.);
#3168=VECTOR('',#11179,10.);
#3169=VECTOR('',#11180,10.);
#3170=VECTOR('',#11181,10.);
#3171=VECTOR('',#11182,10.);
#3172=VECTOR('',#11183,10.);
#3173=VECTOR('',#11184,10.);
#3174=VECTOR('',#11185,10.);
#3175=VECTOR('',#11186,10.);
#3176=VECTOR('',#11187,10.);
#3177=VECTOR('',#11188,10.);
#3178=VECTOR('',#11189,10.);
#3179=VECTOR('',#11190,10.);
#3180=VECTOR('',#11191,10.);
#3181=VECTOR('',#11192,10.);
#3182=VECTOR('',#11193,10.);
#3183=VECTOR('',#11194,10.);
#3184=VECTOR('',#11195,10.);
#3185=VECTOR('',#11196,10.);
#3186=VECTOR('',#11197,10.);
#3187=VECTOR('',#11198,10.);
#3188=VECTOR('',#11199,10.);
#3189=VECTOR('',#11200,10.);
#3190=VECTOR('',#11201,10.);
#3191=VECTOR('',#11202,10.);
#3192=VECTOR('',#11203,10.);
#3193=VECTOR('',#11204,10.);
#3194=VECTOR('',#11205,10.);
#3195=VECTOR('',#11206,10.);
#3196=VECTOR('',#11207,10.);
#3197=VECTOR('',#11208,10.);
#3198=VECTOR('',#11211,10.);
#3199=VECTOR('',#11212,10.);
#3200=VECTOR('',#11213,10.);
#3201=VECTOR('',#11216,10.);
#3202=VECTOR('',#11217,10.);
#3203=VECTOR('',#11220,10.);
#3204=VECTOR('',#11221,10.);
#3205=VECTOR('',#11222,10.);
#3206=VECTOR('',#11225,10.);
#3207=VECTOR('',#11226,10.);
#3208=VECTOR('',#11229,10.);
#3209=VECTOR('',#11230,10.);
#3210=VECTOR('',#11231,10.);
#3211=VECTOR('',#11234,10.);
#3212=VECTOR('',#11235,10.);
#3213=VECTOR('',#11238,10.);
#3214=VECTOR('',#11239,10.);
#3215=VECTOR('',#11240,10.);
#3216=VECTOR('',#11243,10.);
#3217=VECTOR('',#11244,10.);
#3218=VECTOR('',#11247,10.);
#3219=VECTOR('',#11248,10.);
#3220=VECTOR('',#11249,10.);
#3221=VECTOR('',#11252,10.);
#3222=VECTOR('',#11253,10.);
#3223=VECTOR('',#11256,10.);
#3224=VECTOR('',#11257,10.);
#3225=VECTOR('',#11258,10.);
#3226=VECTOR('',#11261,10.);
#3227=VECTOR('',#11262,10.);
#3228=VECTOR('',#11265,10.);
#3229=VECTOR('',#11266,10.);
#3230=VECTOR('',#11267,10.);
#3231=VECTOR('',#11270,10.);
#3232=VECTOR('',#11271,10.);
#3233=VECTOR('',#11274,10.);
#3234=VECTOR('',#11275,10.);
#3235=VECTOR('',#11276,10.);
#3236=VECTOR('',#11279,10.);
#3237=VECTOR('',#11280,10.);
#3238=VECTOR('',#11283,10.);
#3239=VECTOR('',#11284,10.);
#3240=VECTOR('',#11285,10.);
#3241=VECTOR('',#11288,10.);
#3242=VECTOR('',#11289,10.);
#3243=VECTOR('',#11292,10.);
#3244=VECTOR('',#11293,10.);
#3245=VECTOR('',#11294,10.);
#3246=VECTOR('',#11297,10.);
#3247=VECTOR('',#11298,10.);
#3248=VECTOR('',#11301,10.);
#3249=VECTOR('',#11302,10.);
#3250=VECTOR('',#11303,10.);
#3251=VECTOR('',#11306,10.);
#3252=VECTOR('',#11307,10.);
#3253=VECTOR('',#11310,10.);
#3254=VECTOR('',#11311,10.);
#3255=VECTOR('',#11312,10.);
#3256=VECTOR('',#11315,10.);
#3257=VECTOR('',#11316,10.);
#3258=VECTOR('',#11319,10.);
#3259=VECTOR('',#11320,10.);
#3260=VECTOR('',#11321,10.);
#3261=VECTOR('',#11324,10.);
#3262=VECTOR('',#11325,10.);
#3263=VECTOR('',#11328,10.);
#3264=VECTOR('',#11329,10.);
#3265=VECTOR('',#11330,10.);
#3266=VECTOR('',#11333,10.);
#3267=VECTOR('',#11334,10.);
#3268=VECTOR('',#11337,10.);
#3269=VECTOR('',#11338,10.);
#3270=VECTOR('',#11339,10.);
#3271=VECTOR('',#11342,10.);
#3272=VECTOR('',#11343,10.);
#3273=VECTOR('',#11346,10.);
#3274=VECTOR('',#11347,10.);
#3275=VECTOR('',#11348,10.);
#3276=VECTOR('',#11351,10.);
#3277=VECTOR('',#11352,10.);
#3278=VECTOR('',#11355,10.);
#3279=VECTOR('',#11356,10.);
#3280=VECTOR('',#11357,10.);
#3281=VECTOR('',#11360,10.);
#3282=VECTOR('',#11361,10.);
#3283=VECTOR('',#11364,10.);
#3284=VECTOR('',#11365,10.);
#3285=VECTOR('',#11366,10.);
#3286=VECTOR('',#11369,10.);
#3287=VECTOR('',#11370,10.);
#3288=VECTOR('',#11373,10.);
#3289=VECTOR('',#11374,10.);
#3290=VECTOR('',#11375,10.);
#3291=VECTOR('',#11378,10.);
#3292=VECTOR('',#11379,10.);
#3293=VECTOR('',#11384,3.);
#3294=VECTOR('',#11389,3.);
#3295=VECTOR('',#11394,3.);
#3296=VECTOR('',#11399,3.);
#3297=VECTOR('',#11402,10.);
#3298=VECTOR('',#11403,10.);
#3299=VECTOR('',#11404,10.);
#3300=VECTOR('',#11407,10.);
#3301=VECTOR('',#11410,10.);
#3302=VECTOR('',#11411,10.);
#3303=VECTOR('',#11414,10.);
#3304=VECTOR('',#11415,10.);
#3305=VECTOR('',#11418,10.);
#3306=VECTOR('',#11421,10.);
#3307=VECTOR('',#11422,10.);
#3308=VECTOR('',#11423,10.);
#3309=VECTOR('',#11426,10.);
#3310=VECTOR('',#11427,10.);
#3311=VECTOR('',#11430,10.);
#3312=VECTOR('',#11431,10.);
#3313=VECTOR('',#11434,10.);
#3314=VECTOR('',#11435,10.);
#3315=VECTOR('',#11438,10.);
#3316=VECTOR('',#11439,10.);
#3317=VECTOR('',#11442,10.);
#3318=VECTOR('',#11443,10.);
#3319=VECTOR('',#11446,10.);
#3320=VECTOR('',#11447,10.);
#3321=VECTOR('',#11450,10.);
#3322=VECTOR('',#11451,10.);
#3323=VECTOR('',#11454,10.);
#3324=VECTOR('',#11455,10.);
#3325=VECTOR('',#11458,10.);
#3326=VECTOR('',#11459,10.);
#3327=VECTOR('',#11462,10.);
#3328=VECTOR('',#11463,10.);
#3329=VECTOR('',#11466,10.);
#3330=VECTOR('',#11469,10.);
#3331=VECTOR('',#11470,10.);
#3332=VECTOR('',#11471,10.);
#3333=VECTOR('',#11474,10.);
#3334=VECTOR('',#11477,10.);
#3335=VECTOR('',#11478,10.);
#3336=VECTOR('',#11481,10.);
#3337=VECTOR('',#11482,10.);
#3338=VECTOR('',#11485,10.);
#3339=VECTOR('',#11488,10.);
#3340=VECTOR('',#11489,10.);
#3341=VECTOR('',#11490,10.);
#3342=VECTOR('',#11493,10.);
#3343=VECTOR('',#11494,10.);
#3344=VECTOR('',#11497,10.);
#3345=VECTOR('',#11498,10.);
#3346=VECTOR('',#11501,10.);
#3347=VECTOR('',#11502,10.);
#3348=VECTOR('',#11505,10.);
#3349=VECTOR('',#11506,10.);
#3350=VECTOR('',#11509,10.);
#3351=VECTOR('',#11510,10.);
#3352=VECTOR('',#11513,10.);
#3353=VECTOR('',#11514,10.);
#3354=VECTOR('',#11517,10.);
#3355=VECTOR('',#11518,10.);
#3356=VECTOR('',#11521,10.);
#3357=VECTOR('',#11522,10.);
#3358=VECTOR('',#11525,10.);
#3359=VECTOR('',#11526,10.);
#3360=VECTOR('',#11529,10.);
#3361=VECTOR('',#11530,10.);
#3362=VECTOR('',#11533,10.);
#3363=VECTOR('',#11536,10.);
#3364=VECTOR('',#11537,10.);
#3365=VECTOR('',#11538,10.);
#3366=VECTOR('',#11541,10.);
#3367=VECTOR('',#11544,10.);
#3368=VECTOR('',#11545,10.);
#3369=VECTOR('',#11548,10.);
#3370=VECTOR('',#11549,10.);
#3371=VECTOR('',#11552,10.);
#3372=VECTOR('',#11555,10.);
#3373=VECTOR('',#11556,10.);
#3374=VECTOR('',#11557,10.);
#3375=VECTOR('',#11560,10.);
#3376=VECTOR('',#11563,10.);
#3377=VECTOR('',#11564,10.);
#3378=VECTOR('',#11567,10.);
#3379=VECTOR('',#11568,10.);
#3380=VECTOR('',#11571,10.);
#3381=VECTOR('',#11574,10.);
#3382=VECTOR('',#11575,10.);
#3383=VECTOR('',#11576,10.);
#3384=VECTOR('',#11579,10.);
#3385=VECTOR('',#11580,10.);
#3386=VECTOR('',#11583,10.);
#3387=VECTOR('',#11586,10.);
#3388=VECTOR('',#11587,10.);
#3389=VECTOR('',#11590,10.);
#3390=VECTOR('',#11593,10.);
#3391=VECTOR('',#11594,10.);
#3392=VECTOR('',#11595,10.);
#3393=VECTOR('',#11598,10.);
#3394=VECTOR('',#11599,10.);
#3395=VECTOR('',#11602,10.);
#3396=VECTOR('',#11605,10.);
#3397=VECTOR('',#11606,10.);
#3398=VECTOR('',#11609,10.);
#3399=VECTOR('',#11612,10.);
#3400=VECTOR('',#11613,10.);
#3401=VECTOR('',#11614,10.);
#3402=VECTOR('',#11617,10.);
#3403=VECTOR('',#11618,10.);
#3404=VECTOR('',#11621,10.);
#3405=VECTOR('',#11622,10.);
#3406=VECTOR('',#11625,10.);
#3407=VECTOR('',#11626,10.);
#3408=VECTOR('',#11629,10.);
#3409=VECTOR('',#11630,10.);
#3410=VECTOR('',#11633,10.);
#3411=VECTOR('',#11634,10.);
#3412=VECTOR('',#11637,10.);
#3413=VECTOR('',#11638,10.);
#3414=VECTOR('',#11641,10.);
#3415=VECTOR('',#11642,10.);
#3416=VECTOR('',#11645,10.);
#3417=VECTOR('',#11646,10.);
#3418=VECTOR('',#11649,10.);
#3419=VECTOR('',#11650,10.);
#3420=VECTOR('',#11653,10.);
#3421=VECTOR('',#11654,10.);
#3422=VECTOR('',#11657,10.);
#3423=VECTOR('',#11660,10.);
#3424=VECTOR('',#11661,10.);
#3425=VECTOR('',#11662,10.);
#3426=VECTOR('',#11665,10.);
#3427=VECTOR('',#11668,10.);
#3428=VECTOR('',#11669,10.);
#3429=VECTOR('',#11672,10.);
#3430=VECTOR('',#11673,10.);
#3431=VECTOR('',#11676,10.);
#3432=VECTOR('',#11679,10.);
#3433=VECTOR('',#11680,10.);
#3434=VECTOR('',#11681,10.);
#3435=VECTOR('',#11684,10.);
#3436=VECTOR('',#11687,10.);
#3437=VECTOR('',#11688,10.);
#3438=VECTOR('',#11691,10.);
#3439=VECTOR('',#11692,10.);
#3440=VECTOR('',#11695,10.);
#3441=VECTOR('',#11698,10.);
#3442=VECTOR('',#11699,10.);
#3443=VECTOR('',#11702,10.);
#3444=VECTOR('',#11703,10.);
#3445=VECTOR('',#11706,10.);
#3446=VECTOR('',#11707,10.);
#3447=VECTOR('',#11710,10.);
#3448=VECTOR('',#11711,10.);
#3449=VECTOR('',#11714,10.);
#3450=VECTOR('',#11717,10.);
#3451=VECTOR('',#11718,10.);
#3452=VECTOR('',#11721,10.);
#3453=VECTOR('',#11722,10.);
#3454=VECTOR('',#11725,10.);
#3455=VECTOR('',#11726,10.);
#3456=VECTOR('',#11727,10.);
#3457=VECTOR('',#11730,10.);
#3458=VECTOR('',#11733,10.);
#3459=VECTOR('',#11736,10.);
#3460=VECTOR('',#11737,10.);
#3461=VECTOR('',#11740,10.);
#3462=VECTOR('',#11741,10.);
#3463=VECTOR('',#11744,10.);
#3464=VECTOR('',#11747,10.);
#3465=VECTOR('',#11750,10.);
#3466=VECTOR('',#11751,10.);
#3467=VECTOR('',#11754,10.);
#3468=VECTOR('',#11757,10.);
#3469=VECTOR('',#11760,10.);
#3470=VECTOR('',#11761,10.);
#3471=VECTOR('',#11764,10.);
#3472=VECTOR('',#11767,10.);
#3473=VECTOR('',#11770,10.);
#3474=VECTOR('',#11771,10.);
#3475=VECTOR('',#11772,10.);
#3476=VECTOR('',#11773,10.);
#3477=VECTOR('',#11788,4.);
#3478=VECTOR('',#11799,4.);
#3479=VECTOR('',#11810,4.);
#3480=VECTOR('',#11821,4.);
#3481=VECTOR('',#11832,4.);
#3482=VECTOR('',#11841,4.);
#3483=VECTOR('',#11848,3.00000000000001);
#3484=VECTOR('',#11853,3.);
#3485=VECTOR('',#11858,3.);
#3486=VECTOR('',#11863,3.);
#3487=VECTOR('',#11870,7.5);
#3488=VECTOR('',#11875,10.);
#3489=VECTOR('',#11876,10.);
#3490=VECTOR('',#11877,10.);
#3491=VECTOR('',#11878,10.);
#3492=VECTOR('',#11881,10.);
#3493=VECTOR('',#11882,10.);
#3494=VECTOR('',#11883,10.);
#3495=VECTOR('',#11886,10.);
#3496=VECTOR('',#11887,10.);
#3497=VECTOR('',#11890,10.);
#3498=VECTOR('',#11891,10.);
#3499=VECTOR('',#11894,10.);
#3500=VECTOR('',#11903,2.375);
#3501=VECTOR('',#11908,3.);
#3502=VECTOR('',#11923,4.);
#3503=VECTOR('',#11928,10.);
#3504=VECTOR('',#11929,10.);
#3505=VECTOR('',#11930,10.);
#3506=VECTOR('',#11931,10.);
#3507=VECTOR('',#11932,10.);
#3508=VECTOR('',#11933,10.);
#3509=VECTOR('',#11936,10.);
#3510=VECTOR('',#11937,10.);
#3511=VECTOR('',#11938,10.);
#3512=VECTOR('',#11941,10.);
#3513=VECTOR('',#11942,10.);
#3514=VECTOR('',#11945,10.);
#3515=VECTOR('',#11946,10.);
#3516=VECTOR('',#11949,10.);
#3517=VECTOR('',#11950,10.);
#3518=VECTOR('',#11953,10.);
#3519=VECTOR('',#11954,10.);
#3520=VECTOR('',#11957,10.);
#3521=VECTOR('',#11968,4.);
#3522=VECTOR('',#11979,10.);
#3523=VECTOR('',#11980,10.);
#3524=VECTOR('',#11981,10.);
#3525=VECTOR('',#11982,10.);
#3526=VECTOR('',#11985,10.);
#3527=VECTOR('',#11986,10.);
#3528=VECTOR('',#11987,10.);
#3529=VECTOR('',#11990,10.);
#3530=VECTOR('',#11991,10.);
#3531=VECTOR('',#11992,10.);
#3532=VECTOR('',#12003,4.);
#3533=VECTOR('',#12008,4.);
#3534=VECTOR('',#12013,7.5);
#3535=VECTOR('',#12016,10.);
#3536=VECTOR('',#12017,10.);
#3537=VECTOR('',#12018,10.);
#3538=VECTOR('',#12021,10.);
#3539=VECTOR('',#12022,10.);
#3540=VECTOR('',#12025,10.);
#3541=VECTOR('',#12026,10.);
#3542=VECTOR('',#12029,10.);
#3543=VECTOR('',#12042,3.00000000000001);
#3544=VECTOR('',#12053,4.49999999999999);
#3545=VECTOR('',#12066,4.49999999999999);
#3546=VECTOR('',#12081,6.00000000000001);
#3547=VECTOR('',#12092,7.5);
#3548=VECTOR('',#12099,6.00000000000001);
#3549=VECTOR('',#12236,5.);
#3550=VECTOR('',#12315,5.25);
#3551=VECTOR('',#12440,5.25);
#3552=VECTOR('',#12517,4.99999913387001);
#3553=VECTOR('',#12590,10.);
#3554=VECTOR('',#12591,10.);
#3555=VECTOR('',#12592,10.);
#3556=VECTOR('',#12593,10.);
#3557=VECTOR('',#12596,10.);
#3558=VECTOR('',#12597,10.);
#3559=VECTOR('',#12598,10.);
#3560=VECTOR('',#12599,10.);
#3561=VECTOR('',#12600,10.);
#3562=VECTOR('',#12601,10.);
#3563=VECTOR('',#12602,10.);
#3564=VECTOR('',#12605,10.);
#3565=VECTOR('',#12606,10.);
#3566=VECTOR('',#12607,10.);
#3567=VECTOR('',#12608,10.);
#3568=VECTOR('',#12609,10.);
#3569=VECTOR('',#12610,10.);
#3570=VECTOR('',#12613,10.);
#3571=VECTOR('',#12614,10.);
#3572=VECTOR('',#12615,10.);
#3573=VECTOR('',#12618,10.);
#3574=VECTOR('',#12619,10.);
#3575=VECTOR('',#12620,10.);
#3576=VECTOR('',#12621,10.);
#3577=VECTOR('',#12624,10.);
#3578=VECTOR('',#12625,10.);
#3579=VECTOR('',#12626,10.);
#3580=VECTOR('',#12627,10.);
#3581=VECTOR('',#12628,10.);
#3582=VECTOR('',#12631,10.);
#3583=VECTOR('',#12632,10.);
#3584=VECTOR('',#12635,10.);
#3585=VECTOR('',#12636,10.);
#3586=VECTOR('',#12637,10.);
#3587=VECTOR('',#12640,10.);
#3588=VECTOR('',#12641,10.);
#3589=VECTOR('',#12644,10.);
#3590=VECTOR('',#12645,10.);
#3591=VECTOR('',#12646,10.);
#3592=VECTOR('',#12649,10.);
#3593=VECTOR('',#12650,10.);
#3594=VECTOR('',#12651,10.);
#3595=VECTOR('',#12654,10.);
#3596=VECTOR('',#12657,10.);
#3597=VECTOR('',#12658,10.);
#3598=VECTOR('',#12659,10.);
#3599=VECTOR('',#12662,10.);
#3600=VECTOR('',#12663,10.);
#3601=VECTOR('',#12664,10.);
#3602=VECTOR('',#12667,10.);
#3603=VECTOR('',#12668,10.);
#3604=VECTOR('',#12669,10.);
#3605=VECTOR('',#12672,10.);
#3606=VECTOR('',#12675,10.);
#3607=VECTOR('',#12676,10.);
#3608=VECTOR('',#12679,10.);
#3609=VECTOR('',#12680,10.);
#3610=VECTOR('',#12683,10.);
#3611=VECTOR('',#12684,10.);
#3612=VECTOR('',#12687,10.);
#3613=VECTOR('',#12696,10.);
#3614=VECTOR('',#12697,10.);
#3615=VECTOR('',#12698,10.);
#3616=VECTOR('',#12699,10.);
#3617=VECTOR('',#12702,10.);
#3618=VECTOR('',#12703,10.);
#3619=VECTOR('',#12704,10.);
#3620=VECTOR('',#12705,10.);
#3621=VECTOR('',#12708,10.);
#3622=VECTOR('',#12709,10.);
#3623=VECTOR('',#12710,10.);
#3624=VECTOR('',#12711,10.);
#3625=VECTOR('',#12712,10.);
#3626=VECTOR('',#12713,10.);
#3627=VECTOR('',#12714,10.);
#3628=VECTOR('',#12715,10.);
#3629=VECTOR('',#12716,10.);
#3630=VECTOR('',#12717,10.);
#3631=VECTOR('',#12720,10.);
#3632=VECTOR('',#12721,10.);
#3633=VECTOR('',#12722,10.);
#3634=VECTOR('',#12723,10.);
#3635=VECTOR('',#12726,10.);
#3636=VECTOR('',#12727,10.);
#3637=VECTOR('',#12728,10.);
#3638=VECTOR('',#12729,10.);
#3639=VECTOR('',#12730,10.);
#3640=VECTOR('',#12731,10.);
#3641=VECTOR('',#12732,10.);
#3642=VECTOR('',#12733,10.);
#3643=VECTOR('',#12734,10.);
#3644=VECTOR('',#12735,10.);
#3645=VECTOR('',#12736,10.);
#3646=VECTOR('',#12739,10.);
#3647=VECTOR('',#12740,10.);
#3648=VECTOR('',#12741,10.);
#3649=VECTOR('',#12744,10.);
#3650=VECTOR('',#12745,10.);
#3651=VECTOR('',#12746,10.);
#3652=VECTOR('',#12749,10.);
#3653=VECTOR('',#12750,10.);
#3654=VECTOR('',#12751,10.);
#3655=VECTOR('',#12752,10.);
#3656=VECTOR('',#12753,10.);
#3657=VECTOR('',#12754,10.);
#3658=VECTOR('',#12755,10.);
#3659=VECTOR('',#12756,10.);
#3660=VECTOR('',#12757,10.);
#3661=VECTOR('',#12758,10.);
#3662=VECTOR('',#12759,10.);
#3663=VECTOR('',#12762,10.);
#3664=VECTOR('',#12763,10.);
#3665=VECTOR('',#12766,10.);
#3666=VECTOR('',#12767,10.);
#3667=VECTOR('',#12770,10.);
#3668=VECTOR('',#12771,10.);
#3669=VECTOR('',#12774,10.);
#3670=VECTOR('',#12775,10.);
#3671=VECTOR('',#12776,10.);
#3672=VECTOR('',#12779,10.);
#3673=VECTOR('',#12780,10.);
#3674=VECTOR('',#12781,10.);
#3675=VECTOR('',#12784,10.);
#3676=VECTOR('',#12785,10.);
#3677=VECTOR('',#12786,10.);
#3678=VECTOR('',#12789,10.);
#3679=VECTOR('',#12790,10.);
#3680=VECTOR('',#12791,10.);
#3681=VECTOR('',#12792,10.);
#3682=VECTOR('',#12795,10.);
#3683=VECTOR('',#12796,10.);
#3684=VECTOR('',#12799,10.);
#3685=VECTOR('',#12800,10.);
#3686=VECTOR('',#12801,10.);
#3687=VECTOR('',#12804,10.);
#3688=VECTOR('',#12805,10.);
#3689=VECTOR('',#12808,10.);
#3690=VECTOR('',#12809,10.);
#3691=VECTOR('',#12812,10.);
#3692=VECTOR('',#12819,10.);
#3693=VECTOR('',#12822,10.);
#3694=VECTOR('',#12825,10.);
#3695=VECTOR('',#12826,10.);
#3696=VECTOR('',#12829,10.);
#3697=VECTOR('',#12830,10.);
#3698=VECTOR('',#12833,10.);
#3699=VECTOR('',#12834,10.);
#3700=VECTOR('',#12837,10.);
#3701=VECTOR('',#12838,10.);
#3702=VECTOR('',#12841,10.);
#3703=VECTOR('',#12842,10.);
#3704=VECTOR('',#12845,10.);
#3705=VECTOR('',#12848,10.);
#3706=VECTOR('',#12849,10.);
#3707=VECTOR('',#12852,10.);
#3708=VECTOR('',#12855,10.);
#3709=VECTOR('',#12864,2.99999999999999);
#3710=VECTOR('',#12871,11.);
#3711=VECTOR('',#12878,10.);
#3712=VECTOR('',#12879,10.);
#3713=VECTOR('',#12880,10.);
#3714=VECTOR('',#12881,10.);
#3715=VECTOR('',#12884,10.);
#3716=VECTOR('',#12885,10.);
#3717=VECTOR('',#12886,10.);
#3718=VECTOR('',#12887,10.);
#3719=VECTOR('',#12888,10.);
#3720=VECTOR('',#12889,10.);
#3721=VECTOR('',#12890,10.);
#3722=VECTOR('',#12893,10.);
#3723=VECTOR('',#12894,10.);
#3724=VECTOR('',#12895,10.);
#3725=VECTOR('',#12898,10.);
#3726=VECTOR('',#12899,10.);
#3727=VECTOR('',#12900,10.);
#3728=VECTOR('',#12903,10.);
#3729=VECTOR('',#12904,10.);
#3730=VECTOR('',#12905,10.);
#3731=VECTOR('',#12906,10.);
#3732=VECTOR('',#12907,10.);
#3733=VECTOR('',#12908,10.);
#3734=VECTOR('',#12909,10.);
#3735=VECTOR('',#12912,10.);
#3736=VECTOR('',#12913,10.);
#3737=VECTOR('',#12916,10.);
#3738=VECTOR('',#12917,10.);
#3739=VECTOR('',#12918,10.);
#3740=VECTOR('',#12921,10.);
#3741=VECTOR('',#12922,10.);
#3742=VECTOR('',#12923,10.);
#3743=VECTOR('',#12926,10.);
#3744=VECTOR('',#12927,10.);
#3745=VECTOR('',#12928,10.);
#3746=VECTOR('',#12929,10.);
#3747=VECTOR('',#12930,10.);
#3748=VECTOR('',#12931,10.);
#3749=VECTOR('',#12934,10.);
#3750=VECTOR('',#12935,10.);
#3751=VECTOR('',#12938,10.);
#3752=VECTOR('',#12939,10.);
#3753=VECTOR('',#12940,10.);
#3754=VECTOR('',#12943,10.);
#3755=VECTOR('',#12944,10.);
#3756=VECTOR('',#12945,10.);
#3757=VECTOR('',#12948,10.);
#3758=VECTOR('',#12951,10.);
#3759=VECTOR('',#12952,10.);
#3760=VECTOR('',#12953,10.);
#3761=VECTOR('',#12956,10.);
#3762=VECTOR('',#12957,10.);
#3763=VECTOR('',#12960,10.);
#3764=VECTOR('',#12961,10.);
#3765=VECTOR('',#12964,10.);
#3766=VECTOR('',#12967,10.);
#3767=VECTOR('',#12968,10.);
#3768=VECTOR('',#12971,10.);
#3769=VECTOR('',#12972,10.);
#3770=VECTOR('',#12975,10.);
#3771=VECTOR('',#12986,2.99999999999999);
#3772=VECTOR('',#13015,2.49999996572733);
#3773=VECTOR('',#13018,10.);
#3774=VECTOR('',#13019,10.);
#3775=VECTOR('',#13020,10.);
#3776=VECTOR('',#13021,10.);
#3777=VECTOR('',#13022,10.);
#3778=VECTOR('',#13027,2.49999996572733);
#3779=VECTOR('',#13030,10.);
#3780=VECTOR('',#13031,10.);
#3781=VECTOR('',#13032,10.);
#3782=VECTOR('',#13033,10.);
#3783=VECTOR('',#13034,10.);
#3784=VECTOR('',#13037,2.49999996572733);
#3785=VECTOR('',#13044,2.49999996572733);
#3786=VECTOR('',#13049,10.);
#3787=VECTOR('',#13052,10.);
#3788=VECTOR('',#13053,10.);
#3789=VECTOR('',#13056,10.);
#3790=VECTOR('',#13057,10.);
#3791=VECTOR('',#13060,10.);
#3792=VECTOR('',#13067,10.);
#3793=VECTOR('',#13070,10.);
#3794=VECTOR('',#13073,10.);
#3795=VECTOR('',#13076,10.);
#3796=VECTOR('',#13079,10.);
#3797=VECTOR('',#13080,10.);
#3798=VECTOR('',#13089,10.);
#3799=VECTOR('',#13092,10.);
#3800=VECTOR('',#13095,10.);
#3801=VECTOR('',#13096,10.);
#3802=VECTOR('',#13101,10.);
#3803=VECTOR('',#13106,10.);
#3804=VECTOR('',#13117,2.5175);
#3805=VECTOR('',#13126,2.5175);
#3806=VECTOR('',#13135,2.5175);
#3807=VECTOR('',#13144,2.5175);
#3808=VECTOR('',#13153,2.5175);
#3809=VECTOR('',#13162,2.5175);
#3810=VECTOR('',#13171,2.5175);
#3811=VECTOR('',#13180,2.5175);
#3812=VECTOR('',#13189,4.);
#3813=VECTOR('',#13196,4.);
#3814=VECTOR('',#13203,6.);
#3815=VECTOR('',#13208,10.);
#3816=VECTOR('',#13209,10.);
#3817=VECTOR('',#13210,10.);
#3818=VECTOR('',#13211,10.);
#3819=VECTOR('',#13214,10.);
#3820=VECTOR('',#13215,10.);
#3821=VECTOR('',#13216,10.);
#3822=VECTOR('',#13219,10.);
#3823=VECTOR('',#13220,10.);
#3824=VECTOR('',#13223,10.);
#3825=VECTOR('',#13224,10.);
#3826=VECTOR('',#13227,10.);
#3827=VECTOR('',#13236,3.);
#3828=VECTOR('',#13245,3.);
#3829=VECTOR('',#13258,6.);
#3830=CIRCLE('',#9699,3.2);
#3831=CIRCLE('',#9700,3.2);
#3832=CIRCLE('',#9702,5.25);
#3833=CIRCLE('',#9703,5.25);
#3834=CIRCLE('',#9708,3.38975);
#3835=CIRCLE('',#9709,3.38975);
#3836=CIRCLE('',#9711,2.5175);
#3837=CIRCLE('',#9712,2.5175);
#3838=CIRCLE('',#9714,2.5175);
#3839=CIRCLE('',#9715,2.5175);
#3840=CIRCLE('',#9717,2.5175);
#3841=CIRCLE('',#9718,2.5175);
#3842=CIRCLE('',#9720,2.5175);
#3843=CIRCLE('',#9721,2.5175);
#3844=CIRCLE('',#9723,2.5175);
#3845=CIRCLE('',#9724,2.5175);
#3846=CIRCLE('',#9726,2.5175);
#3847=CIRCLE('',#9727,2.5175);
#3848=CIRCLE('',#9740,1.50000000000002);
#3849=CIRCLE('',#9742,12.5);
#3850=CIRCLE('',#9743,12.5);
#3851=CIRCLE('',#9755,4.);
#3852=CIRCLE('',#9756,4.);
#3853=CIRCLE('',#9758,3.);
#3854=CIRCLE('',#9760,3.99999999999999);
#3855=CIRCLE('',#9761,3.99999999999999);
#3856=CIRCLE('',#9763,3.);
#3857=CIRCLE('',#9765,4.);
#3858=CIRCLE('',#9766,4.);
#3859=CIRCLE('',#9768,3.00000000000001);
#3860=CIRCLE('',#9770,4.);
#3861=CIRCLE('',#9771,4.);
#3862=CIRCLE('',#9773,3.);
#3863=CIRCLE('',#9775,1.25);
#3864=CIRCLE('',#9776,1.25);
#3865=CIRCLE('',#9778,1.25);
#3866=CIRCLE('',#9779,1.25);
#3867=CIRCLE('',#9781,1.25);
#3868=CIRCLE('',#9782,1.25);
#3869=CIRCLE('',#9784,1.25);
#3870=CIRCLE('',#9785,1.25);
#3871=CIRCLE('',#9787,4.);
#3872=CIRCLE('',#9788,4.);
#3873=CIRCLE('',#9791,3.99999999999999);
#3874=CIRCLE('',#9792,3.99999999999999);
#3875=CIRCLE('',#9795,11.);
#3876=CIRCLE('',#9796,11.);
#3877=CIRCLE('',#9798,3.);
#3878=CIRCLE('',#9800,3.);
#3879=CIRCLE('',#9802,3.00000000000001);
#3880=CIRCLE('',#9804,3.);
#3881=CIRCLE('',#9813,2.5175);
#3882=CIRCLE('',#9814,2.5175);
#3883=CIRCLE('',#9816,2.5175);
#3884=CIRCLE('',#9817,2.5175);
#3885=CIRCLE('',#9820,2.5175);
#3886=CIRCLE('',#9821,2.5175);
#3887=CIRCLE('',#9823,2.5175);
#3888=CIRCLE('',#9824,2.5175);
#3889=CIRCLE('',#9827,2.5175);
#3890=CIRCLE('',#9828,2.5175);
#3891=CIRCLE('',#9830,2.5175);
#3892=CIRCLE('',#9831,2.5175);
#3893=CIRCLE('',#9834,2.5175);
#3894=CIRCLE('',#9835,2.5175);
#3895=CIRCLE('',#9837,2.5175);
#3896=CIRCLE('',#9838,2.5175);
#3897=CIRCLE('',#9841,2.5175);
#3898=CIRCLE('',#9842,2.5175);
#3899=CIRCLE('',#9844,2.5175);
#3900=CIRCLE('',#9845,2.5175);
#3901=CIRCLE('',#9848,2.5175);
#3902=CIRCLE('',#9849,2.5175);
#3903=CIRCLE('',#9851,2.5175);
#3904=CIRCLE('',#9852,2.5175);
#3905=CIRCLE('',#9855,2.5175);
#3906=CIRCLE('',#9856,2.5175);
#3907=CIRCLE('',#9858,2.5175);
#3908=CIRCLE('',#9859,2.5175);
#3909=CIRCLE('',#9862,2.5175);
#3910=CIRCLE('',#9863,2.5175);
#3911=CIRCLE('',#9865,2.5175);
#3912=CIRCLE('',#9866,2.5175);
#3913=CIRCLE('',#9871,3.);
#3914=CIRCLE('',#9872,3.);
#3915=CIRCLE('',#9873,3.);
#3916=CIRCLE('',#9874,3.);
#3917=CIRCLE('',#9914,3.);
#3918=CIRCLE('',#9916,3.);
#3919=CIRCLE('',#9918,3.);
#3920=CIRCLE('',#9920,3.);
#3921=CIRCLE('',#10024,4.);
#3922=CIRCLE('',#10025,4.);
#3923=CIRCLE('',#10027,3.00000000000001);
#3924=CIRCLE('',#10029,4.);
#3925=CIRCLE('',#10030,4.);
#3926=CIRCLE('',#10032,3.);
#3927=CIRCLE('',#10034,4.);
#3928=CIRCLE('',#10035,4.);
#3929=CIRCLE('',#10037,3.);
#3930=CIRCLE('',#10039,4.);
#3931=CIRCLE('',#10040,4.);
#3932=CIRCLE('',#10042,3.);
#3933=CIRCLE('',#10044,4.);
#3934=CIRCLE('',#10045,4.);
#3935=CIRCLE('',#10048,4.);
#3936=CIRCLE('',#10049,4.);
#3937=CIRCLE('',#10052,3.00000000000001);
#3938=CIRCLE('',#10054,3.);
#3939=CIRCLE('',#10056,3.);
#3940=CIRCLE('',#10058,3.);
#3941=CIRCLE('',#10060,7.5);
#3942=CIRCLE('',#10061,7.5);
#3943=CIRCLE('',#10070,1.75);
#3944=CIRCLE('',#10071,3.);
#3945=CIRCLE('',#10073,3.);
#3946=CIRCLE('',#10076,3.7);
#3947=CIRCLE('',#10077,0.3);
#3948=CIRCLE('',#10078,4.);
#3949=CIRCLE('',#10080,4.);
#3950=CIRCLE('',#10092,4.);
#3951=CIRCLE('',#10093,4.);
#3952=CIRCLE('',#10100,4.);
#3953=CIRCLE('',#10101,4.);
#3954=CIRCLE('',#10102,7.5);
#3955=CIRCLE('',#10104,4.);
#3956=CIRCLE('',#10106,4.);
#3957=CIRCLE('',#10108,7.5);
#3958=CIRCLE('',#10116,4.49999999999999);
#3959=CIRCLE('',#10117,3.00000000000001);
#3960=CIRCLE('',#10119,3.00000000000001);
#3961=CIRCLE('',#10121,4.49999999999999);
#3962=CIRCLE('',#10123,4.49999999999999);
#3963=CIRCLE('',#10124,4.49999999999999);
#3964=CIRCLE('',#10126,1.5);
#3965=CIRCLE('',#10127,4.49999999999999);
#3966=CIRCLE('',#10128,4.49999999999999);
#3967=CIRCLE('',#10131,6.00000000000001);
#3968=CIRCLE('',#10132,1.5);
#3969=CIRCLE('',#10133,6.00000000000001);
#3970=CIRCLE('',#10134,6.00000000000001);
#3971=CIRCLE('',#10135,6.00000000000001);
#3972=CIRCLE('',#10137,6.00000000000001);
#3973=CIRCLE('',#10139,7.5);
#3974=CIRCLE('',#10141,7.5);
#3975=CIRCLE('',#10143,6.00000000000001);
#3976=CIRCLE('',#10146,1.5);
#3977=CIRCLE('',#10148,1.5);
#3978=CIRCLE('',#10150,1.5);
#3979=CIRCLE('',#10152,1.5);
#3980=CIRCLE('',#10154,1.5);
#3981=CIRCLE('',#10156,1.5);
#3982=CIRCLE('',#10158,1.5);
#3983=CIRCLE('',#10160,1.5);
#3984=CIRCLE('',#10162,1.93649167310371);
#3985=CIRCLE('',#10163,1.93649167310371);
#3986=CIRCLE('',#10165,5.);
#3987=CIRCLE('',#10166,1.93649167310371);
#3988=CIRCLE('',#10167,5.25);
#3989=CIRCLE('',#10169,1.93649167310371);
#3990=CIRCLE('',#10171,5.);
#3991=CIRCLE('',#10172,1.93649167310371);
#3992=CIRCLE('',#10173,5.25);
#3993=CIRCLE('',#10175,1.93649167310371);
#3994=CIRCLE('',#10177,5.);
#3995=CIRCLE('',#10178,1.93649167310371);
#3996=CIRCLE('',#10179,5.25);
#3997=CIRCLE('',#10181,1.93649167310371);
#3998=CIRCLE('',#10183,5.);
#3999=CIRCLE('',#10184,1.93649167310371);
#4000=CIRCLE('',#10185,5.25);
#4001=CIRCLE('',#10187,1.93649167310371);
#4002=CIRCLE('',#10189,5.);
#4003=CIRCLE('',#10190,1.93649167310371);
#4004=CIRCLE('',#10191,5.25);
#4005=CIRCLE('',#10193,1.93649167310371);
#4006=CIRCLE('',#10195,5.);
#4007=CIRCLE('',#10196,1.93649167310371);
#4008=CIRCLE('',#10197,5.25);
#4009=CIRCLE('',#10199,1.93649167310371);
#4010=CIRCLE('',#10201,5.25);
#4011=CIRCLE('',#10202,1.93649167310371);
#4012=CIRCLE('',#10203,5.);
#4013=CIRCLE('',#10205,1.93649167310371);
#4014=CIRCLE('',#10207,5.);
#4015=CIRCLE('',#10208,5.25);
#4016=CIRCLE('',#10210,1.5);
#4017=CIRCLE('',#10211,1.5);
#4018=CIRCLE('',#10213,5.);
#4019=CIRCLE('',#10214,5.);
#4020=CIRCLE('',#10215,5.);
#4021=CIRCLE('',#10216,5.);
#4022=CIRCLE('',#10217,5.);
#4023=CIRCLE('',#10218,5.);
#4024=CIRCLE('',#10219,5.);
#4025=CIRCLE('',#10220,5.);
#4026=CIRCLE('',#10222,5.25);
#4027=CIRCLE('',#10223,1.5);
#4028=CIRCLE('',#10225,1.5);
#4029=CIRCLE('',#10227,5.25);
#4030=CIRCLE('',#10228,1.5);
#4031=CIRCLE('',#10230,1.5);
#4032=CIRCLE('',#10232,5.25);
#4033=CIRCLE('',#10233,1.5);
#4034=CIRCLE('',#10235,1.5);
#4035=CIRCLE('',#10237,5.25);
#4036=CIRCLE('',#10238,1.5);
#4037=CIRCLE('',#10240,1.5);
#4038=CIRCLE('',#10242,5.25);
#4039=CIRCLE('',#10243,1.5);
#4040=CIRCLE('',#10245,1.5);
#4041=CIRCLE('',#10247,5.25);
#4042=CIRCLE('',#10248,1.5);
#4043=CIRCLE('',#10250,1.5);
#4044=CIRCLE('',#10252,5.25);
#4045=CIRCLE('',#10253,5.25);
#4046=CIRCLE('',#10255,1.5);
#4047=CIRCLE('',#10257,1.5);
#4048=CIRCLE('',#10260,1.93649167310371);
#4049=CIRCLE('',#10261,1.93649167310371);
#4050=CIRCLE('',#10263,5.25);
#4051=CIRCLE('',#10264,1.93649167310371);
#4052=CIRCLE('',#10265,4.99999913387001);
#4053=CIRCLE('',#10267,1.93649167310371);
#4054=CIRCLE('',#10269,5.25);
#4055=CIRCLE('',#10270,1.93649167310371);
#4056=CIRCLE('',#10271,4.99999913387001);
#4057=CIRCLE('',#10273,1.93649167310371);
#4058=CIRCLE('',#10275,5.25);
#4059=CIRCLE('',#10276,1.93649167310371);
#4060=CIRCLE('',#10277,4.99999913387001);
#4061=CIRCLE('',#10279,1.93649167310371);
#4062=CIRCLE('',#10281,5.25);
#4063=CIRCLE('',#10282,1.93649167310371);
#4064=CIRCLE('',#10283,4.99999913387001);
#4065=CIRCLE('',#10285,1.93649167310371);
#4066=CIRCLE('',#10287,5.25);
#4067=CIRCLE('',#10288,1.93649167310371);
#4068=CIRCLE('',#10289,4.99999913387001);
#4069=CIRCLE('',#10291,1.93649167310371);
#4070=CIRCLE('',#10293,5.25);
#4071=CIRCLE('',#10294,1.93649167310371);
#4072=CIRCLE('',#10295,4.99999913387001);
#4073=CIRCLE('',#10297,1.93649167310371);
#4074=CIRCLE('',#10299,4.99999913387001);
#4075=CIRCLE('',#10300,1.93649167310371);
#4076=CIRCLE('',#10301,5.25);
#4077=CIRCLE('',#10303,1.93649167310371);
#4078=CIRCLE('',#10305,5.25);
#4079=CIRCLE('',#10306,4.99999913387001);
#4080=CIRCLE('',#10308,1.5);
#4081=CIRCLE('',#10309,1.5);
#4082=CIRCLE('',#10311,5.25);
#4083=CIRCLE('',#10312,5.25);
#4084=CIRCLE('',#10313,5.25);
#4085=CIRCLE('',#10314,5.25);
#4086=CIRCLE('',#10315,5.25);
#4087=CIRCLE('',#10316,5.25);
#4088=CIRCLE('',#10317,5.25);
#4089=CIRCLE('',#10318,5.25);
#4090=CIRCLE('',#10320,5.);
#4091=CIRCLE('',#10321,1.5);
#4092=CIRCLE('',#10323,1.5);
#4093=CIRCLE('',#10325,5.);
#4094=CIRCLE('',#10326,1.5);
#4095=CIRCLE('',#10328,1.5);
#4096=CIRCLE('',#10330,5.);
#4097=CIRCLE('',#10331,1.5);
#4098=CIRCLE('',#10333,1.5);
#4099=CIRCLE('',#10335,5.);
#4100=CIRCLE('',#10336,1.5);
#4101=CIRCLE('',#10338,1.5);
#4102=CIRCLE('',#10340,5.);
#4103=CIRCLE('',#10341,1.5);
#4104=CIRCLE('',#10343,1.5);
#4105=CIRCLE('',#10345,5.);
#4106=CIRCLE('',#10346,1.5);
#4107=CIRCLE('',#10348,1.5);
#4108=CIRCLE('',#10350,5.);
#4109=CIRCLE('',#10351,5.);
#4110=CIRCLE('',#10353,1.5);
#4111=CIRCLE('',#10355,1.5);
#4112=CIRCLE('',#10446,2.99999999999999);
#4113=CIRCLE('',#10447,2.99999999999999);
#4114=CIRCLE('',#10449,11.);
#4115=CIRCLE('',#10450,11.);
#4116=CIRCLE('',#10476,2.99999999999999);
#4117=CIRCLE('',#10477,2.99999999999999);
#4118=CIRCLE('',#10490,2.49999996572733);
#4119=CIRCLE('',#10493,2.49999996572733);
#4120=CIRCLE('',#10496,2.49999996572733);
#4121=CIRCLE('',#10498,2.49999996572733);
#4122=CIRCLE('',#10500,3.5);
#4123=CIRCLE('',#10501,3.5);
#4124=CIRCLE('',#10502,3.5);
#4125=CIRCLE('',#10503,3.5);
#4126=CIRCLE('',#10504,3.5);
#4127=CIRCLE('',#10505,3.5);
#4128=CIRCLE('',#10507,7.);
#4129=CIRCLE('',#10509,7.);
#4130=CIRCLE('',#10512,7.);
#4131=CIRCLE('',#10514,7.);
#4132=CIRCLE('',#10518,7.);
#4133=CIRCLE('',#10519,7.);
#4134=CIRCLE('',#10525,2.5175);
#4135=CIRCLE('',#10526,2.5175);
#4136=CIRCLE('',#10529,2.5175);
#4137=CIRCLE('',#10530,2.5175);
#4138=CIRCLE('',#10533,2.5175);
#4139=CIRCLE('',#10534,2.5175);
#4140=CIRCLE('',#10537,2.5175);
#4141=CIRCLE('',#10538,2.5175);
#4142=CIRCLE('',#10541,2.5175);
#4143=CIRCLE('',#10542,2.5175);
#4144=CIRCLE('',#10545,2.5175);
#4145=CIRCLE('',#10546,2.5175);
#4146=CIRCLE('',#10549,2.5175);
#4147=CIRCLE('',#10550,2.5175);
#4148=CIRCLE('',#10553,2.5175);
#4149=CIRCLE('',#10554,2.5175);
#4150=CIRCLE('',#10557,4.);
#4151=CIRCLE('',#10558,4.);
#4152=CIRCLE('',#10560,4.);
#4153=CIRCLE('',#10561,4.);
#4154=CIRCLE('',#10563,6.01125);
#4155=CIRCLE('',#10564,6.01125);
#4156=CIRCLE('',#10573,3.);
#4157=CIRCLE('',#10574,3.);
#4158=CIRCLE('',#10577,3.);
#4159=CIRCLE('',#10578,3.);
#4160=CIRCLE('',#10581,5.91675);
#4161=CIRCLE('',#10583,5.91675);
#4162=VERTEX_POINT('',#13314);
#4163=VERTEX_POINT('',#13316);
#4164=VERTEX_POINT('',#13320);
#4165=VERTEX_POINT('',#13322);
#4166=VERTEX_POINT('',#13329);
#4167=VERTEX_POINT('',#13331);
#4168=VERTEX_POINT('',#13335);
#4169=VERTEX_POINT('',#13337);
#4170=VERTEX_POINT('',#13341);
#4171=VERTEX_POINT('',#13343);
#4172=VERTEX_POINT('',#13347);
#4173=VERTEX_POINT('',#13349);
#4174=VERTEX_POINT('',#13353);
#4175=VERTEX_POINT('',#13355);
#4176=VERTEX_POINT('',#13359);
#4177=VERTEX_POINT('',#13361);
#4178=VERTEX_POINT('',#13365);
#4179=VERTEX_POINT('',#13367);
#4180=VERTEX_POINT('',#13371);
#4181=VERTEX_POINT('',#13372);
#4182=VERTEX_POINT('',#13374);
#4183=VERTEX_POINT('',#13376);
#4184=VERTEX_POINT('',#13380);
#4185=VERTEX_POINT('',#13382);
#4186=VERTEX_POINT('',#13386);
#4187=VERTEX_POINT('',#13387);
#4188=VERTEX_POINT('',#13392);
#4189=VERTEX_POINT('',#13394);
#4190=VERTEX_POINT('',#13398);
#4191=VERTEX_POINT('',#13399);
#4192=VERTEX_POINT('',#13404);
#4193=VERTEX_POINT('',#13406);
#4194=VERTEX_POINT('',#13410);
#4195=VERTEX_POINT('',#13412);
#4196=VERTEX_POINT('',#13422);
#4197=VERTEX_POINT('',#13424);
#4198=VERTEX_POINT('',#13427);
#4199=VERTEX_POINT('',#13429);
#4200=VERTEX_POINT('',#13434);
#4201=VERTEX_POINT('',#13435);
#4202=VERTEX_POINT('',#13437);
#4203=VERTEX_POINT('',#13439);
#4204=VERTEX_POINT('',#13443);
#4205=VERTEX_POINT('',#13445);
#4206=VERTEX_POINT('',#13449);
#4207=VERTEX_POINT('',#13453);
#4208=VERTEX_POINT('',#13463);
#4209=VERTEX_POINT('',#13465);
#4210=VERTEX_POINT('',#13469);
#4211=VERTEX_POINT('',#13472);
#4212=VERTEX_POINT('',#13474);
#4213=VERTEX_POINT('',#13478);
#4214=VERTEX_POINT('',#13481);
#4215=VERTEX_POINT('',#13483);
#4216=VERTEX_POINT('',#13487);
#4217=VERTEX_POINT('',#13490);
#4218=VERTEX_POINT('',#13492);
#4219=VERTEX_POINT('',#13496);
#4220=VERTEX_POINT('',#13499);
#4221=VERTEX_POINT('',#13501);
#4222=VERTEX_POINT('',#13505);
#4223=VERTEX_POINT('',#13507);
#4224=VERTEX_POINT('',#13511);
#4225=VERTEX_POINT('',#13513);
#4226=VERTEX_POINT('',#13517);
#4227=VERTEX_POINT('',#13519);
#4228=VERTEX_POINT('',#13523);
#4229=VERTEX_POINT('',#13525);
#4230=VERTEX_POINT('',#13530);
#4231=VERTEX_POINT('',#13532);
#4232=VERTEX_POINT('',#13537);
#4233=VERTEX_POINT('',#13539);
#4234=VERTEX_POINT('',#13543);
#4235=VERTEX_POINT('',#13547);
#4236=VERTEX_POINT('',#13551);
#4237=VERTEX_POINT('',#13555);
#4238=VERTEX_POINT('',#13559);
#4239=VERTEX_POINT('',#13560);
#4240=VERTEX_POINT('',#13562);
#4241=VERTEX_POINT('',#13564);
#4242=VERTEX_POINT('',#13568);
#4243=VERTEX_POINT('',#13570);
#4244=VERTEX_POINT('',#13574);
#4245=VERTEX_POINT('',#13578);
#4246=VERTEX_POINT('',#13586);
#4247=VERTEX_POINT('',#13588);
#4248=VERTEX_POINT('',#13592);
#4249=VERTEX_POINT('',#13594);
#4250=VERTEX_POINT('',#13599);
#4251=VERTEX_POINT('',#13601);
#4252=VERTEX_POINT('',#13605);
#4253=VERTEX_POINT('',#13607);
#4254=VERTEX_POINT('',#13612);
#4255=VERTEX_POINT('',#13614);
#4256=VERTEX_POINT('',#13618);
#4257=VERTEX_POINT('',#13620);
#4258=VERTEX_POINT('',#13625);
#4259=VERTEX_POINT('',#13627);
#4260=VERTEX_POINT('',#13631);
#4261=VERTEX_POINT('',#13633);
#4262=VERTEX_POINT('',#13638);
#4263=VERTEX_POINT('',#13640);
#4264=VERTEX_POINT('',#13644);
#4265=VERTEX_POINT('',#13646);
#4266=VERTEX_POINT('',#13651);
#4267=VERTEX_POINT('',#13653);
#4268=VERTEX_POINT('',#13657);
#4269=VERTEX_POINT('',#13659);
#4270=VERTEX_POINT('',#13664);
#4271=VERTEX_POINT('',#13666);
#4272=VERTEX_POINT('',#13670);
#4273=VERTEX_POINT('',#13672);
#4274=VERTEX_POINT('',#13677);
#4275=VERTEX_POINT('',#13679);
#4276=VERTEX_POINT('',#13683);
#4277=VERTEX_POINT('',#13685);
#4278=VERTEX_POINT('',#13690);
#4279=VERTEX_POINT('',#13691);
#4280=VERTEX_POINT('',#13693);
#4281=VERTEX_POINT('',#13695);
#4282=VERTEX_POINT('',#13699);
#4283=VERTEX_POINT('',#13701);
#4284=VERTEX_POINT('',#13705);
#4285=VERTEX_POINT('',#13707);
#4286=VERTEX_POINT('',#13709);
#4287=VERTEX_POINT('',#13711);
#4288=VERTEX_POINT('',#13713);
#4289=VERTEX_POINT('',#13715);
#4290=VERTEX_POINT('',#13717);
#4291=VERTEX_POINT('',#13719);
#4292=VERTEX_POINT('',#13721);
#4293=VERTEX_POINT('',#13723);
#4294=VERTEX_POINT('',#13725);
#4295=VERTEX_POINT('',#13727);
#4296=VERTEX_POINT('',#13729);
#4297=VERTEX_POINT('',#13731);
#4298=VERTEX_POINT('',#13733);
#4299=VERTEX_POINT('',#13735);
#4300=VERTEX_POINT('',#13737);
#4301=VERTEX_POINT('',#13739);
#4302=VERTEX_POINT('',#13741);
#4303=VERTEX_POINT('',#13743);
#4304=VERTEX_POINT('',#13745);
#4305=VERTEX_POINT('',#13747);
#4306=VERTEX_POINT('',#13749);
#4307=VERTEX_POINT('',#13751);
#4308=VERTEX_POINT('',#13753);
#4309=VERTEX_POINT('',#13755);
#4310=VERTEX_POINT('',#13757);
#4311=VERTEX_POINT('',#13759);
#4312=VERTEX_POINT('',#13761);
#4313=VERTEX_POINT('',#13763);
#4314=VERTEX_POINT('',#13765);
#4315=VERTEX_POINT('',#13767);
#4316=VERTEX_POINT('',#13769);
#4317=VERTEX_POINT('',#13771);
#4318=VERTEX_POINT('',#13773);
#4319=VERTEX_POINT('',#13775);
#4320=VERTEX_POINT('',#13777);
#4321=VERTEX_POINT('',#13779);
#4322=VERTEX_POINT('',#13781);
#4323=VERTEX_POINT('',#13783);
#4324=VERTEX_POINT('',#13785);
#4325=VERTEX_POINT('',#13787);
#4326=VERTEX_POINT('',#13789);
#4327=VERTEX_POINT('',#13791);
#4328=VERTEX_POINT('',#13793);
#4329=VERTEX_POINT('',#13795);
#4330=VERTEX_POINT('',#13797);
#4331=VERTEX_POINT('',#13799);
#4332=VERTEX_POINT('',#13801);
#4333=VERTEX_POINT('',#13803);
#4334=VERTEX_POINT('',#13805);
#4335=VERTEX_POINT('',#13807);
#4336=VERTEX_POINT('',#13809);
#4337=VERTEX_POINT('',#13811);
#4338=VERTEX_POINT('',#13813);
#4339=VERTEX_POINT('',#13815);
#4340=VERTEX_POINT('',#13817);
#4341=VERTEX_POINT('',#13819);
#4342=VERTEX_POINT('',#13821);
#4343=VERTEX_POINT('',#13823);
#4344=VERTEX_POINT('',#13825);
#4345=VERTEX_POINT('',#13827);
#4346=VERTEX_POINT('',#13829);
#4347=VERTEX_POINT('',#13831);
#4348=VERTEX_POINT('',#13833);
#4349=VERTEX_POINT('',#13835);
#4350=VERTEX_POINT('',#13837);
#4351=VERTEX_POINT('',#13839);
#4352=VERTEX_POINT('',#13841);
#4353=VERTEX_POINT('',#13843);
#4354=VERTEX_POINT('',#13845);
#4355=VERTEX_POINT('',#13847);
#4356=VERTEX_POINT('',#13849);
#4357=VERTEX_POINT('',#13851);
#4358=VERTEX_POINT('',#13853);
#4359=VERTEX_POINT('',#13855);
#4360=VERTEX_POINT('',#13857);
#4361=VERTEX_POINT('',#13859);
#4362=VERTEX_POINT('',#13861);
#4363=VERTEX_POINT('',#13863);
#4364=VERTEX_POINT('',#13865);
#4365=VERTEX_POINT('',#13867);
#4366=VERTEX_POINT('',#13869);
#4367=VERTEX_POINT('',#13871);
#4368=VERTEX_POINT('',#13873);
#4369=VERTEX_POINT('',#13875);
#4370=VERTEX_POINT('',#13877);
#4371=VERTEX_POINT('',#13879);
#4372=VERTEX_POINT('',#13881);
#4373=VERTEX_POINT('',#13883);
#4374=VERTEX_POINT('',#13885);
#4375=VERTEX_POINT('',#13887);
#4376=VERTEX_POINT('',#13889);
#4377=VERTEX_POINT('',#13891);
#4378=VERTEX_POINT('',#13893);
#4379=VERTEX_POINT('',#13895);
#4380=VERTEX_POINT('',#13897);
#4381=VERTEX_POINT('',#13899);
#4382=VERTEX_POINT('',#13901);
#4383=VERTEX_POINT('',#13903);
#4384=VERTEX_POINT('',#13905);
#4385=VERTEX_POINT('',#13908);
#4386=VERTEX_POINT('',#13910);
#4387=VERTEX_POINT('',#13912);
#4388=VERTEX_POINT('',#13914);
#4389=VERTEX_POINT('',#13916);
#4390=VERTEX_POINT('',#13917);
#4391=VERTEX_POINT('',#13919);
#4392=VERTEX_POINT('',#13921);
#4393=VERTEX_POINT('',#13923);
#4394=VERTEX_POINT('',#13925);
#4395=VERTEX_POINT('',#13927);
#4396=VERTEX_POINT('',#13929);
#4397=VERTEX_POINT('',#13931);
#4398=VERTEX_POINT('',#13933);
#4399=VERTEX_POINT('',#13935);
#4400=VERTEX_POINT('',#13937);
#4401=VERTEX_POINT('',#13940);
#4402=VERTEX_POINT('',#13941);
#4403=VERTEX_POINT('',#13943);
#4404=VERTEX_POINT('',#13945);
#4405=VERTEX_POINT('',#13947);
#4406=VERTEX_POINT('',#13949);
#4407=VERTEX_POINT('',#13951);
#4408=VERTEX_POINT('',#13953);
#4409=VERTEX_POINT('',#13955);
#4410=VERTEX_POINT('',#13957);
#4411=VERTEX_POINT('',#13959);
#4412=VERTEX_POINT('',#13961);
#4413=VERTEX_POINT('',#13964);
#4414=VERTEX_POINT('',#13965);
#4415=VERTEX_POINT('',#13967);
#4416=VERTEX_POINT('',#13969);
#4417=VERTEX_POINT('',#13971);
#4418=VERTEX_POINT('',#13973);
#4419=VERTEX_POINT('',#13975);
#4420=VERTEX_POINT('',#13977);
#4421=VERTEX_POINT('',#13979);
#4422=VERTEX_POINT('',#13981);
#4423=VERTEX_POINT('',#13983);
#4424=VERTEX_POINT('',#13985);
#4425=VERTEX_POINT('',#13989);
#4426=VERTEX_POINT('',#13991);
#4427=VERTEX_POINT('',#13995);
#4428=VERTEX_POINT('',#13999);
#4429=VERTEX_POINT('',#14001);
#4430=VERTEX_POINT('',#14005);
#4431=VERTEX_POINT('',#14009);
#4432=VERTEX_POINT('',#14011);
#4433=VERTEX_POINT('',#14015);
#4434=VERTEX_POINT('',#14019);
#4435=VERTEX_POINT('',#14021);
#4436=VERTEX_POINT('',#14025);
#4437=VERTEX_POINT('',#14029);
#4438=VERTEX_POINT('',#14031);
#4439=VERTEX_POINT('',#14035);
#4440=VERTEX_POINT('',#14039);
#4441=VERTEX_POINT('',#14041);
#4442=VERTEX_POINT('',#14045);
#4443=VERTEX_POINT('',#14049);
#4444=VERTEX_POINT('',#14051);
#4445=VERTEX_POINT('',#14055);
#4446=VERTEX_POINT('',#14059);
#4447=VERTEX_POINT('',#14061);
#4448=VERTEX_POINT('',#14065);
#4449=VERTEX_POINT('',#14069);
#4450=VERTEX_POINT('',#14071);
#4451=VERTEX_POINT('',#14075);
#4452=VERTEX_POINT('',#14079);
#4453=VERTEX_POINT('',#14081);
#4454=VERTEX_POINT('',#14085);
#4455=VERTEX_POINT('',#14089);
#4456=VERTEX_POINT('',#14091);
#4457=VERTEX_POINT('',#14095);
#4458=VERTEX_POINT('',#14099);
#4459=VERTEX_POINT('',#14101);
#4460=VERTEX_POINT('',#14105);
#4461=VERTEX_POINT('',#14109);
#4462=VERTEX_POINT('',#14111);
#4463=VERTEX_POINT('',#14115);
#4464=VERTEX_POINT('',#14119);
#4465=VERTEX_POINT('',#14121);
#4466=VERTEX_POINT('',#14125);
#4467=VERTEX_POINT('',#14129);
#4468=VERTEX_POINT('',#14131);
#4469=VERTEX_POINT('',#14135);
#4470=VERTEX_POINT('',#14139);
#4471=VERTEX_POINT('',#14141);
#4472=VERTEX_POINT('',#14145);
#4473=VERTEX_POINT('',#14149);
#4474=VERTEX_POINT('',#14151);
#4475=VERTEX_POINT('',#14155);
#4476=VERTEX_POINT('',#14159);
#4477=VERTEX_POINT('',#14161);
#4478=VERTEX_POINT('',#14165);
#4479=VERTEX_POINT('',#14169);
#4480=VERTEX_POINT('',#14171);
#4481=VERTEX_POINT('',#14175);
#4482=VERTEX_POINT('',#14179);
#4483=VERTEX_POINT('',#14183);
#4484=VERTEX_POINT('',#14187);
#4485=VERTEX_POINT('',#14191);
#4486=VERTEX_POINT('',#14195);
#4487=VERTEX_POINT('',#14197);
#4488=VERTEX_POINT('',#14203);
#4489=VERTEX_POINT('',#14207);
#4490=VERTEX_POINT('',#14213);
#4491=VERTEX_POINT('',#14215);
#4492=VERTEX_POINT('',#14219);
#4493=VERTEX_POINT('',#14223);
#4494=VERTEX_POINT('',#14227);
#4495=VERTEX_POINT('',#14231);
#4496=VERTEX_POINT('',#14235);
#4497=VERTEX_POINT('',#14239);
#4498=VERTEX_POINT('',#14243);
#4499=VERTEX_POINT('',#14247);
#4500=VERTEX_POINT('',#14251);
#4501=VERTEX_POINT('',#14255);
#4502=VERTEX_POINT('',#14261);
#4503=VERTEX_POINT('',#14263);
#4504=VERTEX_POINT('',#14269);
#4505=VERTEX_POINT('',#14273);
#4506=VERTEX_POINT('',#14279);
#4507=VERTEX_POINT('',#14281);
#4508=VERTEX_POINT('',#14285);
#4509=VERTEX_POINT('',#14289);
#4510=VERTEX_POINT('',#14293);
#4511=VERTEX_POINT('',#14297);
#4512=VERTEX_POINT('',#14301);
#4513=VERTEX_POINT('',#14305);
#4514=VERTEX_POINT('',#14309);
#4515=VERTEX_POINT('',#14313);
#4516=VERTEX_POINT('',#14317);
#4517=VERTEX_POINT('',#14321);
#4518=VERTEX_POINT('',#14327);
#4519=VERTEX_POINT('',#14329);
#4520=VERTEX_POINT('',#14335);
#4521=VERTEX_POINT('',#14339);
#4522=VERTEX_POINT('',#14345);
#4523=VERTEX_POINT('',#14347);
#4524=VERTEX_POINT('',#14353);
#4525=VERTEX_POINT('',#14357);
#4526=VERTEX_POINT('',#14363);
#4527=VERTEX_POINT('',#14365);
#4528=VERTEX_POINT('',#14369);
#4529=VERTEX_POINT('',#14375);
#4530=VERTEX_POINT('',#14381);
#4531=VERTEX_POINT('',#14383);
#4532=VERTEX_POINT('',#14387);
#4533=VERTEX_POINT('',#14393);
#4534=VERTEX_POINT('',#14399);
#4535=VERTEX_POINT('',#14401);
#4536=VERTEX_POINT('',#14405);
#4537=VERTEX_POINT('',#14409);
#4538=VERTEX_POINT('',#14413);
#4539=VERTEX_POINT('',#14417);
#4540=VERTEX_POINT('',#14421);
#4541=VERTEX_POINT('',#14425);
#4542=VERTEX_POINT('',#14429);
#4543=VERTEX_POINT('',#14433);
#4544=VERTEX_POINT('',#14437);
#4545=VERTEX_POINT('',#14441);
#4546=VERTEX_POINT('',#14447);
#4547=VERTEX_POINT('',#14449);
#4548=VERTEX_POINT('',#14455);
#4549=VERTEX_POINT('',#14459);
#4550=VERTEX_POINT('',#14465);
#4551=VERTEX_POINT('',#14467);
#4552=VERTEX_POINT('',#14473);
#4553=VERTEX_POINT('',#14477);
#4554=VERTEX_POINT('',#14483);
#4555=VERTEX_POINT('',#14487);
#4556=VERTEX_POINT('',#14491);
#4557=VERTEX_POINT('',#14495);
#4558=VERTEX_POINT('',#14501);
#4559=VERTEX_POINT('',#14505);
#4560=VERTEX_POINT('',#14509);
#4561=VERTEX_POINT('',#14511);
#4562=VERTEX_POINT('',#14519);
#4563=VERTEX_POINT('',#14523);
#4564=VERTEX_POINT('',#14531);
#4565=VERTEX_POINT('',#14539);
#4566=VERTEX_POINT('',#14557);
#4567=VERTEX_POINT('',#14559);
#4568=VERTEX_POINT('',#14563);
#4569=VERTEX_POINT('',#14566);
#4570=VERTEX_POINT('',#14568);
#4571=VERTEX_POINT('',#14572);
#4572=VERTEX_POINT('',#14575);
#4573=VERTEX_POINT('',#14577);
#4574=VERTEX_POINT('',#14581);
#4575=VERTEX_POINT('',#14584);
#4576=VERTEX_POINT('',#14586);
#4577=VERTEX_POINT('',#14590);
#4578=VERTEX_POINT('',#14593);
#4579=VERTEX_POINT('',#14595);
#4580=VERTEX_POINT('',#14600);
#4581=VERTEX_POINT('',#14602);
#4582=VERTEX_POINT('',#14607);
#4583=VERTEX_POINT('',#14611);
#4584=VERTEX_POINT('',#14615);
#4585=VERTEX_POINT('',#14619);
#4586=VERTEX_POINT('',#14623);
#4587=VERTEX_POINT('',#14625);
#4588=VERTEX_POINT('',#14629);
#4589=VERTEX_POINT('',#14630);
#4590=VERTEX_POINT('',#14632);
#4591=VERTEX_POINT('',#14634);
#4592=VERTEX_POINT('',#14638);
#4593=VERTEX_POINT('',#14640);
#4594=VERTEX_POINT('',#14644);
#4595=VERTEX_POINT('',#14648);
#4596=VERTEX_POINT('',#14656);
#4597=VERTEX_POINT('',#14658);
#4598=VERTEX_POINT('',#14662);
#4599=VERTEX_POINT('',#14667);
#4600=VERTEX_POINT('',#14669);
#4601=VERTEX_POINT('',#14673);
#4602=VERTEX_POINT('',#14677);
#4603=VERTEX_POINT('',#14678);
#4604=VERTEX_POINT('',#14680);
#4605=VERTEX_POINT('',#14682);
#4606=VERTEX_POINT('',#14684);
#4607=VERTEX_POINT('',#14686);
#4608=VERTEX_POINT('',#14690);
#4609=VERTEX_POINT('',#14692);
#4610=VERTEX_POINT('',#14696);
#4611=VERTEX_POINT('',#14700);
#4612=VERTEX_POINT('',#14704);
#4613=VERTEX_POINT('',#14708);
#4614=VERTEX_POINT('',#14717);
#4615=VERTEX_POINT('',#14719);
#4616=VERTEX_POINT('',#14726);
#4617=VERTEX_POINT('',#14727);
#4618=VERTEX_POINT('',#14729);
#4619=VERTEX_POINT('',#14731);
#4620=VERTEX_POINT('',#14735);
#4621=VERTEX_POINT('',#14737);
#4622=VERTEX_POINT('',#14741);
#4623=VERTEX_POINT('',#14743);
#4624=VERTEX_POINT('',#14746);
#4625=VERTEX_POINT('',#14748);
#4626=VERTEX_POINT('',#14750);
#4627=VERTEX_POINT('',#14753);
#4628=VERTEX_POINT('',#14757);
#4629=VERTEX_POINT('',#14761);
#4630=VERTEX_POINT('',#14765);
#4631=VERTEX_POINT('',#14767);
#4632=VERTEX_POINT('',#14771);
#4633=VERTEX_POINT('',#14775);
#4634=VERTEX_POINT('',#14783);
#4635=VERTEX_POINT('',#14785);
#4636=VERTEX_POINT('',#14788);
#4637=VERTEX_POINT('',#14792);
#4638=VERTEX_POINT('',#14795);
#4639=VERTEX_POINT('',#14796);
#4640=VERTEX_POINT('',#14801);
#4641=VERTEX_POINT('',#14803);
#4642=VERTEX_POINT('',#14809);
#4643=VERTEX_POINT('',#14810);
#4644=VERTEX_POINT('',#14812);
#4645=VERTEX_POINT('',#14814);
#4646=VERTEX_POINT('',#14819);
#4647=VERTEX_POINT('',#14823);
#4648=VERTEX_POINT('',#14826);
#4649=VERTEX_POINT('',#14830);
#4650=VERTEX_POINT('',#14835);
#4651=VERTEX_POINT('',#14836);
#4652=VERTEX_POINT('',#14839);
#4653=VERTEX_POINT('',#14840);
#4654=VERTEX_POINT('',#14843);
#4655=VERTEX_POINT('',#14844);
#4656=VERTEX_POINT('',#14847);
#4657=VERTEX_POINT('',#14848);
#4658=VERTEX_POINT('',#14851);
#4659=VERTEX_POINT('',#14852);
#4660=VERTEX_POINT('',#14855);
#4661=VERTEX_POINT('',#14856);
#4662=VERTEX_POINT('',#14859);
#4663=VERTEX_POINT('',#14860);
#4664=VERTEX_POINT('',#14863);
#4665=VERTEX_POINT('',#14864);
#4666=VERTEX_POINT('',#14867);
#4667=VERTEX_POINT('',#14868);
#4668=VERTEX_POINT('',#14891);
#4669=VERTEX_POINT('',#14893);
#4670=VERTEX_POINT('',#14918);
#4671=VERTEX_POINT('',#14920);
#4672=VERTEX_POINT('',#14924);
#4673=VERTEX_POINT('',#14947);
#4674=VERTEX_POINT('',#14972);
#4675=VERTEX_POINT('',#14974);
#4676=VERTEX_POINT('',#14978);
#4677=VERTEX_POINT('',#15001);
#4678=VERTEX_POINT('',#15026);
#4679=VERTEX_POINT('',#15028);
#4680=VERTEX_POINT('',#15032);
#4681=VERTEX_POINT('',#15055);
#4682=VERTEX_POINT('',#15080);
#4683=VERTEX_POINT('',#15082);
#4684=VERTEX_POINT('',#15086);
#4685=VERTEX_POINT('',#15099);
#4686=VERTEX_POINT('',#15112);
#4687=VERTEX_POINT('',#15125);
#4688=VERTEX_POINT('',#15140);
#4689=VERTEX_POINT('',#15142);
#4690=VERTEX_POINT('',#15146);
#4691=VERTEX_POINT('',#15169);
#4692=VERTEX_POINT('',#15194);
#4693=VERTEX_POINT('',#15196);
#4694=VERTEX_POINT('',#15200);
#4695=VERTEX_POINT('',#15223);
#4696=VERTEX_POINT('',#15248);
#4697=VERTEX_POINT('',#15250);
#4698=VERTEX_POINT('',#15254);
#4699=VERTEX_POINT('',#15277);
#4700=VERTEX_POINT('',#15305);
#4701=VERTEX_POINT('',#15306);
#4702=VERTEX_POINT('',#15329);
#4703=VERTEX_POINT('',#15331);
#4704=VERTEX_POINT('',#15356);
#4705=VERTEX_POINT('',#15358);
#4706=VERTEX_POINT('',#15371);
#4707=VERTEX_POINT('',#15373);
#4708=VERTEX_POINT('',#15396);
#4709=VERTEX_POINT('',#15398);
#4710=VERTEX_POINT('',#15421);
#4711=VERTEX_POINT('',#15423);
#4712=VERTEX_POINT('',#15447);
#4713=VERTEX_POINT('',#15449);
#4714=VERTEX_POINT('',#15472);
#4715=VERTEX_POINT('',#15474);
#4716=VERTEX_POINT('',#15497);
#4717=VERTEX_POINT('',#15499);
#4718=VERTEX_POINT('',#15522);
#4719=VERTEX_POINT('',#15537);
#4720=VERTEX_POINT('',#15541);
#4721=VERTEX_POINT('',#15566);
#4722=VERTEX_POINT('',#15570);
#4723=VERTEX_POINT('',#15595);
#4724=VERTEX_POINT('',#15599);
#4725=VERTEX_POINT('',#15624);
#4726=VERTEX_POINT('',#15628);
#4727=VERTEX_POINT('',#15629);
#4728=VERTEX_POINT('',#15656);
#4729=VERTEX_POINT('',#15660);
#4730=VERTEX_POINT('',#15685);
#4731=VERTEX_POINT('',#15689);
#4732=VERTEX_POINT('',#15715);
#4733=VERTEX_POINT('',#15717);
#4734=VERTEX_POINT('',#15747);
#4735=VERTEX_POINT('',#15748);
#4736=VERTEX_POINT('',#15771);
#4737=VERTEX_POINT('',#15773);
#4738=VERTEX_POINT('',#15798);
#4739=VERTEX_POINT('',#15800);
#4740=VERTEX_POINT('',#15804);
#4741=VERTEX_POINT('',#15827);
#4742=VERTEX_POINT('',#15852);
#4743=VERTEX_POINT('',#15854);
#4744=VERTEX_POINT('',#15858);
#4745=VERTEX_POINT('',#15881);
#4746=VERTEX_POINT('',#15906);
#4747=VERTEX_POINT('',#15908);
#4748=VERTEX_POINT('',#15912);
#4749=VERTEX_POINT('',#15925);
#4750=VERTEX_POINT('',#15938);
#4751=VERTEX_POINT('',#15951);
#4752=VERTEX_POINT('',#15966);
#4753=VERTEX_POINT('',#15968);
#4754=VERTEX_POINT('',#15972);
#4755=VERTEX_POINT('',#15995);
#4756=VERTEX_POINT('',#16020);
#4757=VERTEX_POINT('',#16022);
#4758=VERTEX_POINT('',#16026);
#4759=VERTEX_POINT('',#16049);
#4760=VERTEX_POINT('',#16074);
#4761=VERTEX_POINT('',#16076);
#4762=VERTEX_POINT('',#16080);
#4763=VERTEX_POINT('',#16103);
#4764=VERTEX_POINT('',#16128);
#4765=VERTEX_POINT('',#16130);
#4766=VERTEX_POINT('',#16134);
#4767=VERTEX_POINT('',#16157);
#4768=VERTEX_POINT('',#16185);
#4769=VERTEX_POINT('',#16186);
#4770=VERTEX_POINT('',#16209);
#4771=VERTEX_POINT('',#16211);
#4772=VERTEX_POINT('',#16236);
#4773=VERTEX_POINT('',#16238);
#4774=VERTEX_POINT('',#16261);
#4775=VERTEX_POINT('',#16263);
#4776=VERTEX_POINT('',#16286);
#4777=VERTEX_POINT('',#16288);
#4778=VERTEX_POINT('',#16302);
#4779=VERTEX_POINT('',#16315);
#4780=VERTEX_POINT('',#16317);
#4781=VERTEX_POINT('',#16340);
#4782=VERTEX_POINT('',#16342);
#4783=VERTEX_POINT('',#16365);
#4784=VERTEX_POINT('',#16367);
#4785=VERTEX_POINT('',#16390);
#4786=VERTEX_POINT('',#16392);
#4787=VERTEX_POINT('',#16417);
#4788=VERTEX_POINT('',#16421);
#4789=VERTEX_POINT('',#16446);
#4790=VERTEX_POINT('',#16450);
#4791=VERTEX_POINT('',#16475);
#4792=VERTEX_POINT('',#16479);
#4793=VERTEX_POINT('',#16480);
#4794=VERTEX_POINT('',#16507);
#4795=VERTEX_POINT('',#16511);
#4796=VERTEX_POINT('',#16536);
#4797=VERTEX_POINT('',#16540);
#4798=VERTEX_POINT('',#16565);
#4799=VERTEX_POINT('',#16569);
#4800=VERTEX_POINT('',#16594);
#4801=VERTEX_POINT('',#16596);
#4802=VERTEX_POINT('',#16657);
#4803=VERTEX_POINT('',#16658);
#4804=VERTEX_POINT('',#16660);
#4805=VERTEX_POINT('',#16662);
#4806=VERTEX_POINT('',#16666);
#4807=VERTEX_POINT('',#16668);
#4808=VERTEX_POINT('',#16670);
#4809=VERTEX_POINT('',#16672);
#4810=VERTEX_POINT('',#16674);
#4811=VERTEX_POINT('',#16676);
#4812=VERTEX_POINT('',#16680);
#4813=VERTEX_POINT('',#16682);
#4814=VERTEX_POINT('',#16684);
#4815=VERTEX_POINT('',#16686);
#4816=VERTEX_POINT('',#16688);
#4817=VERTEX_POINT('',#16692);
#4818=VERTEX_POINT('',#16693);
#4819=VERTEX_POINT('',#16698);
#4820=VERTEX_POINT('',#16700);
#4821=VERTEX_POINT('',#16702);
#4822=VERTEX_POINT('',#16706);
#4823=VERTEX_POINT('',#16708);
#4824=VERTEX_POINT('',#16710);
#4825=VERTEX_POINT('',#16712);
#4826=VERTEX_POINT('',#16716);
#4827=VERTEX_POINT('',#16720);
#4828=VERTEX_POINT('',#16722);
#4829=VERTEX_POINT('',#16726);
#4830=VERTEX_POINT('',#16730);
#4831=VERTEX_POINT('',#16732);
#4832=VERTEX_POINT('',#16736);
#4833=VERTEX_POINT('',#16738);
#4834=VERTEX_POINT('',#16744);
#4835=VERTEX_POINT('',#16746);
#4836=VERTEX_POINT('',#16750);
#4837=VERTEX_POINT('',#16752);
#4838=VERTEX_POINT('',#16756);
#4839=VERTEX_POINT('',#16758);
#4840=VERTEX_POINT('',#16764);
#4841=VERTEX_POINT('',#16768);
#4842=VERTEX_POINT('',#16780);
#4843=VERTEX_POINT('',#16781);
#4844=VERTEX_POINT('',#16783);
#4845=VERTEX_POINT('',#16785);
#4846=VERTEX_POINT('',#16789);
#4847=VERTEX_POINT('',#16791);
#4848=VERTEX_POINT('',#16793);
#4849=VERTEX_POINT('',#16797);
#4850=VERTEX_POINT('',#16799);
#4851=VERTEX_POINT('',#16801);
#4852=VERTEX_POINT('',#16803);
#4853=VERTEX_POINT('',#16805);
#4854=VERTEX_POINT('',#16807);
#4855=VERTEX_POINT('',#16809);
#4856=VERTEX_POINT('',#16811);
#4857=VERTEX_POINT('',#16813);
#4858=VERTEX_POINT('',#16817);
#4859=VERTEX_POINT('',#16818);
#4860=VERTEX_POINT('',#16820);
#4861=VERTEX_POINT('',#16822);
#4862=VERTEX_POINT('',#16826);
#4863=VERTEX_POINT('',#16828);
#4864=VERTEX_POINT('',#16830);
#4865=VERTEX_POINT('',#16832);
#4866=VERTEX_POINT('',#16834);
#4867=VERTEX_POINT('',#16836);
#4868=VERTEX_POINT('',#16838);
#4869=VERTEX_POINT('',#16840);
#4870=VERTEX_POINT('',#16842);
#4871=VERTEX_POINT('',#16844);
#4872=VERTEX_POINT('',#16848);
#4873=VERTEX_POINT('',#16850);
#4874=VERTEX_POINT('',#16854);
#4875=VERTEX_POINT('',#16856);
#4876=VERTEX_POINT('',#16860);
#4877=VERTEX_POINT('',#16862);
#4878=VERTEX_POINT('',#16864);
#4879=VERTEX_POINT('',#16866);
#4880=VERTEX_POINT('',#16868);
#4881=VERTEX_POINT('',#16870);
#4882=VERTEX_POINT('',#16872);
#4883=VERTEX_POINT('',#16874);
#4884=VERTEX_POINT('',#16876);
#4885=VERTEX_POINT('',#16878);
#4886=VERTEX_POINT('',#16882);
#4887=VERTEX_POINT('',#16889);
#4888=VERTEX_POINT('',#16893);
#4889=VERTEX_POINT('',#16895);
#4890=VERTEX_POINT('',#16899);
#4891=VERTEX_POINT('',#16901);
#4892=VERTEX_POINT('',#16905);
#4893=VERTEX_POINT('',#16907);
#4894=VERTEX_POINT('',#16911);
#4895=VERTEX_POINT('',#16912);
#4896=VERTEX_POINT('',#16914);
#4897=VERTEX_POINT('',#16916);
#4898=VERTEX_POINT('',#16923);
#4899=VERTEX_POINT('',#16925);
#4900=VERTEX_POINT('',#16943);
#4901=VERTEX_POINT('',#16947);
#4902=VERTEX_POINT('',#16951);
#4903=VERTEX_POINT('',#16955);
#4904=VERTEX_POINT('',#16959);
#4905=VERTEX_POINT('',#16965);
#4906=VERTEX_POINT('',#16975);
#4907=VERTEX_POINT('',#16977);
#4908=VERTEX_POINT('',#16981);
#4909=VERTEX_POINT('',#16983);
#4910=VERTEX_POINT('',#16988);
#4911=VERTEX_POINT('',#16989);
#4912=VERTEX_POINT('',#16991);
#4913=VERTEX_POINT('',#16993);
#4914=VERTEX_POINT('',#16997);
#4915=VERTEX_POINT('',#16999);
#4916=VERTEX_POINT('',#17001);
#4917=VERTEX_POINT('',#17003);
#4918=VERTEX_POINT('',#17005);
#4919=VERTEX_POINT('',#17007);
#4920=VERTEX_POINT('',#17011);
#4921=VERTEX_POINT('',#17013);
#4922=VERTEX_POINT('',#17017);
#4923=VERTEX_POINT('',#17019);
#4924=VERTEX_POINT('',#17023);
#4925=VERTEX_POINT('',#17025);
#4926=VERTEX_POINT('',#17027);
#4927=VERTEX_POINT('',#17029);
#4928=VERTEX_POINT('',#17031);
#4929=VERTEX_POINT('',#17033);
#4930=VERTEX_POINT('',#17037);
#4931=VERTEX_POINT('',#17041);
#4932=VERTEX_POINT('',#17043);
#4933=VERTEX_POINT('',#17047);
#4934=VERTEX_POINT('',#17049);
#4935=VERTEX_POINT('',#17053);
#4936=VERTEX_POINT('',#17055);
#4937=VERTEX_POINT('',#17057);
#4938=VERTEX_POINT('',#17059);
#4939=VERTEX_POINT('',#17061);
#4940=VERTEX_POINT('',#17065);
#4941=VERTEX_POINT('',#17069);
#4942=VERTEX_POINT('',#17071);
#4943=VERTEX_POINT('',#17075);
#4944=VERTEX_POINT('',#17077);
#4945=VERTEX_POINT('',#17083);
#4946=VERTEX_POINT('',#17085);
#4947=VERTEX_POINT('',#17092);
#4948=VERTEX_POINT('',#17098);
#4949=VERTEX_POINT('',#17102);
#4950=VERTEX_POINT('',#17111);
#4951=VERTEX_POINT('',#17113);
#4952=VERTEX_POINT('',#17128);
#4953=VERTEX_POINT('',#17129);
#4954=VERTEX_POINT('',#17144);
#4955=VERTEX_POINT('',#17160);
#4956=VERTEX_POINT('',#17201);
#4957=VERTEX_POINT('',#17203);
#4958=VERTEX_POINT('',#17205);
#4959=VERTEX_POINT('',#17207);
#4960=VERTEX_POINT('',#17211);
#4961=VERTEX_POINT('',#17212);
#4962=VERTEX_POINT('',#17227);
#4963=VERTEX_POINT('',#17243);
#4964=VERTEX_POINT('',#17245);
#4965=VERTEX_POINT('',#17287);
#4966=VERTEX_POINT('',#17289);
#4967=VERTEX_POINT('',#17291);
#4968=VERTEX_POINT('',#17293);
#4969=VERTEX_POINT('',#17297);
#4970=VERTEX_POINT('',#17336);
#4971=VERTEX_POINT('',#17338);
#4972=VERTEX_POINT('',#17353);
#4973=VERTEX_POINT('',#17370);
#4974=VERTEX_POINT('',#17371);
#4975=VERTEX_POINT('',#17373);
#4976=VERTEX_POINT('',#17388);
#4977=VERTEX_POINT('',#17443);
#4978=VERTEX_POINT('',#17445);
#4979=VERTEX_POINT('',#17447);
#4980=VERTEX_POINT('',#17450);
#4981=VERTEX_POINT('',#17452);
#4982=VERTEX_POINT('',#17455);
#4983=VERTEX_POINT('',#17457);
#4984=VERTEX_POINT('',#17459);
#4985=VERTEX_POINT('',#17464);
#4986=VERTEX_POINT('',#17466);
#4987=VERTEX_POINT('',#17470);
#4988=VERTEX_POINT('',#17472);
#4989=VERTEX_POINT('',#17476);
#4990=VERTEX_POINT('',#17482);
#4991=VERTEX_POINT('',#17488);
#4992=VERTEX_POINT('',#17493);
#4993=VERTEX_POINT('',#17502);
#4994=VERTEX_POINT('',#17504);
#4995=VERTEX_POINT('',#17509);
#4996=VERTEX_POINT('',#17511);
#4997=VERTEX_POINT('',#17516);
#4998=VERTEX_POINT('',#17518);
#4999=VERTEX_POINT('',#17523);
#5000=VERTEX_POINT('',#17525);
#5001=VERTEX_POINT('',#17530);
#5002=VERTEX_POINT('',#17532);
#5003=VERTEX_POINT('',#17537);
#5004=VERTEX_POINT('',#17539);
#5005=VERTEX_POINT('',#17544);
#5006=VERTEX_POINT('',#17546);
#5007=VERTEX_POINT('',#17551);
#5008=VERTEX_POINT('',#17553);
#5009=VERTEX_POINT('',#17558);
#5010=VERTEX_POINT('',#17560);
#5011=VERTEX_POINT('',#17564);
#5012=VERTEX_POINT('',#17566);
#5013=VERTEX_POINT('',#17570);
#5014=VERTEX_POINT('',#17572);
#5015=VERTEX_POINT('',#17576);
#5016=VERTEX_POINT('',#17577);
#5017=VERTEX_POINT('',#17579);
#5018=VERTEX_POINT('',#17581);
#5019=VERTEX_POINT('',#17585);
#5020=VERTEX_POINT('',#17587);
#5021=VERTEX_POINT('',#17591);
#5022=VERTEX_POINT('',#17595);
#5023=VERTEX_POINT('',#17603);
#5024=VERTEX_POINT('',#17605);
#5025=VERTEX_POINT('',#17610);
#5026=VERTEX_POINT('',#17612);
#5027=VERTEX_POINT('',#17617);
#5028=VERTEX_POINT('',#17620);
#5029=EDGE_CURVE('',#4162,#4162,#3830,.T.);
#5030=EDGE_CURVE('',#4162,#4163,#2096,.T.);
#5031=EDGE_CURVE('',#4163,#4163,#3831,.T.);
#5032=EDGE_CURVE('',#4164,#4164,#3832,.T.);
#5033=EDGE_CURVE('',#4164,#4165,#2097,.T.);
#5034=EDGE_CURVE('',#4165,#4165,#3833,.T.);
#5035=EDGE_CURVE('',#4166,#4166,#3834,.T.);
#5036=EDGE_CURVE('',#4166,#4167,#2098,.T.);
#5037=EDGE_CURVE('',#4167,#4167,#3835,.F.);
#5038=EDGE_CURVE('',#4168,#4168,#3836,.T.);
#5039=EDGE_CURVE('',#4168,#4169,#2099,.T.);
#5040=EDGE_CURVE('',#4169,#4169,#3837,.T.);
#5041=EDGE_CURVE('',#4170,#4170,#3838,.T.);
#5042=EDGE_CURVE('',#4170,#4171,#2100,.T.);
#5043=EDGE_CURVE('',#4171,#4171,#3839,.T.);
#5044=EDGE_CURVE('',#4172,#4172,#3840,.T.);
#5045=EDGE_CURVE('',#4172,#4173,#2101,.T.);
#5046=EDGE_CURVE('',#4173,#4173,#3841,.T.);
#5047=EDGE_CURVE('',#4174,#4174,#3842,.T.);
#5048=EDGE_CURVE('',#4174,#4175,#2102,.T.);
#5049=EDGE_CURVE('',#4175,#4175,#3843,.T.);
#5050=EDGE_CURVE('',#4176,#4176,#3844,.T.);
#5051=EDGE_CURVE('',#4176,#4177,#2103,.T.);
#5052=EDGE_CURVE('',#4177,#4177,#3845,.T.);
#5053=EDGE_CURVE('',#4178,#4178,#3846,.T.);
#5054=EDGE_CURVE('',#4178,#4179,#2104,.T.);
#5055=EDGE_CURVE('',#4179,#4179,#3847,.T.);
#5056=EDGE_CURVE('',#4180,#4181,#2105,.T.);
#5057=EDGE_CURVE('',#4180,#4182,#2106,.T.);
#5058=EDGE_CURVE('',#4183,#4182,#2107,.T.);
#5059=EDGE_CURVE('',#4181,#4183,#2108,.T.);
#5060=EDGE_CURVE('',#4182,#4184,#2109,.T.);
#5061=EDGE_CURVE('',#4184,#4185,#2110,.T.);
#5062=EDGE_CURVE('',#4185,#4183,#2111,.T.);
#5063=EDGE_CURVE('',#4186,#4187,#2112,.T.);
#5064=EDGE_CURVE('',#4186,#4180,#2113,.T.);
#5065=EDGE_CURVE('',#4181,#4187,#2114,.T.);
#5066=EDGE_CURVE('',#4187,#4188,#2115,.T.);
#5067=EDGE_CURVE('',#4188,#4189,#2116,.T.);
#5068=EDGE_CURVE('',#4189,#4186,#2117,.T.);
#5069=EDGE_CURVE('',#4190,#4191,#2118,.T.);
#5070=EDGE_CURVE('',#4190,#4185,#2119,.T.);
#5071=EDGE_CURVE('',#4184,#4191,#2120,.T.);
#5072=EDGE_CURVE('',#4192,#4188,#2121,.T.);
#5073=EDGE_CURVE('',#4193,#4190,#2122,.T.);
#5074=EDGE_CURVE('',#4192,#4193,#2123,.T.);
#5075=EDGE_CURVE('',#4194,#4192,#2124,.T.);
#5076=EDGE_CURVE('',#4195,#4193,#2125,.T.);
#5077=EDGE_CURVE('',#4194,#4195,#2126,.T.);
#5078=EDGE_CURVE('',#4194,#4189,#2127,.T.);
#5079=EDGE_CURVE('',#4191,#4195,#2128,.T.);
#5080=EDGE_CURVE('',#4196,#4196,#3848,.T.);
#5081=EDGE_CURVE('',#4196,#4197,#2129,.T.);
#5082=EDGE_CURVE('',#4198,#4198,#3849,.T.);
#5083=EDGE_CURVE('',#4198,#4199,#2130,.T.);
#5084=EDGE_CURVE('',#4199,#4199,#3850,.T.);
#5085=EDGE_CURVE('',#4200,#4201,#2131,.T.);
#5086=EDGE_CURVE('',#4201,#4202,#2132,.T.);
#5087=EDGE_CURVE('',#4202,#4203,#2133,.T.);
#5088=EDGE_CURVE('',#4203,#4200,#2134,.T.);
#5089=EDGE_CURVE('',#4204,#4201,#2135,.T.);
#5090=EDGE_CURVE('',#4205,#4204,#2136,.T.);
#5091=EDGE_CURVE('',#4202,#4205,#2137,.T.);
#5092=EDGE_CURVE('',#4206,#4205,#2138,.T.);
#5093=EDGE_CURVE('',#4203,#4206,#2139,.T.);
#5094=EDGE_CURVE('',#4207,#4206,#2140,.T.);
#5095=EDGE_CURVE('',#4200,#4207,#2141,.T.);
#5096=EDGE_CURVE('',#4204,#4207,#2142,.T.);
#5097=EDGE_CURVE('',#4208,#4208,#3851,.T.);
#5098=EDGE_CURVE('',#4208,#4209,#2143,.T.);
#5099=EDGE_CURVE('',#4209,#4209,#3852,.T.);
#5100=EDGE_CURVE('',#4210,#4210,#3853,.T.);
#5101=EDGE_CURVE('',#4211,#4211,#3854,.T.);
#5102=EDGE_CURVE('',#4211,#4212,#2144,.T.);
#5103=EDGE_CURVE('',#4212,#4212,#3855,.T.);
#5104=EDGE_CURVE('',#4213,#4213,#3856,.T.);
#5105=EDGE_CURVE('',#4214,#4214,#3857,.T.);
#5106=EDGE_CURVE('',#4214,#4215,#2145,.T.);
#5107=EDGE_CURVE('',#4215,#4215,#3858,.T.);
#5108=EDGE_CURVE('',#4216,#4216,#3859,.T.);
#5109=EDGE_CURVE('',#4217,#4217,#3860,.T.);
#5110=EDGE_CURVE('',#4217,#4218,#2146,.T.);
#5111=EDGE_CURVE('',#4218,#4218,#3861,.T.);
#5112=EDGE_CURVE('',#4219,#4219,#3862,.T.);
#5113=EDGE_CURVE('',#4220,#4220,#3863,.T.);
#5114=EDGE_CURVE('',#4220,#4221,#2147,.T.);
#5115=EDGE_CURVE('',#4221,#4221,#3864,.T.);
#5116=EDGE_CURVE('',#4222,#4222,#3865,.T.);
#5117=EDGE_CURVE('',#4222,#4223,#2148,.T.);
#5118=EDGE_CURVE('',#4223,#4223,#3866,.T.);
#5119=EDGE_CURVE('',#4224,#4224,#3867,.T.);
#5120=EDGE_CURVE('',#4224,#4225,#2149,.T.);
#5121=EDGE_CURVE('',#4225,#4225,#3868,.T.);
#5122=EDGE_CURVE('',#4226,#4226,#3869,.T.);
#5123=EDGE_CURVE('',#4226,#4227,#2150,.T.);
#5124=EDGE_CURVE('',#4227,#4227,#3870,.T.);
#5125=EDGE_CURVE('',#4228,#4228,#3871,.T.);
#5126=EDGE_CURVE('',#4228,#4229,#2151,.T.);
#5127=EDGE_CURVE('',#4229,#4229,#3872,.T.);
#5128=EDGE_CURVE('',#4230,#4230,#3873,.T.);
#5129=EDGE_CURVE('',#4230,#4231,#2152,.T.);
#5130=EDGE_CURVE('',#4231,#4231,#3874,.T.);
#5131=EDGE_CURVE('',#4232,#4232,#3875,.T.);
#5132=EDGE_CURVE('',#4232,#4233,#2153,.T.);
#5133=EDGE_CURVE('',#4233,#4233,#3876,.T.);
#5134=EDGE_CURVE('',#4234,#4234,#3877,.T.);
#5135=EDGE_CURVE('',#4234,#4210,#2154,.T.);
#5136=EDGE_CURVE('',#4235,#4235,#3878,.T.);
#5137=EDGE_CURVE('',#4235,#4213,#2155,.T.);
#5138=EDGE_CURVE('',#4236,#4236,#3879,.T.);
#5139=EDGE_CURVE('',#4236,#4216,#2156,.T.);
#5140=EDGE_CURVE('',#4237,#4237,#3880,.T.);
#5141=EDGE_CURVE('',#4237,#4219,#2157,.T.);
#5142=EDGE_CURVE('',#4238,#4239,#2158,.T.);
#5143=EDGE_CURVE('',#4239,#4240,#2159,.T.);
#5144=EDGE_CURVE('',#4240,#4241,#2160,.T.);
#5145=EDGE_CURVE('',#4241,#4238,#2161,.T.);
#5146=EDGE_CURVE('',#4242,#4239,#2162,.T.);
#5147=EDGE_CURVE('',#4243,#4242,#2163,.T.);
#5148=EDGE_CURVE('',#4240,#4243,#2164,.T.);
#5149=EDGE_CURVE('',#4244,#4243,#2165,.T.);
#5150=EDGE_CURVE('',#4241,#4244,#2166,.T.);
#5151=EDGE_CURVE('',#4245,#4244,#2167,.T.);
#5152=EDGE_CURVE('',#4238,#4245,#2168,.T.);
#5153=EDGE_CURVE('',#4242,#4245,#2169,.T.);
#5154=EDGE_CURVE('',#4246,#4246,#3881,.T.);
#5155=EDGE_CURVE('',#4246,#4247,#2170,.T.);
#5156=EDGE_CURVE('',#4247,#4247,#3882,.T.);
#5157=EDGE_CURVE('',#4248,#4248,#3883,.T.);
#5158=EDGE_CURVE('',#4248,#4249,#2171,.T.);
#5159=EDGE_CURVE('',#4249,#4249,#3884,.T.);
#5160=EDGE_CURVE('',#4250,#4250,#3885,.T.);
#5161=EDGE_CURVE('',#4250,#4251,#2172,.T.);
#5162=EDGE_CURVE('',#4251,#4251,#3886,.T.);
#5163=EDGE_CURVE('',#4252,#4252,#3887,.T.);
#5164=EDGE_CURVE('',#4252,#4253,#2173,.T.);
#5165=EDGE_CURVE('',#4253,#4253,#3888,.T.);
#5166=EDGE_CURVE('',#4254,#4254,#3889,.T.);
#5167=EDGE_CURVE('',#4254,#4255,#2174,.T.);
#5168=EDGE_CURVE('',#4255,#4255,#3890,.T.);
#5169=EDGE_CURVE('',#4256,#4256,#3891,.T.);
#5170=EDGE_CURVE('',#4256,#4257,#2175,.T.);
#5171=EDGE_CURVE('',#4257,#4257,#3892,.T.);
#5172=EDGE_CURVE('',#4258,#4258,#3893,.T.);
#5173=EDGE_CURVE('',#4258,#4259,#2176,.T.);
#5174=EDGE_CURVE('',#4259,#4259,#3894,.T.);
#5175=EDGE_CURVE('',#4260,#4260,#3895,.T.);
#5176=EDGE_CURVE('',#4260,#4261,#2177,.T.);
#5177=EDGE_CURVE('',#4261,#4261,#3896,.T.);
#5178=EDGE_CURVE('',#4262,#4262,#3897,.T.);
#5179=EDGE_CURVE('',#4262,#4263,#2178,.T.);
#5180=EDGE_CURVE('',#4263,#4263,#3898,.T.);
#5181=EDGE_CURVE('',#4264,#4264,#3899,.T.);
#5182=EDGE_CURVE('',#4264,#4265,#2179,.T.);
#5183=EDGE_CURVE('',#4265,#4265,#3900,.T.);
#5184=EDGE_CURVE('',#4266,#4266,#3901,.T.);
#5185=EDGE_CURVE('',#4266,#4267,#2180,.T.);
#5186=EDGE_CURVE('',#4267,#4267,#3902,.T.);
#5187=EDGE_CURVE('',#4268,#4268,#3903,.T.);
#5188=EDGE_CURVE('',#4268,#4269,#2181,.T.);
#5189=EDGE_CURVE('',#4269,#4269,#3904,.T.);
#5190=EDGE_CURVE('',#4270,#4270,#3905,.T.);
#5191=EDGE_CURVE('',#4270,#4271,#2182,.T.);
#5192=EDGE_CURVE('',#4271,#4271,#3906,.T.);
#5193=EDGE_CURVE('',#4272,#4272,#3907,.T.);
#5194=EDGE_CURVE('',#4272,#4273,#2183,.T.);
#5195=EDGE_CURVE('',#4273,#4273,#3908,.T.);
#5196=EDGE_CURVE('',#4274,#4274,#3909,.T.);
#5197=EDGE_CURVE('',#4274,#4275,#2184,.T.);
#5198=EDGE_CURVE('',#4275,#4275,#3910,.T.);
#5199=EDGE_CURVE('',#4276,#4276,#3911,.T.);
#5200=EDGE_CURVE('',#4276,#4277,#2185,.T.);
#5201=EDGE_CURVE('',#4277,#4277,#3912,.T.);
#5202=EDGE_CURVE('',#4278,#4279,#2186,.T.);
#5203=EDGE_CURVE('',#4279,#4280,#2187,.T.);
#5204=EDGE_CURVE('',#4280,#4281,#2188,.T.);
#5205=EDGE_CURVE('',#4281,#4278,#2189,.T.);
#5206=EDGE_CURVE('',#4282,#4279,#2190,.T.);
#5207=EDGE_CURVE('',#4283,#4282,#2191,.T.);
#5208=EDGE_CURVE('',#4280,#4283,#2192,.T.);
#5209=EDGE_CURVE('',#4278,#4284,#2193,.T.);
#5210=EDGE_CURVE('',#4284,#4285,#2194,.T.);
#5211=EDGE_CURVE('',#4285,#4286,#2195,.T.);
#5212=EDGE_CURVE('',#4286,#4287,#2196,.T.);
#5213=EDGE_CURVE('',#4288,#4287,#2197,.T.);
#5214=EDGE_CURVE('',#4288,#4289,#2198,.T.);
#5215=EDGE_CURVE('',#4289,#4290,#2199,.T.);
#5216=EDGE_CURVE('',#4290,#4291,#2200,.T.);
#5217=EDGE_CURVE('',#4291,#4292,#2201,.T.);
#5218=EDGE_CURVE('',#4292,#4293,#2202,.T.);
#5219=EDGE_CURVE('',#4294,#4293,#2203,.T.);
#5220=EDGE_CURVE('',#4294,#4295,#2204,.T.);
#5221=EDGE_CURVE('',#4295,#4296,#2205,.T.);
#5222=EDGE_CURVE('',#4296,#4297,#2206,.T.);
#5223=EDGE_CURVE('',#4298,#4297,#2207,.T.);
#5224=EDGE_CURVE('',#4298,#4299,#2208,.T.);
#5225=EDGE_CURVE('',#4299,#4300,#2209,.T.);
#5226=EDGE_CURVE('',#4300,#4301,#2210,.T.);
#5227=EDGE_CURVE('',#4301,#4302,#2211,.T.);
#5228=EDGE_CURVE('',#4302,#4303,#2212,.T.);
#5229=EDGE_CURVE('',#4304,#4303,#2213,.T.);
#5230=EDGE_CURVE('',#4304,#4305,#2214,.T.);
#5231=EDGE_CURVE('',#4305,#4306,#2215,.T.);
#5232=EDGE_CURVE('',#4306,#4307,#2216,.T.);
#5233=EDGE_CURVE('',#4308,#4307,#2217,.T.);
#5234=EDGE_CURVE('',#4308,#4309,#2218,.T.);
#5235=EDGE_CURVE('',#4309,#4310,#2219,.T.);
#5236=EDGE_CURVE('',#4310,#4311,#2220,.T.);
#5237=EDGE_CURVE('',#4311,#4312,#2221,.T.);
#5238=EDGE_CURVE('',#4312,#4313,#2222,.T.);
#5239=EDGE_CURVE('',#4314,#4313,#2223,.T.);
#5240=EDGE_CURVE('',#4314,#4315,#2224,.T.);
#5241=EDGE_CURVE('',#4315,#4316,#2225,.T.);
#5242=EDGE_CURVE('',#4316,#4317,#2226,.T.);
#5243=EDGE_CURVE('',#4318,#4317,#2227,.T.);
#5244=EDGE_CURVE('',#4318,#4319,#2228,.T.);
#5245=EDGE_CURVE('',#4319,#4320,#2229,.T.);
#5246=EDGE_CURVE('',#4320,#4321,#2230,.T.);
#5247=EDGE_CURVE('',#4321,#4322,#2231,.T.);
#5248=EDGE_CURVE('',#4322,#4323,#2232,.T.);
#5249=EDGE_CURVE('',#4324,#4323,#2233,.T.);
#5250=EDGE_CURVE('',#4324,#4325,#2234,.T.);
#5251=EDGE_CURVE('',#4325,#4326,#2235,.T.);
#5252=EDGE_CURVE('',#4326,#4327,#2236,.T.);
#5253=EDGE_CURVE('',#4327,#4328,#2237,.T.);
#5254=EDGE_CURVE('',#4329,#4328,#2238,.T.);
#5255=EDGE_CURVE('',#4329,#4330,#2239,.T.);
#5256=EDGE_CURVE('',#4330,#4331,#2240,.T.);
#5257=EDGE_CURVE('',#4331,#4332,#2241,.T.);
#5258=EDGE_CURVE('',#4332,#4333,#2242,.T.);
#5259=EDGE_CURVE('',#4333,#4334,#2243,.T.);
#5260=EDGE_CURVE('',#4335,#4334,#2244,.T.);
#5261=EDGE_CURVE('',#4335,#4336,#2245,.T.);
#5262=EDGE_CURVE('',#4336,#4337,#2246,.T.);
#5263=EDGE_CURVE('',#4337,#4338,#2247,.T.);
#5264=EDGE_CURVE('',#4338,#4339,#2248,.T.);
#5265=EDGE_CURVE('',#4340,#4339,#2249,.T.);
#5266=EDGE_CURVE('',#4340,#4341,#2250,.T.);
#5267=EDGE_CURVE('',#4341,#4342,#2251,.T.);
#5268=EDGE_CURVE('',#4342,#4343,#2252,.T.);
#5269=EDGE_CURVE('',#4343,#4344,#2253,.T.);
#5270=EDGE_CURVE('',#4344,#4345,#2254,.T.);
#5271=EDGE_CURVE('',#4346,#4345,#2255,.T.);
#5272=EDGE_CURVE('',#4346,#4347,#2256,.T.);
#5273=EDGE_CURVE('',#4347,#4348,#2257,.T.);
#5274=EDGE_CURVE('',#4348,#4349,#2258,.T.);
#5275=EDGE_CURVE('',#4350,#4349,#2259,.T.);
#5276=EDGE_CURVE('',#4350,#4351,#2260,.T.);
#5277=EDGE_CURVE('',#4351,#4352,#2261,.T.);
#5278=EDGE_CURVE('',#4352,#4353,#2262,.T.);
#5279=EDGE_CURVE('',#4353,#4354,#2263,.T.);
#5280=EDGE_CURVE('',#4354,#4355,#2264,.T.);
#5281=EDGE_CURVE('',#4356,#4355,#2265,.T.);
#5282=EDGE_CURVE('',#4356,#4357,#2266,.T.);
#5283=EDGE_CURVE('',#4357,#4358,#2267,.T.);
#5284=EDGE_CURVE('',#4358,#4359,#2268,.T.);
#5285=EDGE_CURVE('',#4360,#4359,#2269,.T.);
#5286=EDGE_CURVE('',#4360,#4361,#2270,.T.);
#5287=EDGE_CURVE('',#4361,#4362,#2271,.T.);
#5288=EDGE_CURVE('',#4362,#4363,#2272,.T.);
#5289=EDGE_CURVE('',#4363,#4364,#2273,.T.);
#5290=EDGE_CURVE('',#4364,#4365,#2274,.T.);
#5291=EDGE_CURVE('',#4366,#4365,#2275,.T.);
#5292=EDGE_CURVE('',#4366,#4367,#2276,.T.);
#5293=EDGE_CURVE('',#4367,#4368,#2277,.T.);
#5294=EDGE_CURVE('',#4368,#4369,#2278,.T.);
#5295=EDGE_CURVE('',#4370,#4369,#2279,.T.);
#5296=EDGE_CURVE('',#4370,#4371,#2280,.T.);
#5297=EDGE_CURVE('',#4371,#4372,#2281,.T.);
#5298=EDGE_CURVE('',#4372,#4373,#2282,.T.);
#5299=EDGE_CURVE('',#4373,#4374,#2283,.T.);
#5300=EDGE_CURVE('',#4374,#4375,#2284,.T.);
#5301=EDGE_CURVE('',#4376,#4375,#2285,.T.);
#5302=EDGE_CURVE('',#4376,#4377,#2286,.T.);
#5303=EDGE_CURVE('',#4377,#4378,#2287,.T.);
#5304=EDGE_CURVE('',#4378,#4379,#2288,.T.);
#5305=EDGE_CURVE('',#4379,#4380,#2289,.T.);
#5306=EDGE_CURVE('',#4381,#4380,#2290,.T.);
#5307=EDGE_CURVE('',#4381,#4382,#2291,.T.);
#5308=EDGE_CURVE('',#4382,#4383,#2292,.T.);
#5309=EDGE_CURVE('',#4383,#4384,#2293,.T.);
#5310=EDGE_CURVE('',#4384,#4282,#2294,.T.);
#5311=EDGE_CURVE('',#4385,#4385,#3913,.T.);
#5312=EDGE_CURVE('',#4386,#4386,#3914,.T.);
#5313=EDGE_CURVE('',#4387,#4387,#3915,.T.);
#5314=EDGE_CURVE('',#4388,#4388,#3916,.T.);
#5315=EDGE_CURVE('',#4389,#4390,#2295,.T.);
#5316=EDGE_CURVE('',#4390,#4391,#2296,.T.);
#5317=EDGE_CURVE('',#4391,#4392,#2297,.T.);
#5318=EDGE_CURVE('',#4392,#4393,#2298,.T.);
#5319=EDGE_CURVE('',#4393,#4394,#2299,.T.);
#5320=EDGE_CURVE('',#4394,#4395,#2300,.T.);
#5321=EDGE_CURVE('',#4395,#4396,#2301,.T.);
#5322=EDGE_CURVE('',#4396,#4397,#2302,.T.);
#5323=EDGE_CURVE('',#4397,#4398,#2303,.T.);
#5324=EDGE_CURVE('',#4398,#4399,#2304,.T.);
#5325=EDGE_CURVE('',#4399,#4400,#2305,.T.);
#5326=EDGE_CURVE('',#4400,#4389,#2306,.T.);
#5327=EDGE_CURVE('',#4401,#4402,#2307,.T.);
#5328=EDGE_CURVE('',#4402,#4403,#2308,.T.);
#5329=EDGE_CURVE('',#4403,#4404,#2309,.T.);
#5330=EDGE_CURVE('',#4404,#4405,#2310,.T.);
#5331=EDGE_CURVE('',#4405,#4406,#2311,.T.);
#5332=EDGE_CURVE('',#4406,#4407,#2312,.T.);
#5333=EDGE_CURVE('',#4407,#4408,#2313,.T.);
#5334=EDGE_CURVE('',#4408,#4409,#2314,.T.);
#5335=EDGE_CURVE('',#4409,#4410,#2315,.T.);
#5336=EDGE_CURVE('',#4410,#4411,#2316,.T.);
#5337=EDGE_CURVE('',#4411,#4412,#2317,.T.);
#5338=EDGE_CURVE('',#4412,#4401,#2318,.T.);
#5339=EDGE_CURVE('',#4413,#4414,#2319,.T.);
#5340=EDGE_CURVE('',#4414,#4415,#2320,.T.);
#5341=EDGE_CURVE('',#4415,#4416,#2321,.T.);
#5342=EDGE_CURVE('',#4416,#4417,#2322,.T.);
#5343=EDGE_CURVE('',#4417,#4418,#2323,.T.);
#5344=EDGE_CURVE('',#4418,#4419,#2324,.T.);
#5345=EDGE_CURVE('',#4419,#4420,#2325,.T.);
#5346=EDGE_CURVE('',#4420,#4421,#2326,.T.);
#5347=EDGE_CURVE('',#4421,#4422,#2327,.T.);
#5348=EDGE_CURVE('',#4422,#4423,#2328,.T.);
#5349=EDGE_CURVE('',#4423,#4424,#2329,.T.);
#5350=EDGE_CURVE('',#4424,#4413,#2330,.T.);
#5351=EDGE_CURVE('',#4380,#4425,#2331,.T.);
#5352=EDGE_CURVE('',#4425,#4426,#2332,.T.);
#5353=EDGE_CURVE('',#4426,#4381,#2333,.T.);
#5354=EDGE_CURVE('',#4427,#4379,#2334,.T.);
#5355=EDGE_CURVE('',#4425,#4427,#2335,.T.);
#5356=EDGE_CURVE('',#4375,#4428,#2336,.T.);
#5357=EDGE_CURVE('',#4428,#4429,#2337,.T.);
#5358=EDGE_CURVE('',#4429,#4376,#2338,.T.);
#5359=EDGE_CURVE('',#4430,#4374,#2339,.T.);
#5360=EDGE_CURVE('',#4428,#4430,#2340,.T.);
#5361=EDGE_CURVE('',#4369,#4431,#2341,.T.);
#5362=EDGE_CURVE('',#4431,#4432,#2342,.T.);
#5363=EDGE_CURVE('',#4432,#4370,#2343,.T.);
#5364=EDGE_CURVE('',#4433,#4368,#2344,.T.);
#5365=EDGE_CURVE('',#4431,#4433,#2345,.T.);
#5366=EDGE_CURVE('',#4349,#4434,#2346,.T.);
#5367=EDGE_CURVE('',#4434,#4435,#2347,.T.);
#5368=EDGE_CURVE('',#4435,#4350,#2348,.T.);
#5369=EDGE_CURVE('',#4436,#4348,#2349,.T.);
#5370=EDGE_CURVE('',#4434,#4436,#2350,.T.);
#5371=EDGE_CURVE('',#4359,#4437,#2351,.T.);
#5372=EDGE_CURVE('',#4437,#4438,#2352,.T.);
#5373=EDGE_CURVE('',#4438,#4360,#2353,.T.);
#5374=EDGE_CURVE('',#4439,#4358,#2354,.T.);
#5375=EDGE_CURVE('',#4437,#4439,#2355,.T.);
#5376=EDGE_CURVE('',#4365,#4440,#2356,.T.);
#5377=EDGE_CURVE('',#4440,#4441,#2357,.T.);
#5378=EDGE_CURVE('',#4441,#4366,#2358,.T.);
#5379=EDGE_CURVE('',#4442,#4364,#2359,.T.);
#5380=EDGE_CURVE('',#4440,#4442,#2360,.T.);
#5381=EDGE_CURVE('',#4355,#4443,#2361,.T.);
#5382=EDGE_CURVE('',#4443,#4444,#2362,.T.);
#5383=EDGE_CURVE('',#4444,#4356,#2363,.T.);
#5384=EDGE_CURVE('',#4445,#4354,#2364,.T.);
#5385=EDGE_CURVE('',#4443,#4445,#2365,.T.);
#5386=EDGE_CURVE('',#4345,#4446,#2366,.T.);
#5387=EDGE_CURVE('',#4446,#4447,#2367,.T.);
#5388=EDGE_CURVE('',#4447,#4346,#2368,.T.);
#5389=EDGE_CURVE('',#4448,#4344,#2369,.T.);
#5390=EDGE_CURVE('',#4446,#4448,#2370,.T.);
#5391=EDGE_CURVE('',#4339,#4449,#2371,.T.);
#5392=EDGE_CURVE('',#4449,#4450,#2372,.T.);
#5393=EDGE_CURVE('',#4450,#4340,#2373,.T.);
#5394=EDGE_CURVE('',#4451,#4338,#2374,.T.);
#5395=EDGE_CURVE('',#4449,#4451,#2375,.T.);
#5396=EDGE_CURVE('',#4334,#4452,#2376,.T.);
#5397=EDGE_CURVE('',#4452,#4453,#2377,.T.);
#5398=EDGE_CURVE('',#4453,#4335,#2378,.T.);
#5399=EDGE_CURVE('',#4454,#4333,#2379,.T.);
#5400=EDGE_CURVE('',#4452,#4454,#2380,.T.);
#5401=EDGE_CURVE('',#4328,#4455,#2381,.T.);
#5402=EDGE_CURVE('',#4455,#4456,#2382,.T.);
#5403=EDGE_CURVE('',#4456,#4329,#2383,.T.);
#5404=EDGE_CURVE('',#4457,#4327,#2384,.T.);
#5405=EDGE_CURVE('',#4455,#4457,#2385,.T.);
#5406=EDGE_CURVE('',#4323,#4458,#2386,.T.);
#5407=EDGE_CURVE('',#4458,#4459,#2387,.T.);
#5408=EDGE_CURVE('',#4459,#4324,#2388,.T.);
#5409=EDGE_CURVE('',#4460,#4322,#2389,.T.);
#5410=EDGE_CURVE('',#4458,#4460,#2390,.T.);
#5411=EDGE_CURVE('',#4313,#4461,#2391,.T.);
#5412=EDGE_CURVE('',#4461,#4462,#2392,.T.);
#5413=EDGE_CURVE('',#4462,#4314,#2393,.T.);
#5414=EDGE_CURVE('',#4463,#4312,#2394,.T.);
#5415=EDGE_CURVE('',#4461,#4463,#2395,.T.);
#5416=EDGE_CURVE('',#4303,#4464,#2396,.T.);
#5417=EDGE_CURVE('',#4464,#4465,#2397,.T.);
#5418=EDGE_CURVE('',#4465,#4304,#2398,.T.);
#5419=EDGE_CURVE('',#4466,#4302,#2399,.T.);
#5420=EDGE_CURVE('',#4464,#4466,#2400,.T.);
#5421=EDGE_CURVE('',#4293,#4467,#2401,.T.);
#5422=EDGE_CURVE('',#4467,#4468,#2402,.T.);
#5423=EDGE_CURVE('',#4468,#4294,#2403,.T.);
#5424=EDGE_CURVE('',#4469,#4292,#2404,.T.);
#5425=EDGE_CURVE('',#4467,#4469,#2405,.T.);
#5426=EDGE_CURVE('',#4317,#4470,#2406,.T.);
#5427=EDGE_CURVE('',#4470,#4471,#2407,.T.);
#5428=EDGE_CURVE('',#4471,#4318,#2408,.T.);
#5429=EDGE_CURVE('',#4472,#4316,#2409,.T.);
#5430=EDGE_CURVE('',#4470,#4472,#2410,.T.);
#5431=EDGE_CURVE('',#4307,#4473,#2411,.T.);
#5432=EDGE_CURVE('',#4473,#4474,#2412,.T.);
#5433=EDGE_CURVE('',#4474,#4308,#2413,.T.);
#5434=EDGE_CURVE('',#4475,#4306,#2414,.T.);
#5435=EDGE_CURVE('',#4473,#4475,#2415,.T.);
#5436=EDGE_CURVE('',#4297,#4476,#2416,.T.);
#5437=EDGE_CURVE('',#4476,#4477,#2417,.T.);
#5438=EDGE_CURVE('',#4477,#4298,#2418,.T.);
#5439=EDGE_CURVE('',#4478,#4296,#2419,.T.);
#5440=EDGE_CURVE('',#4476,#4478,#2420,.T.);
#5441=EDGE_CURVE('',#4287,#4479,#2421,.T.);
#5442=EDGE_CURVE('',#4479,#4480,#2422,.T.);
#5443=EDGE_CURVE('',#4480,#4288,#2423,.T.);
#5444=EDGE_CURVE('',#4481,#4480,#2424,.T.);
#5445=EDGE_CURVE('',#4481,#4289,#2425,.T.);
#5446=EDGE_CURVE('',#4482,#4482,#3917,.T.);
#5447=EDGE_CURVE('',#4482,#4385,#2426,.T.);
#5448=EDGE_CURVE('',#4483,#4483,#3918,.T.);
#5449=EDGE_CURVE('',#4483,#4386,#2427,.T.);
#5450=EDGE_CURVE('',#4484,#4484,#3919,.T.);
#5451=EDGE_CURVE('',#4484,#4387,#2428,.T.);
#5452=EDGE_CURVE('',#4485,#4485,#3920,.T.);
#5453=EDGE_CURVE('',#4485,#4388,#2429,.T.);
#5454=EDGE_CURVE('',#4486,#4300,#2430,.T.);
#5455=EDGE_CURVE('',#4487,#4486,#2431,.T.);
#5456=EDGE_CURVE('',#4487,#4301,#2432,.T.);
#5457=EDGE_CURVE('',#4466,#4487,#2433,.T.);
#5458=EDGE_CURVE('',#4488,#4465,#2434,.T.);
#5459=EDGE_CURVE('',#4305,#4488,#2435,.T.);
#5460=EDGE_CURVE('',#4489,#4477,#2436,.T.);
#5461=EDGE_CURVE('',#4489,#4299,#2437,.T.);
#5462=EDGE_CURVE('',#4486,#4489,#2438,.T.);
#5463=EDGE_CURVE('',#4490,#4389,#2439,.T.);
#5464=EDGE_CURVE('',#4491,#4490,#2440,.T.);
#5465=EDGE_CURVE('',#4491,#4390,#2441,.T.);
#5466=EDGE_CURVE('',#4492,#4491,#2442,.T.);
#5467=EDGE_CURVE('',#4492,#4391,#2443,.T.);
#5468=EDGE_CURVE('',#4493,#4492,#2444,.T.);
#5469=EDGE_CURVE('',#4493,#4392,#2445,.T.);
#5470=EDGE_CURVE('',#4494,#4493,#2446,.T.);
#5471=EDGE_CURVE('',#4494,#4393,#2447,.T.);
#5472=EDGE_CURVE('',#4495,#4494,#2448,.T.);
#5473=EDGE_CURVE('',#4495,#4394,#2449,.T.);
#5474=EDGE_CURVE('',#4496,#4495,#2450,.T.);
#5475=EDGE_CURVE('',#4496,#4395,#2451,.T.);
#5476=EDGE_CURVE('',#4497,#4496,#2452,.T.);
#5477=EDGE_CURVE('',#4497,#4396,#2453,.T.);
#5478=EDGE_CURVE('',#4498,#4497,#2454,.T.);
#5479=EDGE_CURVE('',#4498,#4397,#2455,.T.);
#5480=EDGE_CURVE('',#4499,#4498,#2456,.T.);
#5481=EDGE_CURVE('',#4499,#4398,#2457,.T.);
#5482=EDGE_CURVE('',#4500,#4499,#2458,.T.);
#5483=EDGE_CURVE('',#4500,#4399,#2459,.T.);
#5484=EDGE_CURVE('',#4501,#4500,#2460,.T.);
#5485=EDGE_CURVE('',#4501,#4400,#2461,.T.);
#5486=EDGE_CURVE('',#4490,#4501,#2462,.T.);
#5487=EDGE_CURVE('',#4502,#4310,#2463,.T.);
#5488=EDGE_CURVE('',#4503,#4502,#2464,.T.);
#5489=EDGE_CURVE('',#4503,#4311,#2465,.T.);
#5490=EDGE_CURVE('',#4463,#4503,#2466,.T.);
#5491=EDGE_CURVE('',#4504,#4462,#2467,.T.);
#5492=EDGE_CURVE('',#4315,#4504,#2468,.T.);
#5493=EDGE_CURVE('',#4505,#4474,#2469,.T.);
#5494=EDGE_CURVE('',#4505,#4309,#2470,.T.);
#5495=EDGE_CURVE('',#4502,#4505,#2471,.T.);
#5496=EDGE_CURVE('',#4506,#4401,#2472,.T.);
#5497=EDGE_CURVE('',#4507,#4506,#2473,.T.);
#5498=EDGE_CURVE('',#4507,#4402,#2474,.T.);
#5499=EDGE_CURVE('',#4508,#4507,#2475,.T.);
#5500=EDGE_CURVE('',#4508,#4403,#2476,.T.);
#5501=EDGE_CURVE('',#4509,#4508,#2477,.T.);
#5502=EDGE_CURVE('',#4509,#4404,#2478,.T.);
#5503=EDGE_CURVE('',#4510,#4509,#2479,.T.);
#5504=EDGE_CURVE('',#4510,#4405,#2480,.T.);
#5505=EDGE_CURVE('',#4511,#4510,#2481,.T.);
#5506=EDGE_CURVE('',#4511,#4406,#2482,.T.);
#5507=EDGE_CURVE('',#4512,#4511,#2483,.T.);
#5508=EDGE_CURVE('',#4512,#4407,#2484,.T.);
#5509=EDGE_CURVE('',#4513,#4512,#2485,.T.);
#5510=EDGE_CURVE('',#4513,#4408,#2486,.T.);
#5511=EDGE_CURVE('',#4514,#4513,#2487,.T.);
#5512=EDGE_CURVE('',#4514,#4409,#2488,.T.);
#5513=EDGE_CURVE('',#4515,#4514,#2489,.T.);
#5514=EDGE_CURVE('',#4515,#4410,#2490,.T.);
#5515=EDGE_CURVE('',#4516,#4515,#2491,.T.);
#5516=EDGE_CURVE('',#4516,#4411,#2492,.T.);
#5517=EDGE_CURVE('',#4517,#4516,#2493,.T.);
#5518=EDGE_CURVE('',#4517,#4412,#2494,.T.);
#5519=EDGE_CURVE('',#4506,#4517,#2495,.T.);
#5520=EDGE_CURVE('',#4518,#4362,#2496,.T.);
#5521=EDGE_CURVE('',#4519,#4518,#2497,.T.);
#5522=EDGE_CURVE('',#4519,#4363,#2498,.T.);
#5523=EDGE_CURVE('',#4442,#4519,#2499,.T.);
#5524=EDGE_CURVE('',#4520,#4441,#2500,.T.);
#5525=EDGE_CURVE('',#4367,#4520,#2501,.T.);
#5526=EDGE_CURVE('',#4521,#4438,#2502,.T.);
#5527=EDGE_CURVE('',#4521,#4361,#2503,.T.);
#5528=EDGE_CURVE('',#4518,#4521,#2504,.T.);
#5529=EDGE_CURVE('',#4522,#4290,#2505,.T.);
#5530=EDGE_CURVE('',#4523,#4522,#2506,.T.);
#5531=EDGE_CURVE('',#4523,#4291,#2507,.T.);
#5532=EDGE_CURVE('',#4469,#4523,#2508,.T.);
#5533=EDGE_CURVE('',#4524,#4468,#2509,.T.);
#5534=EDGE_CURVE('',#4295,#4524,#2510,.T.);
#5535=EDGE_CURVE('',#4525,#4286,#2511,.T.);
#5536=EDGE_CURVE('',#4479,#4525,#2512,.T.);
#5537=EDGE_CURVE('',#4522,#4481,#2513,.T.);
#5538=EDGE_CURVE('',#4526,#4319,#2514,.T.);
#5539=EDGE_CURVE('',#4527,#4526,#2515,.T.);
#5540=EDGE_CURVE('',#4527,#4320,#2516,.T.);
#5541=EDGE_CURVE('',#4528,#4527,#2517,.T.);
#5542=EDGE_CURVE('',#4528,#4321,#2518,.T.);
#5543=EDGE_CURVE('',#4460,#4528,#2519,.T.);
#5544=EDGE_CURVE('',#4529,#4459,#2520,.T.);
#5545=EDGE_CURVE('',#4325,#4529,#2521,.T.);
#5546=EDGE_CURVE('',#4526,#4471,#2522,.T.);
#5547=EDGE_CURVE('',#4530,#4371,#2523,.T.);
#5548=EDGE_CURVE('',#4531,#4530,#2524,.T.);
#5549=EDGE_CURVE('',#4531,#4372,#2525,.T.);
#5550=EDGE_CURVE('',#4532,#4531,#2526,.T.);
#5551=EDGE_CURVE('',#4532,#4373,#2527,.T.);
#5552=EDGE_CURVE('',#4430,#4532,#2528,.T.);
#5553=EDGE_CURVE('',#4533,#4429,#2529,.T.);
#5554=EDGE_CURVE('',#4377,#4533,#2530,.T.);
#5555=EDGE_CURVE('',#4530,#4432,#2531,.T.);
#5556=EDGE_CURVE('',#4534,#4413,#2532,.T.);
#5557=EDGE_CURVE('',#4535,#4534,#2533,.T.);
#5558=EDGE_CURVE('',#4535,#4414,#2534,.T.);
#5559=EDGE_CURVE('',#4536,#4535,#2535,.T.);
#5560=EDGE_CURVE('',#4536,#4415,#2536,.T.);
#5561=EDGE_CURVE('',#4537,#4536,#2537,.T.);
#5562=EDGE_CURVE('',#4537,#4416,#2538,.T.);
#5563=EDGE_CURVE('',#4538,#4537,#2539,.T.);
#5564=EDGE_CURVE('',#4538,#4417,#2540,.T.);
#5565=EDGE_CURVE('',#4539,#4538,#2541,.T.);
#5566=EDGE_CURVE('',#4539,#4418,#2542,.T.);
#5567=EDGE_CURVE('',#4540,#4539,#2543,.T.);
#5568=EDGE_CURVE('',#4540,#4419,#2544,.T.);
#5569=EDGE_CURVE('',#4541,#4540,#2545,.T.);
#5570=EDGE_CURVE('',#4541,#4420,#2546,.T.);
#5571=EDGE_CURVE('',#4542,#4541,#2547,.T.);
#5572=EDGE_CURVE('',#4542,#4421,#2548,.T.);
#5573=EDGE_CURVE('',#4543,#4542,#2549,.T.);
#5574=EDGE_CURVE('',#4543,#4422,#2550,.T.);
#5575=EDGE_CURVE('',#4544,#4543,#2551,.T.);
#5576=EDGE_CURVE('',#4544,#4423,#2552,.T.);
#5577=EDGE_CURVE('',#4545,#4544,#2553,.T.);
#5578=EDGE_CURVE('',#4545,#4424,#2554,.T.);
#5579=EDGE_CURVE('',#4534,#4545,#2555,.T.);
#5580=EDGE_CURVE('',#4546,#4342,#2556,.T.);
#5581=EDGE_CURVE('',#4547,#4546,#2557,.T.);
#5582=EDGE_CURVE('',#4547,#4343,#2558,.T.);
#5583=EDGE_CURVE('',#4448,#4547,#2559,.T.);
#5584=EDGE_CURVE('',#4548,#4447,#2560,.T.);
#5585=EDGE_CURVE('',#4347,#4548,#2561,.T.);
#5586=EDGE_CURVE('',#4549,#4450,#2562,.T.);
#5587=EDGE_CURVE('',#4549,#4341,#2563,.T.);
#5588=EDGE_CURVE('',#4546,#4549,#2564,.T.);
#5589=EDGE_CURVE('',#4550,#4352,#2565,.T.);
#5590=EDGE_CURVE('',#4551,#4550,#2566,.T.);
#5591=EDGE_CURVE('',#4551,#4353,#2567,.T.);
#5592=EDGE_CURVE('',#4445,#4551,#2568,.T.);
#5593=EDGE_CURVE('',#4552,#4444,#2569,.T.);
#5594=EDGE_CURVE('',#4357,#4552,#2570,.T.);
#5595=EDGE_CURVE('',#4553,#4435,#2571,.T.);
#5596=EDGE_CURVE('',#4553,#4351,#2572,.T.);
#5597=EDGE_CURVE('',#4550,#4553,#2573,.T.);
#5598=EDGE_CURVE('',#4554,#4384,#2574,.T.);
#5599=EDGE_CURVE('',#4283,#4554,#2575,.T.);
#5600=EDGE_CURVE('',#4555,#4281,#2576,.T.);
#5601=EDGE_CURVE('',#4284,#4555,#2577,.T.);
#5602=EDGE_CURVE('',#4556,#4426,#2578,.T.);
#5603=EDGE_CURVE('',#4556,#4382,#2579,.T.);
#5604=EDGE_CURVE('',#4557,#4556,#2580,.T.);
#5605=EDGE_CURVE('',#4557,#4383,#2581,.T.);
#5606=EDGE_CURVE('',#4554,#4557,#2582,.T.);
#5607=EDGE_CURVE('',#4558,#4332,#2583,.T.);
#5608=EDGE_CURVE('',#4454,#4558,#2584,.T.);
#5609=EDGE_CURVE('',#4559,#4453,#2585,.T.);
#5610=EDGE_CURVE('',#4336,#4559,#2586,.T.);
#5611=EDGE_CURVE('',#4560,#4330,#2587,.T.);
#5612=EDGE_CURVE('',#4561,#4560,#2588,.T.);
#5613=EDGE_CURVE('',#4561,#4331,#2589,.T.);
#5614=EDGE_CURVE('',#4558,#4561,#2590,.T.);
#5615=EDGE_CURVE('',#4560,#4456,#2591,.T.);
#5616=EDGE_CURVE('',#4285,#4562,#2592,.T.);
#5617=EDGE_CURVE('',#4525,#4562,#2593,.T.);
#5618=EDGE_CURVE('',#4563,#4529,#2594,.T.);
#5619=EDGE_CURVE('',#4326,#4563,#2595,.T.);
#5620=EDGE_CURVE('',#4478,#4524,#2596,.T.);
#5621=EDGE_CURVE('',#4472,#4504,#2597,.T.);
#5622=EDGE_CURVE('',#4337,#4564,#2598,.T.);
#5623=EDGE_CURVE('',#4451,#4564,#2599,.T.);
#5624=EDGE_CURVE('',#4439,#4552,#2600,.T.);
#5625=EDGE_CURVE('',#4436,#4548,#2601,.T.);
#5626=EDGE_CURVE('',#4565,#4533,#2602,.T.);
#5627=EDGE_CURVE('',#4565,#4378,#2603,.T.);
#5628=EDGE_CURVE('',#4427,#4565,#2604,.T.);
#5629=EDGE_CURVE('',#4457,#4563,#2605,.T.);
#5630=EDGE_CURVE('',#4433,#4520,#2606,.T.);
#5631=EDGE_CURVE('',#4564,#4559,#2607,.T.);
#5632=EDGE_CURVE('',#4475,#4488,#2608,.T.);
#5633=EDGE_CURVE('',#4562,#4555,#2609,.T.);
#5634=EDGE_CURVE('',#4566,#4566,#3921,.T.);
#5635=EDGE_CURVE('',#4566,#4567,#2610,.T.);
#5636=EDGE_CURVE('',#4567,#4567,#3922,.T.);
#5637=EDGE_CURVE('',#4568,#4568,#3923,.T.);
#5638=EDGE_CURVE('',#4569,#4569,#3924,.T.);
#5639=EDGE_CURVE('',#4569,#4570,#2611,.T.);
#5640=EDGE_CURVE('',#4570,#4570,#3925,.T.);
#5641=EDGE_CURVE('',#4571,#4571,#3926,.T.);
#5642=EDGE_CURVE('',#4572,#4572,#3927,.T.);
#5643=EDGE_CURVE('',#4572,#4573,#2612,.T.);
#5644=EDGE_CURVE('',#4573,#4573,#3928,.T.);
#5645=EDGE_CURVE('',#4574,#4574,#3929,.T.);
#5646=EDGE_CURVE('',#4575,#4575,#3930,.T.);
#5647=EDGE_CURVE('',#4575,#4576,#2613,.T.);
#5648=EDGE_CURVE('',#4576,#4576,#3931,.T.);
#5649=EDGE_CURVE('',#4577,#4577,#3932,.T.);
#5650=EDGE_CURVE('',#4578,#4578,#3933,.T.);
#5651=EDGE_CURVE('',#4578,#4579,#2614,.T.);
#5652=EDGE_CURVE('',#4579,#4579,#3934,.T.);
#5653=EDGE_CURVE('',#4580,#4580,#3935,.T.);
#5654=EDGE_CURVE('',#4580,#4581,#2615,.T.);
#5655=EDGE_CURVE('',#4581,#4581,#3936,.T.);
#5656=EDGE_CURVE('',#4568,#4582,#2616,.T.);
#5657=EDGE_CURVE('',#4582,#4582,#3937,.T.);
#5658=EDGE_CURVE('',#4571,#4583,#2617,.T.);
#5659=EDGE_CURVE('',#4583,#4583,#3938,.T.);
#5660=EDGE_CURVE('',#4574,#4584,#2618,.T.);
#5661=EDGE_CURVE('',#4584,#4584,#3939,.T.);
#5662=EDGE_CURVE('',#4577,#4585,#2619,.T.);
#5663=EDGE_CURVE('',#4585,#4585,#3940,.T.);
#5664=EDGE_CURVE('',#4586,#4586,#3941,.T.);
#5665=EDGE_CURVE('',#4586,#4587,#2620,.T.);
#5666=EDGE_CURVE('',#4587,#4587,#3942,.T.);
#5667=EDGE_CURVE('',#4588,#4589,#2621,.T.);
#5668=EDGE_CURVE('',#4589,#4590,#2622,.T.);
#5669=EDGE_CURVE('',#4590,#4591,#2623,.T.);
#5670=EDGE_CURVE('',#4591,#4588,#2624,.T.);
#5671=EDGE_CURVE('',#4592,#4589,#2625,.T.);
#5672=EDGE_CURVE('',#4593,#4592,#2626,.T.);
#5673=EDGE_CURVE('',#4590,#4593,#2627,.T.);
#5674=EDGE_CURVE('',#4594,#4593,#2628,.T.);
#5675=EDGE_CURVE('',#4591,#4594,#2629,.T.);
#5676=EDGE_CURVE('',#4595,#4594,#2630,.T.);
#5677=EDGE_CURVE('',#4588,#4595,#2631,.T.);
#5678=EDGE_CURVE('',#4592,#4595,#2632,.T.);
#5679=EDGE_CURVE('',#4596,#4596,#3943,.T.);
#5680=EDGE_CURVE('',#4596,#4597,#2633,.T.);
#5681=EDGE_CURVE('',#4597,#4597,#3944,.T.);
#5682=EDGE_CURVE('',#4597,#4598,#2634,.T.);
#5683=EDGE_CURVE('',#4598,#4598,#3945,.T.);
#5684=EDGE_CURVE('',#4599,#4599,#3946,.T.);
#5685=EDGE_CURVE('',#4599,#4600,#3947,.T.);
#5686=EDGE_CURVE('',#4600,#4600,#3948,.T.);
#5687=EDGE_CURVE('',#4600,#4601,#2635,.T.);
#5688=EDGE_CURVE('',#4601,#4601,#3949,.T.);
#5689=EDGE_CURVE('',#4602,#4603,#2636,.T.);
#5690=EDGE_CURVE('',#4603,#4604,#2637,.T.);
#5691=EDGE_CURVE('',#4604,#4605,#2638,.T.);
#5692=EDGE_CURVE('',#4605,#4606,#2639,.T.);
#5693=EDGE_CURVE('',#4606,#4607,#2640,.T.);
#5694=EDGE_CURVE('',#4607,#4602,#2641,.T.);
#5695=EDGE_CURVE('',#4602,#4608,#2642,.T.);
#5696=EDGE_CURVE('',#4608,#4609,#2643,.T.);
#5697=EDGE_CURVE('',#4603,#4609,#2644,.T.);
#5698=EDGE_CURVE('',#4607,#4610,#2645,.T.);
#5699=EDGE_CURVE('',#4610,#4608,#2646,.T.);
#5700=EDGE_CURVE('',#4606,#4611,#2647,.T.);
#5701=EDGE_CURVE('',#4611,#4610,#2648,.T.);
#5702=EDGE_CURVE('',#4605,#4612,#2649,.T.);
#5703=EDGE_CURVE('',#4612,#4611,#2650,.T.);
#5704=EDGE_CURVE('',#4604,#4613,#2651,.T.);
#5705=EDGE_CURVE('',#4613,#4612,#2652,.T.);
#5706=EDGE_CURVE('',#4609,#4613,#2653,.T.);
#5707=EDGE_CURVE('',#4614,#4614,#3950,.T.);
#5708=EDGE_CURVE('',#4614,#4615,#2654,.T.);
#5709=EDGE_CURVE('',#4615,#4615,#3951,.T.);
#5710=EDGE_CURVE('',#4616,#4617,#2655,.T.);
#5711=EDGE_CURVE('',#4616,#4618,#2656,.T.);
#5712=EDGE_CURVE('',#4619,#4618,#2657,.T.);
#5713=EDGE_CURVE('',#4617,#4619,#2658,.T.);
#5714=EDGE_CURVE('',#4620,#4619,#2659,.T.);
#5715=EDGE_CURVE('',#4618,#4621,#2660,.T.);
#5716=EDGE_CURVE('',#4621,#4620,#2661,.T.);
#5717=EDGE_CURVE('',#4617,#4622,#2662,.T.);
#5718=EDGE_CURVE('',#4622,#4623,#2663,.T.);
#5719=EDGE_CURVE('',#4623,#4616,#2664,.T.);
#5720=EDGE_CURVE('',#4624,#4624,#3952,.T.);
#5721=EDGE_CURVE('',#4625,#4625,#3953,.T.);
#5722=EDGE_CURVE('',#4626,#4626,#3954,.T.);
#5723=EDGE_CURVE('',#4627,#4627,#3955,.T.);
#5724=EDGE_CURVE('',#4627,#4624,#2665,.T.);
#5725=EDGE_CURVE('',#4628,#4628,#3956,.T.);
#5726=EDGE_CURVE('',#4628,#4625,#2666,.T.);
#5727=EDGE_CURVE('',#4629,#4629,#3957,.T.);
#5728=EDGE_CURVE('',#4629,#4626,#2667,.T.);
#5729=EDGE_CURVE('',#4630,#4620,#2668,.T.);
#5730=EDGE_CURVE('',#4631,#4630,#2669,.T.);
#5731=EDGE_CURVE('',#4622,#4631,#2670,.T.);
#5732=EDGE_CURVE('',#4632,#4631,#2671,.T.);
#5733=EDGE_CURVE('',#4623,#4632,#2672,.T.);
#5734=EDGE_CURVE('',#4633,#4632,#2673,.T.);
#5735=EDGE_CURVE('',#4621,#4633,#2674,.T.);
#5736=EDGE_CURVE('',#4630,#4633,#2675,.T.);
#5737=EDGE_CURVE('',#4634,#4634,#3958,.T.);
#5738=EDGE_CURVE('',#4635,#4635,#3959,.T.);
#5739=EDGE_CURVE('',#4635,#4636,#2676,.T.);
#5740=EDGE_CURVE('',#4636,#4636,#3960,.T.);
#5741=EDGE_CURVE('',#4637,#4637,#3961,.T.);
#5742=EDGE_CURVE('',#4638,#4639,#3962,.T.);
#5743=EDGE_CURVE('',#4638,#4637,#2677,.T.);
#5744=EDGE_CURVE('',#4639,#4638,#3963,.T.);
#5745=EDGE_CURVE('',#4639,#4640,#3964,.T.);
#5746=EDGE_CURVE('',#4641,#4640,#3965,.T.);
#5747=EDGE_CURVE('',#4640,#4641,#3966,.T.);
#5748=EDGE_CURVE('',#4634,#4641,#2678,.T.);
#5749=EDGE_CURVE('',#4642,#4643,#3967,.T.);
#5750=EDGE_CURVE('',#4643,#4644,#3968,.T.);
#5751=EDGE_CURVE('',#4645,#4644,#3969,.T.);
#5752=EDGE_CURVE('',#4644,#4645,#3970,.T.);
#5753=EDGE_CURVE('',#4643,#4642,#3971,.T.);
#5754=EDGE_CURVE('',#4645,#4646,#2679,.T.);
#5755=EDGE_CURVE('',#4646,#4646,#3972,.T.);
#5756=EDGE_CURVE('',#4647,#4647,#3973,.T.);
#5757=EDGE_CURVE('',#4648,#4648,#3974,.T.);
#5758=EDGE_CURVE('',#4648,#4647,#2680,.T.);
#5759=EDGE_CURVE('',#4649,#4649,#3975,.T.);
#5760=EDGE_CURVE('',#4649,#4642,#2681,.T.);
#5761=EDGE_CURVE('',#4650,#4651,#3976,.T.);
#5762=EDGE_CURVE('',#4652,#4653,#3977,.T.);
#5763=EDGE_CURVE('',#4654,#4655,#3978,.T.);
#5764=EDGE_CURVE('',#4656,#4657,#3979,.T.);
#5765=EDGE_CURVE('',#4658,#4659,#3980,.T.);
#5766=EDGE_CURVE('',#4660,#4661,#3981,.T.);
#5767=EDGE_CURVE('',#4662,#4663,#3982,.T.);
#5768=EDGE_CURVE('',#4664,#4665,#3983,.T.);
#5769=EDGE_CURVE('',#4666,#4667,#253,.T.);
#5770=EDGE_CURVE('',#4666,#4668,#3984,.T.);
#5771=EDGE_CURVE('',#4669,#4668,#254,.T.);
#5772=EDGE_CURVE('',#4669,#4667,#3985,.T.);
#5773=EDGE_CURVE('',#4670,#4669,#3986,.T.);
#5774=EDGE_CURVE('',#4671,#4670,#3987,.F.);
#5775=EDGE_CURVE('',#4667,#4671,#3988,.T.);
#5776=EDGE_CURVE('',#4671,#4672,#255,.T.);
#5777=EDGE_CURVE('',#4673,#4670,#256,.T.);
#5778=EDGE_CURVE('',#4673,#4672,#3989,.T.);
#5779=EDGE_CURVE('',#4674,#4673,#3990,.T.);
#5780=EDGE_CURVE('',#4675,#4674,#3991,.F.);
#5781=EDGE_CURVE('',#4672,#4675,#3992,.T.);
#5782=EDGE_CURVE('',#4675,#4676,#257,.T.);
#5783=EDGE_CURVE('',#4677,#4674,#258,.T.);
#5784=EDGE_CURVE('',#4677,#4676,#3993,.T.);
#5785=EDGE_CURVE('',#4678,#4677,#3994,.T.);
#5786=EDGE_CURVE('',#4679,#4678,#3995,.F.);
#5787=EDGE_CURVE('',#4676,#4679,#3996,.T.);
#5788=EDGE_CURVE('',#4679,#4680,#259,.T.);
#5789=EDGE_CURVE('',#4681,#4678,#260,.T.);
#5790=EDGE_CURVE('',#4681,#4680,#3997,.T.);
#5791=EDGE_CURVE('',#4682,#4681,#3998,.T.);
#5792=EDGE_CURVE('',#4683,#4682,#3999,.F.);
#5793=EDGE_CURVE('',#4680,#4683,#4000,.T.);
#5794=EDGE_CURVE('',#4683,#4684,#261,.T.);
#5795=EDGE_CURVE('',#4685,#4682,#262,.T.);
#5796=EDGE_CURVE('',#4686,#4685,#263,.T.);
#5797=EDGE_CURVE('',#4686,#4687,#4001,.T.);
#5798=EDGE_CURVE('',#4684,#4687,#264,.T.);
#5799=EDGE_CURVE('',#4688,#4686,#4002,.T.);
#5800=EDGE_CURVE('',#4689,#4688,#4003,.F.);
#5801=EDGE_CURVE('',#4687,#4689,#4004,.T.);
#5802=EDGE_CURVE('',#4689,#4690,#265,.T.);
#5803=EDGE_CURVE('',#4691,#4688,#266,.T.);
#5804=EDGE_CURVE('',#4691,#4690,#4005,.T.);
#5805=EDGE_CURVE('',#4692,#4691,#4006,.T.);
#5806=EDGE_CURVE('',#4693,#4692,#4007,.F.);
#5807=EDGE_CURVE('',#4690,#4693,#4008,.T.);
#5808=EDGE_CURVE('',#4694,#4692,#267,.T.);
#5809=EDGE_CURVE('',#4694,#4695,#4009,.T.);
#5810=EDGE_CURVE('',#4693,#4695,#268,.T.);
#5811=EDGE_CURVE('',#4696,#4666,#4010,.T.);
#5812=EDGE_CURVE('',#4697,#4696,#4011,.F.);
#5813=EDGE_CURVE('',#4668,#4697,#4012,.T.);
#5814=EDGE_CURVE('',#4697,#4698,#269,.T.);
#5815=EDGE_CURVE('',#4699,#4696,#270,.T.);
#5816=EDGE_CURVE('',#4699,#4698,#4013,.T.);
#5817=EDGE_CURVE('',#4698,#4694,#4014,.T.);
#5818=EDGE_CURVE('',#4695,#4699,#4015,.T.);
#5819=EDGE_CURVE('',#4700,#4701,#271,.T.);
#5820=EDGE_CURVE('',#4702,#4700,#4016,.T.);
#5821=EDGE_CURVE('',#4703,#4702,#272,.T.);
#5822=EDGE_CURVE('',#4701,#4703,#4017,.T.);
#5823=EDGE_CURVE('',#4685,#4704,#2682,.T.);
#5824=EDGE_CURVE('',#4704,#4705,#273,.T.);
#5825=EDGE_CURVE('',#4706,#4705,#4018,.T.);
#5826=EDGE_CURVE('',#4706,#4707,#274,.T.);
#5827=EDGE_CURVE('',#4708,#4707,#4019,.T.);
#5828=EDGE_CURVE('',#4708,#4709,#275,.T.);
#5829=EDGE_CURVE('',#4710,#4709,#4020,.T.);
#5830=EDGE_CURVE('',#4710,#4711,#276,.T.);
#5831=EDGE_CURVE('',#4703,#4711,#4021,.T.);
#5832=EDGE_CURVE('',#4712,#4702,#4022,.T.);
#5833=EDGE_CURVE('',#4712,#4713,#277,.T.);
#5834=EDGE_CURVE('',#4714,#4713,#4023,.T.);
#5835=EDGE_CURVE('',#4714,#4715,#278,.T.);
#5836=EDGE_CURVE('',#4716,#4715,#4024,.T.);
#5837=EDGE_CURVE('',#4716,#4717,#279,.T.);
#5838=EDGE_CURVE('',#4718,#4717,#4025,.T.);
#5839=EDGE_CURVE('',#4718,#4704,#280,.T.);
#5840=EDGE_CURVE('',#4719,#4700,#4026,.T.);
#5841=EDGE_CURVE('',#4719,#4712,#4027,.T.);
#5842=EDGE_CURVE('',#4720,#4719,#281,.T.);
#5843=EDGE_CURVE('',#4713,#4720,#4028,.T.);
#5844=EDGE_CURVE('',#4721,#4720,#4029,.T.);
#5845=EDGE_CURVE('',#4721,#4714,#4030,.T.);
#5846=EDGE_CURVE('',#4722,#4721,#282,.T.);
#5847=EDGE_CURVE('',#4715,#4722,#4031,.T.);
#5848=EDGE_CURVE('',#4723,#4722,#4032,.T.);
#5849=EDGE_CURVE('',#4723,#4716,#4033,.T.);
#5850=EDGE_CURVE('',#4724,#4723,#283,.T.);
#5851=EDGE_CURVE('',#4717,#4724,#4034,.T.);
#5852=EDGE_CURVE('',#4725,#4724,#4035,.T.);
#5853=EDGE_CURVE('',#4725,#4718,#4036,.T.);
#5854=EDGE_CURVE('',#4726,#4727,#284,.T.);
#5855=EDGE_CURVE('',#4705,#4726,#4037,.T.);
#5856=EDGE_CURVE('',#4727,#4725,#285,.T.);
#5857=EDGE_CURVE('',#4728,#4726,#4038,.T.);
#5858=EDGE_CURVE('',#4728,#4706,#4039,.T.);
#5859=EDGE_CURVE('',#4729,#4728,#286,.T.);
#5860=EDGE_CURVE('',#4707,#4729,#4040,.T.);
#5861=EDGE_CURVE('',#4730,#4729,#4041,.T.);
#5862=EDGE_CURVE('',#4730,#4708,#4042,.T.);
#5863=EDGE_CURVE('',#4731,#4730,#287,.T.);
#5864=EDGE_CURVE('',#4709,#4731,#4043,.T.);
#5865=EDGE_CURVE('',#4684,#4727,#2683,.T.);
#5866=EDGE_CURVE('',#4701,#4732,#4044,.T.);
#5867=EDGE_CURVE('',#4732,#4733,#288,.T.);
#5868=EDGE_CURVE('',#4733,#4731,#4045,.T.);
#5869=EDGE_CURVE('',#4711,#4732,#4046,.T.);
#5870=EDGE_CURVE('',#4733,#4710,#4047,.T.);
#5871=EDGE_CURVE('',#4734,#4735,#289,.T.);
#5872=EDGE_CURVE('',#4734,#4736,#4048,.T.);
#5873=EDGE_CURVE('',#4737,#4736,#290,.T.);
#5874=EDGE_CURVE('',#4737,#4735,#4049,.T.);
#5875=EDGE_CURVE('',#4738,#4737,#4050,.T.);
#5876=EDGE_CURVE('',#4739,#4738,#4051,.F.);
#5877=EDGE_CURVE('',#4735,#4739,#4052,.T.);
#5878=EDGE_CURVE('',#4739,#4740,#291,.T.);
#5879=EDGE_CURVE('',#4741,#4738,#292,.T.);
#5880=EDGE_CURVE('',#4741,#4740,#4053,.T.);
#5881=EDGE_CURVE('',#4742,#4741,#4054,.T.);
#5882=EDGE_CURVE('',#4743,#4742,#4055,.F.);
#5883=EDGE_CURVE('',#4740,#4743,#4056,.T.);
#5884=EDGE_CURVE('',#4743,#4744,#293,.T.);
#5885=EDGE_CURVE('',#4745,#4742,#294,.T.);
#5886=EDGE_CURVE('',#4745,#4744,#4057,.T.);
#5887=EDGE_CURVE('',#4746,#4745,#4058,.T.);
#5888=EDGE_CURVE('',#4747,#4746,#4059,.F.);
#5889=EDGE_CURVE('',#4744,#4747,#4060,.T.);
#5890=EDGE_CURVE('',#4747,#4748,#295,.T.);
#5891=EDGE_CURVE('',#4749,#4746,#296,.T.);
#5892=EDGE_CURVE('',#4750,#4749,#297,.T.);
#5893=EDGE_CURVE('',#4750,#4751,#4061,.T.);
#5894=EDGE_CURVE('',#4748,#4751,#298,.T.);
#5895=EDGE_CURVE('',#4752,#4750,#4062,.T.);
#5896=EDGE_CURVE('',#4753,#4752,#4063,.F.);
#5897=EDGE_CURVE('',#4751,#4753,#4064,.T.);
#5898=EDGE_CURVE('',#4753,#4754,#299,.T.);
#5899=EDGE_CURVE('',#4755,#4752,#300,.T.);
#5900=EDGE_CURVE('',#4755,#4754,#4065,.T.);
#5901=EDGE_CURVE('',#4756,#4755,#4066,.T.);
#5902=EDGE_CURVE('',#4757,#4756,#4067,.F.);
#5903=EDGE_CURVE('',#4754,#4757,#4068,.T.);
#5904=EDGE_CURVE('',#4757,#4758,#301,.T.);
#5905=EDGE_CURVE('',#4759,#4756,#302,.T.);
#5906=EDGE_CURVE('',#4759,#4758,#4069,.T.);
#5907=EDGE_CURVE('',#4760,#4759,#4070,.T.);
#5908=EDGE_CURVE('',#4761,#4760,#4071,.F.);
#5909=EDGE_CURVE('',#4758,#4761,#4072,.T.);
#5910=EDGE_CURVE('',#4762,#4760,#303,.T.);
#5911=EDGE_CURVE('',#4762,#4763,#4073,.T.);
#5912=EDGE_CURVE('',#4761,#4763,#304,.T.);
#5913=EDGE_CURVE('',#4764,#4734,#4074,.T.);
#5914=EDGE_CURVE('',#4765,#4764,#4075,.F.);
#5915=EDGE_CURVE('',#4736,#4765,#4076,.T.);
#5916=EDGE_CURVE('',#4765,#4766,#305,.T.);
#5917=EDGE_CURVE('',#4767,#4764,#306,.T.);
#5918=EDGE_CURVE('',#4767,#4766,#4077,.T.);
#5919=EDGE_CURVE('',#4766,#4762,#4078,.T.);
#5920=EDGE_CURVE('',#4763,#4767,#4079,.T.);
#5921=EDGE_CURVE('',#4768,#4769,#307,.T.);
#5922=EDGE_CURVE('',#4770,#4768,#4080,.T.);
#5923=EDGE_CURVE('',#4771,#4770,#308,.T.);
#5924=EDGE_CURVE('',#4769,#4771,#4081,.T.);
#5925=EDGE_CURVE('',#4772,#4770,#4082,.T.);
#5926=EDGE_CURVE('',#4772,#4773,#309,.T.);
#5927=EDGE_CURVE('',#4774,#4773,#4083,.T.);
#5928=EDGE_CURVE('',#4774,#4775,#310,.T.);
#5929=EDGE_CURVE('',#4776,#4775,#4084,.T.);
#5930=EDGE_CURVE('',#4776,#4777,#311,.T.);
#5931=EDGE_CURVE('',#4777,#4749,#2684,.T.);
#5932=EDGE_CURVE('',#4777,#4778,#312,.T.);
#5933=EDGE_CURVE('',#4779,#4778,#4085,.T.);
#5934=EDGE_CURVE('',#4779,#4780,#313,.T.);
#5935=EDGE_CURVE('',#4781,#4780,#4086,.T.);
#5936=EDGE_CURVE('',#4781,#4782,#314,.T.);
#5937=EDGE_CURVE('',#4783,#4782,#4087,.T.);
#5938=EDGE_CURVE('',#4783,#4784,#315,.T.);
#5939=EDGE_CURVE('',#4785,#4784,#4088,.T.);
#5940=EDGE_CURVE('',#4785,#4786,#316,.T.);
#5941=EDGE_CURVE('',#4771,#4786,#4089,.T.);
#5942=EDGE_CURVE('',#4787,#4768,#4090,.T.);
#5943=EDGE_CURVE('',#4787,#4772,#4091,.T.);
#5944=EDGE_CURVE('',#4788,#4787,#317,.T.);
#5945=EDGE_CURVE('',#4773,#4788,#4092,.T.);
#5946=EDGE_CURVE('',#4789,#4788,#4093,.T.);
#5947=EDGE_CURVE('',#4789,#4774,#4094,.T.);
#5948=EDGE_CURVE('',#4790,#4789,#318,.T.);
#5949=EDGE_CURVE('',#4775,#4790,#4095,.T.);
#5950=EDGE_CURVE('',#4791,#4790,#4096,.T.);
#5951=EDGE_CURVE('',#4791,#4776,#4097,.T.);
#5952=EDGE_CURVE('',#4792,#4793,#319,.T.);
#5953=EDGE_CURVE('',#4778,#4792,#4098,.T.);
#5954=EDGE_CURVE('',#4793,#4791,#320,.T.);
#5955=EDGE_CURVE('',#4794,#4792,#4099,.T.);
#5956=EDGE_CURVE('',#4794,#4779,#4100,.T.);
#5957=EDGE_CURVE('',#4795,#4794,#321,.T.);
#5958=EDGE_CURVE('',#4780,#4795,#4101,.T.);
#5959=EDGE_CURVE('',#4796,#4795,#4102,.T.);
#5960=EDGE_CURVE('',#4796,#4781,#4103,.T.);
#5961=EDGE_CURVE('',#4797,#4796,#322,.T.);
#5962=EDGE_CURVE('',#4782,#4797,#4104,.T.);
#5963=EDGE_CURVE('',#4798,#4797,#4105,.T.);
#5964=EDGE_CURVE('',#4798,#4783,#4106,.T.);
#5965=EDGE_CURVE('',#4799,#4798,#323,.T.);
#5966=EDGE_CURVE('',#4784,#4799,#4107,.T.);
#5967=EDGE_CURVE('',#4769,#4800,#4108,.T.);
#5968=EDGE_CURVE('',#4800,#4801,#324,.T.);
#5969=EDGE_CURVE('',#4801,#4799,#4109,.T.);
#5970=EDGE_CURVE('',#4793,#4748,#2685,.T.);
#5971=EDGE_CURVE('',#4786,#4800,#4110,.T.);
#5972=EDGE_CURVE('',#4801,#4785,#4111,.T.);
#5973=EDGE_CURVE('',#4802,#4803,#2686,.T.);
#5974=EDGE_CURVE('',#4803,#4804,#2687,.T.);
#5975=EDGE_CURVE('',#4804,#4805,#2688,.T.);
#5976=EDGE_CURVE('',#4805,#4802,#2689,.T.);
#5977=EDGE_CURVE('',#4804,#4806,#2690,.T.);
#5978=EDGE_CURVE('',#4807,#4806,#2691,.T.);
#5979=EDGE_CURVE('',#4807,#4808,#2692,.T.);
#5980=EDGE_CURVE('',#4809,#4808,#2693,.T.);
#5981=EDGE_CURVE('',#4809,#4810,#2694,.T.);
#5982=EDGE_CURVE('',#4811,#4810,#2695,.T.);
#5983=EDGE_CURVE('',#4811,#4805,#2696,.T.);
#5984=EDGE_CURVE('',#4812,#4803,#2697,.T.);
#5985=EDGE_CURVE('',#4812,#4813,#2698,.T.);
#5986=EDGE_CURVE('',#4813,#4814,#2699,.T.);
#5987=EDGE_CURVE('',#4814,#4815,#2700,.T.);
#5988=EDGE_CURVE('',#4816,#4815,#2701,.T.);
#5989=EDGE_CURVE('',#4806,#4816,#2702,.T.);
#5990=EDGE_CURVE('',#4817,#4818,#2703,.T.);
#5991=EDGE_CURVE('',#4818,#4811,#2704,.T.);
#5992=EDGE_CURVE('',#4810,#4817,#2705,.T.);
#5993=EDGE_CURVE('',#4817,#4819,#2706,.T.);
#5994=EDGE_CURVE('',#4819,#4820,#2707,.T.);
#5995=EDGE_CURVE('',#4820,#4821,#2708,.T.);
#5996=EDGE_CURVE('',#4821,#4818,#2709,.T.);
#5997=EDGE_CURVE('',#4822,#4809,#2710,.T.);
#5998=EDGE_CURVE('',#4823,#4822,#2711,.T.);
#5999=EDGE_CURVE('',#4823,#4824,#2712,.T.);
#6000=EDGE_CURVE('',#4824,#4825,#2713,.T.);
#6001=EDGE_CURVE('',#4825,#4819,#2714,.T.);
#6002=EDGE_CURVE('',#4826,#4822,#2715,.T.);
#6003=EDGE_CURVE('',#4808,#4826,#2716,.T.);
#6004=EDGE_CURVE('',#4826,#4827,#2717,.T.);
#6005=EDGE_CURVE('',#4827,#4828,#2718,.T.);
#6006=EDGE_CURVE('',#4828,#4823,#2719,.T.);
#6007=EDGE_CURVE('',#4816,#4829,#2720,.T.);
#6008=EDGE_CURVE('',#4829,#4807,#2721,.T.);
#6009=EDGE_CURVE('',#4815,#4830,#2722,.T.);
#6010=EDGE_CURVE('',#4830,#4831,#2723,.T.);
#6011=EDGE_CURVE('',#4831,#4829,#2724,.T.);
#6012=EDGE_CURVE('',#4830,#4832,#2725,.T.);
#6013=EDGE_CURVE('',#4832,#4833,#2726,.T.);
#6014=EDGE_CURVE('',#4831,#4833,#2727,.T.);
#6015=EDGE_CURVE('',#4814,#4832,#2728,.T.);
#6016=EDGE_CURVE('',#4834,#4812,#2729,.T.);
#6017=EDGE_CURVE('',#4834,#4835,#2730,.T.);
#6018=EDGE_CURVE('',#4835,#4813,#2731,.T.);
#6019=EDGE_CURVE('',#4836,#4834,#2732,.T.);
#6020=EDGE_CURVE('',#4837,#4836,#2733,.T.);
#6021=EDGE_CURVE('',#4837,#4835,#2734,.T.);
#6022=EDGE_CURVE('',#4820,#4838,#2735,.T.);
#6023=EDGE_CURVE('',#4838,#4839,#2736,.T.);
#6024=EDGE_CURVE('',#4821,#4839,#2737,.T.);
#6025=EDGE_CURVE('',#4825,#4838,#2738,.T.);
#6026=EDGE_CURVE('',#4828,#4840,#2739,.T.);
#6027=EDGE_CURVE('',#4840,#4824,#2740,.T.);
#6028=EDGE_CURVE('',#4841,#4827,#2741,.T.);
#6029=EDGE_CURVE('',#4841,#4840,#2742,.T.);
#6030=EDGE_CURVE('',#4833,#4841,#2743,.T.);
#6031=EDGE_CURVE('',#4839,#4837,#2744,.T.);
#6032=EDGE_CURVE('',#4802,#4836,#2745,.T.);
#6033=EDGE_CURVE('',#4842,#4843,#2746,.T.);
#6034=EDGE_CURVE('',#4843,#4844,#2747,.T.);
#6035=EDGE_CURVE('',#4844,#4845,#2748,.T.);
#6036=EDGE_CURVE('',#4845,#4842,#2749,.T.);
#6037=EDGE_CURVE('',#4846,#4844,#2750,.T.);
#6038=EDGE_CURVE('',#4846,#4847,#2751,.T.);
#6039=EDGE_CURVE('',#4847,#4848,#2752,.T.);
#6040=EDGE_CURVE('',#4845,#4848,#2753,.T.);
#6041=EDGE_CURVE('',#4849,#4843,#2754,.T.);
#6042=EDGE_CURVE('',#4849,#4850,#2755,.T.);
#6043=EDGE_CURVE('',#4851,#4850,#2756,.T.);
#6044=EDGE_CURVE('',#4852,#4851,#2757,.T.);
#6045=EDGE_CURVE('',#4853,#4852,#2758,.T.);
#6046=EDGE_CURVE('',#4854,#4853,#2759,.T.);
#6047=EDGE_CURVE('',#4854,#4855,#2760,.T.);
#6048=EDGE_CURVE('',#4856,#4855,#2761,.T.);
#6049=EDGE_CURVE('',#4856,#4857,#2762,.T.);
#6050=EDGE_CURVE('',#4857,#4846,#2763,.T.);
#6051=EDGE_CURVE('',#4858,#4859,#2764,.T.);
#6052=EDGE_CURVE('',#4859,#4860,#2765,.T.);
#6053=EDGE_CURVE('',#4860,#4861,#2766,.T.);
#6054=EDGE_CURVE('',#4861,#4858,#2767,.T.);
#6055=EDGE_CURVE('',#4861,#4862,#2768,.T.);
#6056=EDGE_CURVE('',#4863,#4862,#2769,.T.);
#6057=EDGE_CURVE('',#4863,#4864,#2770,.T.);
#6058=EDGE_CURVE('',#4864,#4865,#2771,.T.);
#6059=EDGE_CURVE('',#4865,#4866,#2772,.T.);
#6060=EDGE_CURVE('',#4867,#4866,#2773,.T.);
#6061=EDGE_CURVE('',#4868,#4867,#2774,.T.);
#6062=EDGE_CURVE('',#4868,#4869,#2775,.T.);
#6063=EDGE_CURVE('',#4870,#4869,#2776,.T.);
#6064=EDGE_CURVE('',#4871,#4870,#2777,.T.);
#6065=EDGE_CURVE('',#4858,#4871,#2778,.T.);
#6066=EDGE_CURVE('',#4872,#4860,#2779,.T.);
#6067=EDGE_CURVE('',#4872,#4873,#2780,.T.);
#6068=EDGE_CURVE('',#4873,#4862,#2781,.T.);
#6069=EDGE_CURVE('',#4874,#4867,#2782,.T.);
#6070=EDGE_CURVE('',#4866,#4875,#2783,.T.);
#6071=EDGE_CURVE('',#4875,#4874,#2784,.T.);
#6072=EDGE_CURVE('',#4875,#4876,#2785,.T.);
#6073=EDGE_CURVE('',#4877,#4876,#2786,.T.);
#6074=EDGE_CURVE('',#4877,#4878,#2787,.T.);
#6075=EDGE_CURVE('',#4878,#4879,#2788,.T.);
#6076=EDGE_CURVE('',#4879,#4880,#2789,.T.);
#6077=EDGE_CURVE('',#4881,#4880,#2790,.T.);
#6078=EDGE_CURVE('',#4882,#4881,#2791,.T.);
#6079=EDGE_CURVE('',#4882,#4883,#2792,.T.);
#6080=EDGE_CURVE('',#4884,#4883,#2793,.T.);
#6081=EDGE_CURVE('',#4885,#4884,#2794,.T.);
#6082=EDGE_CURVE('',#4874,#4885,#2795,.T.);
#6083=EDGE_CURVE('',#4865,#4886,#2796,.T.);
#6084=EDGE_CURVE('',#4886,#4876,#2797,.T.);
#6085=EDGE_CURVE('',#4853,#4881,#2798,.T.);
#6086=EDGE_CURVE('',#4880,#4854,#2799,.T.);
#6087=EDGE_CURVE('',#4879,#4887,#2800,.T.);
#6088=EDGE_CURVE('',#4887,#4855,#2801,.T.);
#6089=EDGE_CURVE('',#4888,#4868,#2802,.T.);
#6090=EDGE_CURVE('',#4888,#4889,#2803,.T.);
#6091=EDGE_CURVE('',#4869,#4889,#2804,.T.);
#6092=EDGE_CURVE('',#4871,#4890,#2805,.T.);
#6093=EDGE_CURVE('',#4891,#4870,#2806,.T.);
#6094=EDGE_CURVE('',#4890,#4891,#2807,.T.);
#6095=EDGE_CURVE('',#4890,#4892,#2808,.T.);
#6096=EDGE_CURVE('',#4893,#4891,#2809,.T.);
#6097=EDGE_CURVE('',#4892,#4893,#2810,.T.);
#6098=EDGE_CURVE('',#4894,#4895,#2811,.T.);
#6099=EDGE_CURVE('',#4894,#4896,#2812,.T.);
#6100=EDGE_CURVE('',#4897,#4896,#2813,.T.);
#6101=EDGE_CURVE('',#4895,#4897,#2814,.T.);
#6102=EDGE_CURVE('',#4895,#4849,#2815,.T.);
#6103=EDGE_CURVE('',#4850,#4897,#2816,.T.);
#6104=EDGE_CURVE('',#4852,#4898,#2817,.T.);
#6105=EDGE_CURVE('',#4899,#4851,#2818,.T.);
#6106=EDGE_CURVE('',#4898,#4899,#2819,.T.);
#6107=EDGE_CURVE('',#4898,#4882,#2820,.T.);
#6108=EDGE_CURVE('',#4883,#4899,#2821,.T.);
#6109=EDGE_CURVE('',#4885,#4888,#2822,.T.);
#6110=EDGE_CURVE('',#4889,#4884,#2823,.T.);
#6111=EDGE_CURVE('',#4896,#4893,#2824,.T.);
#6112=EDGE_CURVE('',#4892,#4859,#2825,.T.);
#6113=EDGE_CURVE('',#4842,#4894,#2826,.T.);
#6114=EDGE_CURVE('',#4864,#4900,#2827,.T.);
#6115=EDGE_CURVE('',#4900,#4886,#2828,.T.);
#6116=EDGE_CURVE('',#4901,#4863,#2829,.T.);
#6117=EDGE_CURVE('',#4901,#4873,#2830,.T.);
#6118=EDGE_CURVE('',#4902,#4901,#2831,.T.);
#6119=EDGE_CURVE('',#4902,#4872,#2832,.T.);
#6120=EDGE_CURVE('',#4903,#4848,#2833,.T.);
#6121=EDGE_CURVE('',#4903,#4902,#2834,.T.);
#6122=EDGE_CURVE('',#4904,#4903,#2835,.T.);
#6123=EDGE_CURVE('',#4904,#4847,#2836,.T.);
#6124=EDGE_CURVE('',#4857,#4904,#2837,.T.);
#6125=EDGE_CURVE('',#4905,#4856,#2838,.T.);
#6126=EDGE_CURVE('',#4905,#4887,#2839,.T.);
#6127=EDGE_CURVE('',#4878,#4905,#2840,.T.);
#6128=EDGE_CURVE('',#4900,#4877,#2841,.T.);
#6129=EDGE_CURVE('',#4906,#4906,#4112,.T.);
#6130=EDGE_CURVE('',#4906,#4907,#2842,.T.);
#6131=EDGE_CURVE('',#4907,#4907,#4113,.T.);
#6132=EDGE_CURVE('',#4908,#4908,#4114,.T.);
#6133=EDGE_CURVE('',#4908,#4909,#2843,.T.);
#6134=EDGE_CURVE('',#4909,#4909,#4115,.T.);
#6135=EDGE_CURVE('',#4910,#4911,#2844,.T.);
#6136=EDGE_CURVE('',#4911,#4912,#2845,.T.);
#6137=EDGE_CURVE('',#4912,#4913,#2846,.T.);
#6138=EDGE_CURVE('',#4913,#4910,#2847,.T.);
#6139=EDGE_CURVE('',#4914,#4911,#2848,.T.);
#6140=EDGE_CURVE('',#4914,#4915,#2849,.T.);
#6141=EDGE_CURVE('',#4915,#4916,#2850,.T.);
#6142=EDGE_CURVE('',#4916,#4917,#2851,.T.);
#6143=EDGE_CURVE('',#4918,#4917,#2852,.T.);
#6144=EDGE_CURVE('',#4919,#4918,#2853,.T.);
#6145=EDGE_CURVE('',#4912,#4919,#2854,.T.);
#6146=EDGE_CURVE('',#4910,#4920,#2855,.T.);
#6147=EDGE_CURVE('',#4920,#4921,#2856,.T.);
#6148=EDGE_CURVE('',#4921,#4914,#2857,.T.);
#6149=EDGE_CURVE('',#4918,#4922,#2858,.T.);
#6150=EDGE_CURVE('',#4922,#4923,#2859,.T.);
#6151=EDGE_CURVE('',#4923,#4919,#2860,.T.);
#6152=EDGE_CURVE('',#4924,#4922,#2861,.T.);
#6153=EDGE_CURVE('',#4924,#4925,#2862,.T.);
#6154=EDGE_CURVE('',#4925,#4926,#2863,.T.);
#6155=EDGE_CURVE('',#4926,#4927,#2864,.T.);
#6156=EDGE_CURVE('',#4928,#4927,#2865,.T.);
#6157=EDGE_CURVE('',#4929,#4928,#2866,.T.);
#6158=EDGE_CURVE('',#4923,#4929,#2867,.T.);
#6159=EDGE_CURVE('',#4917,#4930,#2868,.T.);
#6160=EDGE_CURVE('',#4930,#4924,#2869,.T.);
#6161=EDGE_CURVE('',#4928,#4931,#2870,.T.);
#6162=EDGE_CURVE('',#4931,#4932,#2871,.T.);
#6163=EDGE_CURVE('',#4932,#4929,#2872,.T.);
#6164=EDGE_CURVE('',#4932,#4933,#2873,.T.);
#6165=EDGE_CURVE('',#4934,#4933,#2874,.T.);
#6166=EDGE_CURVE('',#4934,#4913,#2875,.T.);
#6167=EDGE_CURVE('',#4935,#4931,#2876,.T.);
#6168=EDGE_CURVE('',#4935,#4936,#2877,.T.);
#6169=EDGE_CURVE('',#4936,#4937,#2878,.T.);
#6170=EDGE_CURVE('',#4937,#4938,#2879,.T.);
#6171=EDGE_CURVE('',#4939,#4938,#2880,.T.);
#6172=EDGE_CURVE('',#4933,#4939,#2881,.T.);
#6173=EDGE_CURVE('',#4939,#4940,#2882,.T.);
#6174=EDGE_CURVE('',#4940,#4934,#2883,.T.);
#6175=EDGE_CURVE('',#4938,#4941,#2884,.T.);
#6176=EDGE_CURVE('',#4941,#4942,#2885,.T.);
#6177=EDGE_CURVE('',#4942,#4940,#2886,.T.);
#6178=EDGE_CURVE('',#4941,#4943,#2887,.T.);
#6179=EDGE_CURVE('',#4943,#4944,#2888,.T.);
#6180=EDGE_CURVE('',#4942,#4944,#2889,.T.);
#6181=EDGE_CURVE('',#4937,#4943,#2890,.T.);
#6182=EDGE_CURVE('',#4945,#4935,#2891,.T.);
#6183=EDGE_CURVE('',#4945,#4946,#2892,.T.);
#6184=EDGE_CURVE('',#4946,#4936,#2893,.T.);
#6185=EDGE_CURVE('',#4927,#4945,#2894,.T.);
#6186=EDGE_CURVE('',#4926,#4946,#2895,.T.);
#6187=EDGE_CURVE('',#4930,#4947,#2896,.T.);
#6188=EDGE_CURVE('',#4947,#4925,#2897,.T.);
#6189=EDGE_CURVE('',#4916,#4947,#2898,.T.);
#6190=EDGE_CURVE('',#4921,#4948,#2899,.T.);
#6191=EDGE_CURVE('',#4948,#4915,#2900,.T.);
#6192=EDGE_CURVE('',#4949,#4920,#2901,.T.);
#6193=EDGE_CURVE('',#4949,#4948,#2902,.T.);
#6194=EDGE_CURVE('',#4944,#4949,#2903,.T.);
#6195=EDGE_CURVE('',#4950,#4950,#4116,.T.);
#6196=EDGE_CURVE('',#4950,#4951,#2904,.T.);
#6197=EDGE_CURVE('',#4951,#4951,#4117,.T.);
#6198=EDGE_CURVE('',#4952,#4953,#325,.T.);
#6199=EDGE_CURVE('',#4954,#4952,#4118,.T.);
#6200=EDGE_CURVE('',#4953,#4954,#326,.T.);
#6201=EDGE_CURVE('',#4953,#4955,#2905,.T.);
#6202=EDGE_CURVE('',#4955,#4955,#327,.T.);
#6203=EDGE_CURVE('',#4956,#4952,#2906,.T.);
#6204=EDGE_CURVE('',#4957,#4956,#2907,.T.);
#6205=EDGE_CURVE('',#4958,#4957,#2908,.T.);
#6206=EDGE_CURVE('',#4958,#4959,#2909,.T.);
#6207=EDGE_CURVE('',#4954,#4959,#2910,.T.);
#6208=EDGE_CURVE('',#4960,#4961,#328,.T.);
#6209=EDGE_CURVE('',#4962,#4960,#4119,.T.);
#6210=EDGE_CURVE('',#4961,#4962,#329,.T.);
#6211=EDGE_CURVE('',#4961,#4963,#2911,.T.);
#6212=EDGE_CURVE('',#4964,#4963,#330,.T.);
#6213=EDGE_CURVE('',#4963,#4964,#331,.T.);
#6214=EDGE_CURVE('',#4965,#4960,#2912,.T.);
#6215=EDGE_CURVE('',#4965,#4966,#2913,.T.);
#6216=EDGE_CURVE('',#4967,#4966,#2914,.T.);
#6217=EDGE_CURVE('',#4968,#4967,#2915,.T.);
#6218=EDGE_CURVE('',#4962,#4968,#2916,.T.);
#6219=EDGE_CURVE('',#4969,#4969,#332,.T.);
#6220=EDGE_CURVE('',#4969,#4970,#2917,.T.);
#6221=EDGE_CURVE('',#4971,#4970,#333,.T.);
#6222=EDGE_CURVE('',#4972,#4971,#4120,.T.);
#6223=EDGE_CURVE('',#4970,#4972,#334,.T.);
#6224=EDGE_CURVE('',#4973,#4974,#4121,.T.);
#6225=EDGE_CURVE('',#4975,#4973,#335,.T.);
#6226=EDGE_CURVE('',#4975,#4976,#2918,.T.);
#6227=EDGE_CURVE('',#4976,#4976,#336,.T.);
#6228=EDGE_CURVE('',#4974,#4975,#337,.T.);
#6229=EDGE_CURVE('',#4959,#4977,#4122,.T.);
#6230=EDGE_CURVE('',#4977,#4978,#2919,.T.);
#6231=EDGE_CURVE('',#4978,#4979,#4123,.T.);
#6232=EDGE_CURVE('',#4979,#4974,#2920,.T.);
#6233=EDGE_CURVE('',#4973,#4980,#2921,.T.);
#6234=EDGE_CURVE('',#4981,#4980,#4124,.T.);
#6235=EDGE_CURVE('',#4981,#4971,#2922,.T.);
#6236=EDGE_CURVE('',#4972,#4982,#2923,.T.);
#6237=EDGE_CURVE('',#4982,#4983,#4125,.T.);
#6238=EDGE_CURVE('',#4983,#4984,#2924,.T.);
#6239=EDGE_CURVE('',#4984,#4965,#4126,.T.);
#6240=EDGE_CURVE('',#4956,#4968,#4127,.T.);
#6241=EDGE_CURVE('',#4985,#4982,#2925,.T.);
#6242=EDGE_CURVE('',#4986,#4985,#4128,.T.);
#6243=EDGE_CURVE('',#4983,#4986,#2926,.T.);
#6244=EDGE_CURVE('',#4987,#4978,#2927,.T.);
#6245=EDGE_CURVE('',#4988,#4987,#4129,.T.);
#6246=EDGE_CURVE('',#4979,#4988,#2928,.T.);
#6247=EDGE_CURVE('',#4989,#4986,#2929,.T.);
#6248=EDGE_CURVE('',#4989,#4984,#2930,.T.);
#6249=EDGE_CURVE('',#4966,#4989,#4130,.T.);
#6250=EDGE_CURVE('',#4990,#4958,#4131,.T.);
#6251=EDGE_CURVE('',#4977,#4990,#2931,.T.);
#6252=EDGE_CURVE('',#4987,#4990,#2932,.T.);
#6253=EDGE_CURVE('',#4991,#4988,#2933,.T.);
#6254=EDGE_CURVE('',#4980,#4991,#2934,.T.);
#6255=EDGE_CURVE('',#4967,#4957,#4132,.T.);
#6256=EDGE_CURVE('',#4985,#4992,#2935,.T.);
#6257=EDGE_CURVE('',#4991,#4992,#4133,.T.);
#6258=EDGE_CURVE('',#4992,#4981,#2936,.T.);
#6259=EDGE_CURVE('',#4993,#4993,#4134,.T.);
#6260=EDGE_CURVE('',#4993,#4994,#2937,.T.);
#6261=EDGE_CURVE('',#4994,#4994,#4135,.T.);
#6262=EDGE_CURVE('',#4995,#4995,#4136,.T.);
#6263=EDGE_CURVE('',#4995,#4996,#2938,.T.);
#6264=EDGE_CURVE('',#4996,#4996,#4137,.T.);
#6265=EDGE_CURVE('',#4997,#4997,#4138,.T.);
#6266=EDGE_CURVE('',#4997,#4998,#2939,.T.);
#6267=EDGE_CURVE('',#4998,#4998,#4139,.T.);
#6268=EDGE_CURVE('',#4999,#4999,#4140,.T.);
#6269=EDGE_CURVE('',#4999,#5000,#2940,.T.);
#6270=EDGE_CURVE('',#5000,#5000,#4141,.T.);
#6271=EDGE_CURVE('',#5001,#5001,#4142,.T.);
#6272=EDGE_CURVE('',#5001,#5002,#2941,.T.);
#6273=EDGE_CURVE('',#5002,#5002,#4143,.T.);
#6274=EDGE_CURVE('',#5003,#5003,#4144,.T.);
#6275=EDGE_CURVE('',#5003,#5004,#2942,.T.);
#6276=EDGE_CURVE('',#5004,#5004,#4145,.T.);
#6277=EDGE_CURVE('',#5005,#5005,#4146,.T.);
#6278=EDGE_CURVE('',#5005,#5006,#2943,.T.);
#6279=EDGE_CURVE('',#5006,#5006,#4147,.T.);
#6280=EDGE_CURVE('',#5007,#5007,#4148,.T.);
#6281=EDGE_CURVE('',#5007,#5008,#2944,.T.);
#6282=EDGE_CURVE('',#5008,#5008,#4149,.T.);
#6283=EDGE_CURVE('',#5009,#5009,#4150,.T.);
#6284=EDGE_CURVE('',#5009,#5010,#2945,.T.);
#6285=EDGE_CURVE('',#5010,#5010,#4151,.T.);
#6286=EDGE_CURVE('',#5011,#5011,#4152,.T.);
#6287=EDGE_CURVE('',#5011,#5012,#2946,.T.);
#6288=EDGE_CURVE('',#5012,#5012,#4153,.T.);
#6289=EDGE_CURVE('',#5013,#5013,#4154,.T.);
#6290=EDGE_CURVE('',#5013,#5014,#2947,.T.);
#6291=EDGE_CURVE('',#5014,#5014,#4155,.T.);
#6292=EDGE_CURVE('',#5015,#5016,#2948,.T.);
#6293=EDGE_CURVE('',#5016,#5017,#2949,.T.);
#6294=EDGE_CURVE('',#5017,#5018,#2950,.T.);
#6295=EDGE_CURVE('',#5018,#5015,#2951,.T.);
#6296=EDGE_CURVE('',#5019,#5016,#2952,.T.);
#6297=EDGE_CURVE('',#5020,#5019,#2953,.T.);
#6298=EDGE_CURVE('',#5017,#5020,#2954,.T.);
#6299=EDGE_CURVE('',#5021,#5020,#2955,.T.);
#6300=EDGE_CURVE('',#5018,#5021,#2956,.T.);
#6301=EDGE_CURVE('',#5022,#5021,#2957,.T.);
#6302=EDGE_CURVE('',#5015,#5022,#2958,.T.);
#6303=EDGE_CURVE('',#5019,#5022,#2959,.T.);
#6304=EDGE_CURVE('',#5023,#5023,#4156,.T.);
#6305=EDGE_CURVE('',#5023,#5024,#2960,.T.);
#6306=EDGE_CURVE('',#5024,#5024,#4157,.T.);
#6307=EDGE_CURVE('',#5025,#5025,#4158,.T.);
#6308=EDGE_CURVE('',#5025,#5026,#2961,.T.);
#6309=EDGE_CURVE('',#5026,#5026,#4159,.T.);
#6310=EDGE_CURVE('',#5027,#5027,#4160,.T.);
#6311=EDGE_CURVE('',#5028,#5028,#4161,.F.);
#6312=EDGE_CURVE('',#5028,#5027,#2962,.T.);
#6313=ORIENTED_EDGE('',*,*,#5029,.F.);
#6314=ORIENTED_EDGE('',*,*,#5030,.T.);
#6315=ORIENTED_EDGE('',*,*,#5031,.T.);
#6316=ORIENTED_EDGE('',*,*,#5030,.F.);
#6317=ORIENTED_EDGE('',*,*,#5032,.F.);
#6318=ORIENTED_EDGE('',*,*,#5033,.T.);
#6319=ORIENTED_EDGE('',*,*,#5034,.T.);
#6320=ORIENTED_EDGE('',*,*,#5033,.F.);
#6321=ORIENTED_EDGE('',*,*,#5032,.T.);
#6322=ORIENTED_EDGE('',*,*,#5029,.T.);
#6323=ORIENTED_EDGE('',*,*,#5034,.F.);
#6324=ORIENTED_EDGE('',*,*,#5031,.F.);
#6325=ORIENTED_EDGE('',*,*,#5035,.F.);
#6326=ORIENTED_EDGE('',*,*,#5036,.T.);
#6327=ORIENTED_EDGE('',*,*,#5037,.F.);
#6328=ORIENTED_EDGE('',*,*,#5036,.F.);
#6329=ORIENTED_EDGE('',*,*,#5038,.F.);
#6330=ORIENTED_EDGE('',*,*,#5039,.T.);
#6331=ORIENTED_EDGE('',*,*,#5040,.F.);
#6332=ORIENTED_EDGE('',*,*,#5039,.F.);
#6333=ORIENTED_EDGE('',*,*,#5041,.F.);
#6334=ORIENTED_EDGE('',*,*,#5042,.T.);
#6335=ORIENTED_EDGE('',*,*,#5043,.F.);
#6336=ORIENTED_EDGE('',*,*,#5042,.F.);
#6337=ORIENTED_EDGE('',*,*,#5044,.F.);
#6338=ORIENTED_EDGE('',*,*,#5045,.T.);
#6339=ORIENTED_EDGE('',*,*,#5046,.F.);
#6340=ORIENTED_EDGE('',*,*,#5045,.F.);
#6341=ORIENTED_EDGE('',*,*,#5047,.F.);
#6342=ORIENTED_EDGE('',*,*,#5048,.T.);
#6343=ORIENTED_EDGE('',*,*,#5049,.F.);
#6344=ORIENTED_EDGE('',*,*,#5048,.F.);
#6345=ORIENTED_EDGE('',*,*,#5050,.F.);
#6346=ORIENTED_EDGE('',*,*,#5051,.T.);
#6347=ORIENTED_EDGE('',*,*,#5052,.F.);
#6348=ORIENTED_EDGE('',*,*,#5051,.F.);
#6349=ORIENTED_EDGE('',*,*,#5053,.F.);
#6350=ORIENTED_EDGE('',*,*,#5054,.T.);
#6351=ORIENTED_EDGE('',*,*,#5055,.F.);
#6352=ORIENTED_EDGE('',*,*,#5054,.F.);
#6353=ORIENTED_EDGE('',*,*,#5056,.F.);
#6354=ORIENTED_EDGE('',*,*,#5057,.T.);
#6355=ORIENTED_EDGE('',*,*,#5058,.F.);
#6356=ORIENTED_EDGE('',*,*,#5059,.F.);
#6357=ORIENTED_EDGE('',*,*,#5060,.T.);
#6358=ORIENTED_EDGE('',*,*,#5061,.T.);
#6359=ORIENTED_EDGE('',*,*,#5062,.T.);
#6360=ORIENTED_EDGE('',*,*,#5058,.T.);
#6361=ORIENTED_EDGE('',*,*,#5035,.T.);
#6362=ORIENTED_EDGE('',*,*,#5038,.T.);
#6363=ORIENTED_EDGE('',*,*,#5041,.T.);
#6364=ORIENTED_EDGE('',*,*,#5063,.F.);
#6365=ORIENTED_EDGE('',*,*,#5064,.T.);
#6366=ORIENTED_EDGE('',*,*,#5056,.T.);
#6367=ORIENTED_EDGE('',*,*,#5065,.T.);
#6368=ORIENTED_EDGE('',*,*,#5037,.T.);
#6369=ORIENTED_EDGE('',*,*,#5040,.T.);
#6370=ORIENTED_EDGE('',*,*,#5043,.T.);
#6371=ORIENTED_EDGE('',*,*,#5066,.T.);
#6372=ORIENTED_EDGE('',*,*,#5067,.T.);
#6373=ORIENTED_EDGE('',*,*,#5068,.T.);
#6374=ORIENTED_EDGE('',*,*,#5063,.T.);
#6375=ORIENTED_EDGE('',*,*,#5069,.F.);
#6376=ORIENTED_EDGE('',*,*,#5070,.T.);
#6377=ORIENTED_EDGE('',*,*,#5061,.F.);
#6378=ORIENTED_EDGE('',*,*,#5071,.T.);
#6379=ORIENTED_EDGE('',*,*,#5072,.T.);
#6380=ORIENTED_EDGE('',*,*,#5066,.F.);
#6381=ORIENTED_EDGE('',*,*,#5065,.F.);
#6382=ORIENTED_EDGE('',*,*,#5059,.T.);
#6383=ORIENTED_EDGE('',*,*,#5062,.F.);
#6384=ORIENTED_EDGE('',*,*,#5070,.F.);
#6385=ORIENTED_EDGE('',*,*,#5073,.F.);
#6386=ORIENTED_EDGE('',*,*,#5074,.F.);
#6387=ORIENTED_EDGE('',*,*,#5075,.T.);
#6388=ORIENTED_EDGE('',*,*,#5074,.T.);
#6389=ORIENTED_EDGE('',*,*,#5076,.F.);
#6390=ORIENTED_EDGE('',*,*,#5077,.F.);
#6391=ORIENTED_EDGE('',*,*,#5078,.F.);
#6392=ORIENTED_EDGE('',*,*,#5077,.T.);
#6393=ORIENTED_EDGE('',*,*,#5079,.F.);
#6394=ORIENTED_EDGE('',*,*,#5071,.F.);
#6395=ORIENTED_EDGE('',*,*,#5060,.F.);
#6396=ORIENTED_EDGE('',*,*,#5057,.F.);
#6397=ORIENTED_EDGE('',*,*,#5064,.F.);
#6398=ORIENTED_EDGE('',*,*,#5068,.F.);
#6399=ORIENTED_EDGE('',*,*,#5069,.T.);
#6400=ORIENTED_EDGE('',*,*,#5079,.T.);
#6401=ORIENTED_EDGE('',*,*,#5076,.T.);
#6402=ORIENTED_EDGE('',*,*,#5073,.T.);
#6403=ORIENTED_EDGE('',*,*,#5044,.T.);
#6404=ORIENTED_EDGE('',*,*,#5047,.T.);
#6405=ORIENTED_EDGE('',*,*,#5050,.T.);
#6406=ORIENTED_EDGE('',*,*,#5053,.T.);
#6407=ORIENTED_EDGE('',*,*,#5072,.F.);
#6408=ORIENTED_EDGE('',*,*,#5075,.F.);
#6409=ORIENTED_EDGE('',*,*,#5078,.T.);
#6410=ORIENTED_EDGE('',*,*,#5067,.F.);
#6411=ORIENTED_EDGE('',*,*,#5046,.T.);
#6412=ORIENTED_EDGE('',*,*,#5049,.T.);
#6413=ORIENTED_EDGE('',*,*,#5052,.T.);
#6414=ORIENTED_EDGE('',*,*,#5055,.T.);
#6415=ORIENTED_EDGE('',*,*,#5080,.F.);
#6416=ORIENTED_EDGE('',*,*,#5081,.T.);
#6417=ORIENTED_EDGE('',*,*,#5081,.F.);
#6418=ORIENTED_EDGE('',*,*,#5082,.F.);
#6419=ORIENTED_EDGE('',*,*,#5083,.T.);
#6420=ORIENTED_EDGE('',*,*,#5084,.T.);
#6421=ORIENTED_EDGE('',*,*,#5083,.F.);
#6422=ORIENTED_EDGE('',*,*,#5084,.F.);
#6423=ORIENTED_EDGE('',*,*,#5080,.T.);
#6424=ORIENTED_EDGE('',*,*,#5085,.T.);
#6425=ORIENTED_EDGE('',*,*,#5086,.T.);
#6426=ORIENTED_EDGE('',*,*,#5087,.T.);
#6427=ORIENTED_EDGE('',*,*,#5088,.T.);
#6428=ORIENTED_EDGE('',*,*,#5089,.F.);
#6429=ORIENTED_EDGE('',*,*,#5090,.F.);
#6430=ORIENTED_EDGE('',*,*,#5091,.F.);
#6431=ORIENTED_EDGE('',*,*,#5086,.F.);
#6432=ORIENTED_EDGE('',*,*,#5091,.T.);
#6433=ORIENTED_EDGE('',*,*,#5092,.F.);
#6434=ORIENTED_EDGE('',*,*,#5093,.F.);
#6435=ORIENTED_EDGE('',*,*,#5087,.F.);
#6436=ORIENTED_EDGE('',*,*,#5093,.T.);
#6437=ORIENTED_EDGE('',*,*,#5094,.F.);
#6438=ORIENTED_EDGE('',*,*,#5095,.F.);
#6439=ORIENTED_EDGE('',*,*,#5088,.F.);
#6440=ORIENTED_EDGE('',*,*,#5095,.T.);
#6441=ORIENTED_EDGE('',*,*,#5096,.F.);
#6442=ORIENTED_EDGE('',*,*,#5089,.T.);
#6443=ORIENTED_EDGE('',*,*,#5085,.F.);
#6444=ORIENTED_EDGE('',*,*,#5096,.T.);
#6445=ORIENTED_EDGE('',*,*,#5094,.T.);
#6446=ORIENTED_EDGE('',*,*,#5092,.T.);
#6447=ORIENTED_EDGE('',*,*,#5090,.T.);
#6448=ORIENTED_EDGE('',*,*,#5082,.T.);
#6449=ORIENTED_EDGE('',*,*,#5097,.F.);
#6450=ORIENTED_EDGE('',*,*,#5098,.T.);
#6451=ORIENTED_EDGE('',*,*,#5099,.T.);
#6452=ORIENTED_EDGE('',*,*,#5098,.F.);
#6453=ORIENTED_EDGE('',*,*,#5099,.F.);
#6454=ORIENTED_EDGE('',*,*,#5100,.F.);
#6455=ORIENTED_EDGE('',*,*,#5101,.F.);
#6456=ORIENTED_EDGE('',*,*,#5102,.T.);
#6457=ORIENTED_EDGE('',*,*,#5103,.T.);
#6458=ORIENTED_EDGE('',*,*,#5102,.F.);
#6459=ORIENTED_EDGE('',*,*,#5103,.F.);
#6460=ORIENTED_EDGE('',*,*,#5104,.F.);
#6461=ORIENTED_EDGE('',*,*,#5105,.F.);
#6462=ORIENTED_EDGE('',*,*,#5106,.T.);
#6463=ORIENTED_EDGE('',*,*,#5107,.T.);
#6464=ORIENTED_EDGE('',*,*,#5106,.F.);
#6465=ORIENTED_EDGE('',*,*,#5107,.F.);
#6466=ORIENTED_EDGE('',*,*,#5108,.F.);
#6467=ORIENTED_EDGE('',*,*,#5109,.F.);
#6468=ORIENTED_EDGE('',*,*,#5110,.T.);
#6469=ORIENTED_EDGE('',*,*,#5111,.T.);
#6470=ORIENTED_EDGE('',*,*,#5110,.F.);
#6471=ORIENTED_EDGE('',*,*,#5111,.F.);
#6472=ORIENTED_EDGE('',*,*,#5112,.F.);
#6473=ORIENTED_EDGE('',*,*,#5113,.F.);
#6474=ORIENTED_EDGE('',*,*,#5114,.T.);
#6475=ORIENTED_EDGE('',*,*,#5115,.F.);
#6476=ORIENTED_EDGE('',*,*,#5114,.F.);
#6477=ORIENTED_EDGE('',*,*,#5116,.F.);
#6478=ORIENTED_EDGE('',*,*,#5117,.T.);
#6479=ORIENTED_EDGE('',*,*,#5118,.F.);
#6480=ORIENTED_EDGE('',*,*,#5117,.F.);
#6481=ORIENTED_EDGE('',*,*,#5119,.F.);
#6482=ORIENTED_EDGE('',*,*,#5120,.T.);
#6483=ORIENTED_EDGE('',*,*,#5121,.F.);
#6484=ORIENTED_EDGE('',*,*,#5120,.F.);
#6485=ORIENTED_EDGE('',*,*,#5122,.F.);
#6486=ORIENTED_EDGE('',*,*,#5123,.T.);
#6487=ORIENTED_EDGE('',*,*,#5124,.F.);
#6488=ORIENTED_EDGE('',*,*,#5123,.F.);
#6489=ORIENTED_EDGE('',*,*,#5125,.F.);
#6490=ORIENTED_EDGE('',*,*,#5126,.T.);
#6491=ORIENTED_EDGE('',*,*,#5127,.T.);
#6492=ORIENTED_EDGE('',*,*,#5126,.F.);
#6493=ORIENTED_EDGE('',*,*,#5127,.F.);
#6494=ORIENTED_EDGE('',*,*,#5128,.F.);
#6495=ORIENTED_EDGE('',*,*,#5129,.T.);
#6496=ORIENTED_EDGE('',*,*,#5130,.T.);
#6497=ORIENTED_EDGE('',*,*,#5129,.F.);
#6498=ORIENTED_EDGE('',*,*,#5130,.F.);
#6499=ORIENTED_EDGE('',*,*,#5131,.F.);
#6500=ORIENTED_EDGE('',*,*,#5132,.T.);
#6501=ORIENTED_EDGE('',*,*,#5133,.F.);
#6502=ORIENTED_EDGE('',*,*,#5132,.F.);
#6503=ORIENTED_EDGE('',*,*,#5134,.F.);
#6504=ORIENTED_EDGE('',*,*,#5135,.T.);
#6505=ORIENTED_EDGE('',*,*,#5100,.T.);
#6506=ORIENTED_EDGE('',*,*,#5135,.F.);
#6507=ORIENTED_EDGE('',*,*,#5136,.F.);
#6508=ORIENTED_EDGE('',*,*,#5137,.T.);
#6509=ORIENTED_EDGE('',*,*,#5104,.T.);
#6510=ORIENTED_EDGE('',*,*,#5137,.F.);
#6511=ORIENTED_EDGE('',*,*,#5138,.F.);
#6512=ORIENTED_EDGE('',*,*,#5139,.T.);
#6513=ORIENTED_EDGE('',*,*,#5108,.T.);
#6514=ORIENTED_EDGE('',*,*,#5139,.F.);
#6515=ORIENTED_EDGE('',*,*,#5140,.F.);
#6516=ORIENTED_EDGE('',*,*,#5141,.T.);
#6517=ORIENTED_EDGE('',*,*,#5112,.T.);
#6518=ORIENTED_EDGE('',*,*,#5141,.F.);
#6519=ORIENTED_EDGE('',*,*,#5142,.T.);
#6520=ORIENTED_EDGE('',*,*,#5143,.T.);
#6521=ORIENTED_EDGE('',*,*,#5144,.T.);
#6522=ORIENTED_EDGE('',*,*,#5145,.T.);
#6523=ORIENTED_EDGE('',*,*,#5097,.T.);
#6524=ORIENTED_EDGE('',*,*,#5101,.T.);
#6525=ORIENTED_EDGE('',*,*,#5105,.T.);
#6526=ORIENTED_EDGE('',*,*,#5109,.T.);
#6527=ORIENTED_EDGE('',*,*,#5115,.T.);
#6528=ORIENTED_EDGE('',*,*,#5118,.T.);
#6529=ORIENTED_EDGE('',*,*,#5121,.T.);
#6530=ORIENTED_EDGE('',*,*,#5124,.T.);
#6531=ORIENTED_EDGE('',*,*,#5133,.T.);
#6532=ORIENTED_EDGE('',*,*,#5146,.F.);
#6533=ORIENTED_EDGE('',*,*,#5147,.F.);
#6534=ORIENTED_EDGE('',*,*,#5148,.F.);
#6535=ORIENTED_EDGE('',*,*,#5143,.F.);
#6536=ORIENTED_EDGE('',*,*,#5148,.T.);
#6537=ORIENTED_EDGE('',*,*,#5149,.F.);
#6538=ORIENTED_EDGE('',*,*,#5150,.F.);
#6539=ORIENTED_EDGE('',*,*,#5144,.F.);
#6540=ORIENTED_EDGE('',*,*,#5150,.T.);
#6541=ORIENTED_EDGE('',*,*,#5151,.F.);
#6542=ORIENTED_EDGE('',*,*,#5152,.F.);
#6543=ORIENTED_EDGE('',*,*,#5145,.F.);
#6544=ORIENTED_EDGE('',*,*,#5152,.T.);
#6545=ORIENTED_EDGE('',*,*,#5153,.F.);
#6546=ORIENTED_EDGE('',*,*,#5146,.T.);
#6547=ORIENTED_EDGE('',*,*,#5142,.F.);
#6548=ORIENTED_EDGE('',*,*,#5153,.T.);
#6549=ORIENTED_EDGE('',*,*,#5151,.T.);
#6550=ORIENTED_EDGE('',*,*,#5149,.T.);
#6551=ORIENTED_EDGE('',*,*,#5147,.T.);
#6552=ORIENTED_EDGE('',*,*,#5113,.T.);
#6553=ORIENTED_EDGE('',*,*,#5116,.T.);
#6554=ORIENTED_EDGE('',*,*,#5119,.T.);
#6555=ORIENTED_EDGE('',*,*,#5122,.T.);
#6556=ORIENTED_EDGE('',*,*,#5125,.T.);
#6557=ORIENTED_EDGE('',*,*,#5128,.T.);
#6558=ORIENTED_EDGE('',*,*,#5131,.T.);
#6559=ORIENTED_EDGE('',*,*,#5134,.T.);
#6560=ORIENTED_EDGE('',*,*,#5136,.T.);
#6561=ORIENTED_EDGE('',*,*,#5138,.T.);
#6562=ORIENTED_EDGE('',*,*,#5140,.T.);
#6563=ORIENTED_EDGE('',*,*,#5154,.F.);
#6564=ORIENTED_EDGE('',*,*,#5155,.T.);
#6565=ORIENTED_EDGE('',*,*,#5156,.T.);
#6566=ORIENTED_EDGE('',*,*,#5155,.F.);
#6567=ORIENTED_EDGE('',*,*,#5157,.F.);
#6568=ORIENTED_EDGE('',*,*,#5158,.T.);
#6569=ORIENTED_EDGE('',*,*,#5159,.F.);
#6570=ORIENTED_EDGE('',*,*,#5158,.F.);
#6571=ORIENTED_EDGE('',*,*,#5156,.F.);
#6572=ORIENTED_EDGE('',*,*,#5160,.F.);
#6573=ORIENTED_EDGE('',*,*,#5161,.T.);
#6574=ORIENTED_EDGE('',*,*,#5162,.T.);
#6575=ORIENTED_EDGE('',*,*,#5161,.F.);
#6576=ORIENTED_EDGE('',*,*,#5163,.F.);
#6577=ORIENTED_EDGE('',*,*,#5164,.T.);
#6578=ORIENTED_EDGE('',*,*,#5165,.F.);
#6579=ORIENTED_EDGE('',*,*,#5164,.F.);
#6580=ORIENTED_EDGE('',*,*,#5162,.F.);
#6581=ORIENTED_EDGE('',*,*,#5166,.F.);
#6582=ORIENTED_EDGE('',*,*,#5167,.T.);
#6583=ORIENTED_EDGE('',*,*,#5168,.T.);
#6584=ORIENTED_EDGE('',*,*,#5167,.F.);
#6585=ORIENTED_EDGE('',*,*,#5169,.F.);
#6586=ORIENTED_EDGE('',*,*,#5170,.T.);
#6587=ORIENTED_EDGE('',*,*,#5171,.F.);
#6588=ORIENTED_EDGE('',*,*,#5170,.F.);
#6589=ORIENTED_EDGE('',*,*,#5168,.F.);
#6590=ORIENTED_EDGE('',*,*,#5172,.F.);
#6591=ORIENTED_EDGE('',*,*,#5173,.T.);
#6592=ORIENTED_EDGE('',*,*,#5174,.T.);
#6593=ORIENTED_EDGE('',*,*,#5173,.F.);
#6594=ORIENTED_EDGE('',*,*,#5175,.F.);
#6595=ORIENTED_EDGE('',*,*,#5176,.T.);
#6596=ORIENTED_EDGE('',*,*,#5177,.F.);
#6597=ORIENTED_EDGE('',*,*,#5176,.F.);
#6598=ORIENTED_EDGE('',*,*,#5174,.F.);
#6599=ORIENTED_EDGE('',*,*,#5178,.F.);
#6600=ORIENTED_EDGE('',*,*,#5179,.T.);
#6601=ORIENTED_EDGE('',*,*,#5180,.F.);
#6602=ORIENTED_EDGE('',*,*,#5179,.F.);
#6603=ORIENTED_EDGE('',*,*,#5181,.F.);
#6604=ORIENTED_EDGE('',*,*,#5182,.T.);
#6605=ORIENTED_EDGE('',*,*,#5183,.T.);
#6606=ORIENTED_EDGE('',*,*,#5182,.F.);
#6607=ORIENTED_EDGE('',*,*,#5183,.F.);
#6608=ORIENTED_EDGE('',*,*,#5184,.F.);
#6609=ORIENTED_EDGE('',*,*,#5185,.T.);
#6610=ORIENTED_EDGE('',*,*,#5186,.F.);
#6611=ORIENTED_EDGE('',*,*,#5185,.F.);
#6612=ORIENTED_EDGE('',*,*,#5187,.F.);
#6613=ORIENTED_EDGE('',*,*,#5188,.T.);
#6614=ORIENTED_EDGE('',*,*,#5189,.T.);
#6615=ORIENTED_EDGE('',*,*,#5188,.F.);
#6616=ORIENTED_EDGE('',*,*,#5189,.F.);
#6617=ORIENTED_EDGE('',*,*,#5190,.F.);
#6618=ORIENTED_EDGE('',*,*,#5191,.T.);
#6619=ORIENTED_EDGE('',*,*,#5192,.F.);
#6620=ORIENTED_EDGE('',*,*,#5191,.F.);
#6621=ORIENTED_EDGE('',*,*,#5193,.F.);
#6622=ORIENTED_EDGE('',*,*,#5194,.T.);
#6623=ORIENTED_EDGE('',*,*,#5195,.T.);
#6624=ORIENTED_EDGE('',*,*,#5194,.F.);
#6625=ORIENTED_EDGE('',*,*,#5195,.F.);
#6626=ORIENTED_EDGE('',*,*,#5196,.F.);
#6627=ORIENTED_EDGE('',*,*,#5197,.T.);
#6628=ORIENTED_EDGE('',*,*,#5198,.F.);
#6629=ORIENTED_EDGE('',*,*,#5197,.F.);
#6630=ORIENTED_EDGE('',*,*,#5199,.F.);
#6631=ORIENTED_EDGE('',*,*,#5200,.T.);
#6632=ORIENTED_EDGE('',*,*,#5201,.T.);
#6633=ORIENTED_EDGE('',*,*,#5200,.F.);
#6634=ORIENTED_EDGE('',*,*,#5201,.F.);
#6635=ORIENTED_EDGE('',*,*,#5202,.T.);
#6636=ORIENTED_EDGE('',*,*,#5203,.T.);
#6637=ORIENTED_EDGE('',*,*,#5204,.T.);
#6638=ORIENTED_EDGE('',*,*,#5205,.T.);
#6639=ORIENTED_EDGE('',*,*,#5203,.F.);
#6640=ORIENTED_EDGE('',*,*,#5206,.F.);
#6641=ORIENTED_EDGE('',*,*,#5207,.F.);
#6642=ORIENTED_EDGE('',*,*,#5208,.F.);
#6643=ORIENTED_EDGE('',*,*,#5202,.F.);
#6644=ORIENTED_EDGE('',*,*,#5209,.T.);
#6645=ORIENTED_EDGE('',*,*,#5210,.T.);
#6646=ORIENTED_EDGE('',*,*,#5211,.T.);
#6647=ORIENTED_EDGE('',*,*,#5212,.T.);
#6648=ORIENTED_EDGE('',*,*,#5213,.F.);
#6649=ORIENTED_EDGE('',*,*,#5214,.T.);
#6650=ORIENTED_EDGE('',*,*,#5215,.T.);
#6651=ORIENTED_EDGE('',*,*,#5216,.T.);
#6652=ORIENTED_EDGE('',*,*,#5217,.T.);
#6653=ORIENTED_EDGE('',*,*,#5218,.T.);
#6654=ORIENTED_EDGE('',*,*,#5219,.F.);
#6655=ORIENTED_EDGE('',*,*,#5220,.T.);
#6656=ORIENTED_EDGE('',*,*,#5221,.T.);
#6657=ORIENTED_EDGE('',*,*,#5222,.T.);
#6658=ORIENTED_EDGE('',*,*,#5223,.F.);
#6659=ORIENTED_EDGE('',*,*,#5224,.T.);
#6660=ORIENTED_EDGE('',*,*,#5225,.T.);
#6661=ORIENTED_EDGE('',*,*,#5226,.T.);
#6662=ORIENTED_EDGE('',*,*,#5227,.T.);
#6663=ORIENTED_EDGE('',*,*,#5228,.T.);
#6664=ORIENTED_EDGE('',*,*,#5229,.F.);
#6665=ORIENTED_EDGE('',*,*,#5230,.T.);
#6666=ORIENTED_EDGE('',*,*,#5231,.T.);
#6667=ORIENTED_EDGE('',*,*,#5232,.T.);
#6668=ORIENTED_EDGE('',*,*,#5233,.F.);
#6669=ORIENTED_EDGE('',*,*,#5234,.T.);
#6670=ORIENTED_EDGE('',*,*,#5235,.T.);
#6671=ORIENTED_EDGE('',*,*,#5236,.T.);
#6672=ORIENTED_EDGE('',*,*,#5237,.T.);
#6673=ORIENTED_EDGE('',*,*,#5238,.T.);
#6674=ORIENTED_EDGE('',*,*,#5239,.F.);
#6675=ORIENTED_EDGE('',*,*,#5240,.T.);
#6676=ORIENTED_EDGE('',*,*,#5241,.T.);
#6677=ORIENTED_EDGE('',*,*,#5242,.T.);
#6678=ORIENTED_EDGE('',*,*,#5243,.F.);
#6679=ORIENTED_EDGE('',*,*,#5244,.T.);
#6680=ORIENTED_EDGE('',*,*,#5245,.T.);
#6681=ORIENTED_EDGE('',*,*,#5246,.T.);
#6682=ORIENTED_EDGE('',*,*,#5247,.T.);
#6683=ORIENTED_EDGE('',*,*,#5248,.T.);
#6684=ORIENTED_EDGE('',*,*,#5249,.F.);
#6685=ORIENTED_EDGE('',*,*,#5250,.T.);
#6686=ORIENTED_EDGE('',*,*,#5251,.T.);
#6687=ORIENTED_EDGE('',*,*,#5252,.T.);
#6688=ORIENTED_EDGE('',*,*,#5253,.T.);
#6689=ORIENTED_EDGE('',*,*,#5254,.F.);
#6690=ORIENTED_EDGE('',*,*,#5255,.T.);
#6691=ORIENTED_EDGE('',*,*,#5256,.T.);
#6692=ORIENTED_EDGE('',*,*,#5257,.T.);
#6693=ORIENTED_EDGE('',*,*,#5258,.T.);
#6694=ORIENTED_EDGE('',*,*,#5259,.T.);
#6695=ORIENTED_EDGE('',*,*,#5260,.F.);
#6696=ORIENTED_EDGE('',*,*,#5261,.T.);
#6697=ORIENTED_EDGE('',*,*,#5262,.T.);
#6698=ORIENTED_EDGE('',*,*,#5263,.T.);
#6699=ORIENTED_EDGE('',*,*,#5264,.T.);
#6700=ORIENTED_EDGE('',*,*,#5265,.F.);
#6701=ORIENTED_EDGE('',*,*,#5266,.T.);
#6702=ORIENTED_EDGE('',*,*,#5267,.T.);
#6703=ORIENTED_EDGE('',*,*,#5268,.T.);
#6704=ORIENTED_EDGE('',*,*,#5269,.T.);
#6705=ORIENTED_EDGE('',*,*,#5270,.T.);
#6706=ORIENTED_EDGE('',*,*,#5271,.F.);
#6707=ORIENTED_EDGE('',*,*,#5272,.T.);
#6708=ORIENTED_EDGE('',*,*,#5273,.T.);
#6709=ORIENTED_EDGE('',*,*,#5274,.T.);
#6710=ORIENTED_EDGE('',*,*,#5275,.F.);
#6711=ORIENTED_EDGE('',*,*,#5276,.T.);
#6712=ORIENTED_EDGE('',*,*,#5277,.T.);
#6713=ORIENTED_EDGE('',*,*,#5278,.T.);
#6714=ORIENTED_EDGE('',*,*,#5279,.T.);
#6715=ORIENTED_EDGE('',*,*,#5280,.T.);
#6716=ORIENTED_EDGE('',*,*,#5281,.F.);
#6717=ORIENTED_EDGE('',*,*,#5282,.T.);
#6718=ORIENTED_EDGE('',*,*,#5283,.T.);
#6719=ORIENTED_EDGE('',*,*,#5284,.T.);
#6720=ORIENTED_EDGE('',*,*,#5285,.F.);
#6721=ORIENTED_EDGE('',*,*,#5286,.T.);
#6722=ORIENTED_EDGE('',*,*,#5287,.T.);
#6723=ORIENTED_EDGE('',*,*,#5288,.T.);
#6724=ORIENTED_EDGE('',*,*,#5289,.T.);
#6725=ORIENTED_EDGE('',*,*,#5290,.T.);
#6726=ORIENTED_EDGE('',*,*,#5291,.F.);
#6727=ORIENTED_EDGE('',*,*,#5292,.T.);
#6728=ORIENTED_EDGE('',*,*,#5293,.T.);
#6729=ORIENTED_EDGE('',*,*,#5294,.T.);
#6730=ORIENTED_EDGE('',*,*,#5295,.F.);
#6731=ORIENTED_EDGE('',*,*,#5296,.T.);
#6732=ORIENTED_EDGE('',*,*,#5297,.T.);
#6733=ORIENTED_EDGE('',*,*,#5298,.T.);
#6734=ORIENTED_EDGE('',*,*,#5299,.T.);
#6735=ORIENTED_EDGE('',*,*,#5300,.T.);
#6736=ORIENTED_EDGE('',*,*,#5301,.F.);
#6737=ORIENTED_EDGE('',*,*,#5302,.T.);
#6738=ORIENTED_EDGE('',*,*,#5303,.T.);
#6739=ORIENTED_EDGE('',*,*,#5304,.T.);
#6740=ORIENTED_EDGE('',*,*,#5305,.T.);
#6741=ORIENTED_EDGE('',*,*,#5306,.F.);
#6742=ORIENTED_EDGE('',*,*,#5307,.T.);
#6743=ORIENTED_EDGE('',*,*,#5308,.T.);
#6744=ORIENTED_EDGE('',*,*,#5309,.T.);
#6745=ORIENTED_EDGE('',*,*,#5310,.T.);
#6746=ORIENTED_EDGE('',*,*,#5206,.T.);
#6747=ORIENTED_EDGE('',*,*,#5311,.T.);
#6748=ORIENTED_EDGE('',*,*,#5312,.T.);
#6749=ORIENTED_EDGE('',*,*,#5313,.T.);
#6750=ORIENTED_EDGE('',*,*,#5314,.T.);
#6751=ORIENTED_EDGE('',*,*,#5315,.T.);
#6752=ORIENTED_EDGE('',*,*,#5316,.T.);
#6753=ORIENTED_EDGE('',*,*,#5317,.T.);
#6754=ORIENTED_EDGE('',*,*,#5318,.T.);
#6755=ORIENTED_EDGE('',*,*,#5319,.T.);
#6756=ORIENTED_EDGE('',*,*,#5320,.T.);
#6757=ORIENTED_EDGE('',*,*,#5321,.T.);
#6758=ORIENTED_EDGE('',*,*,#5322,.T.);
#6759=ORIENTED_EDGE('',*,*,#5323,.T.);
#6760=ORIENTED_EDGE('',*,*,#5324,.T.);
#6761=ORIENTED_EDGE('',*,*,#5325,.T.);
#6762=ORIENTED_EDGE('',*,*,#5326,.T.);
#6763=ORIENTED_EDGE('',*,*,#5327,.T.);
#6764=ORIENTED_EDGE('',*,*,#5328,.T.);
#6765=ORIENTED_EDGE('',*,*,#5329,.T.);
#6766=ORIENTED_EDGE('',*,*,#5330,.T.);
#6767=ORIENTED_EDGE('',*,*,#5331,.T.);
#6768=ORIENTED_EDGE('',*,*,#5332,.T.);
#6769=ORIENTED_EDGE('',*,*,#5333,.T.);
#6770=ORIENTED_EDGE('',*,*,#5334,.T.);
#6771=ORIENTED_EDGE('',*,*,#5335,.T.);
#6772=ORIENTED_EDGE('',*,*,#5336,.T.);
#6773=ORIENTED_EDGE('',*,*,#5337,.T.);
#6774=ORIENTED_EDGE('',*,*,#5338,.T.);
#6775=ORIENTED_EDGE('',*,*,#5339,.T.);
#6776=ORIENTED_EDGE('',*,*,#5340,.T.);
#6777=ORIENTED_EDGE('',*,*,#5341,.T.);
#6778=ORIENTED_EDGE('',*,*,#5342,.T.);
#6779=ORIENTED_EDGE('',*,*,#5343,.T.);
#6780=ORIENTED_EDGE('',*,*,#5344,.T.);
#6781=ORIENTED_EDGE('',*,*,#5345,.T.);
#6782=ORIENTED_EDGE('',*,*,#5346,.T.);
#6783=ORIENTED_EDGE('',*,*,#5347,.T.);
#6784=ORIENTED_EDGE('',*,*,#5348,.T.);
#6785=ORIENTED_EDGE('',*,*,#5349,.T.);
#6786=ORIENTED_EDGE('',*,*,#5350,.T.);
#6787=ORIENTED_EDGE('',*,*,#5306,.T.);
#6788=ORIENTED_EDGE('',*,*,#5351,.T.);
#6789=ORIENTED_EDGE('',*,*,#5352,.T.);
#6790=ORIENTED_EDGE('',*,*,#5353,.T.);
#6791=ORIENTED_EDGE('',*,*,#5351,.F.);
#6792=ORIENTED_EDGE('',*,*,#5305,.F.);
#6793=ORIENTED_EDGE('',*,*,#5354,.F.);
#6794=ORIENTED_EDGE('',*,*,#5355,.F.);
#6795=ORIENTED_EDGE('',*,*,#5301,.T.);
#6796=ORIENTED_EDGE('',*,*,#5356,.T.);
#6797=ORIENTED_EDGE('',*,*,#5357,.T.);
#6798=ORIENTED_EDGE('',*,*,#5358,.T.);
#6799=ORIENTED_EDGE('',*,*,#5356,.F.);
#6800=ORIENTED_EDGE('',*,*,#5300,.F.);
#6801=ORIENTED_EDGE('',*,*,#5359,.F.);
#6802=ORIENTED_EDGE('',*,*,#5360,.F.);
#6803=ORIENTED_EDGE('',*,*,#5295,.T.);
#6804=ORIENTED_EDGE('',*,*,#5361,.T.);
#6805=ORIENTED_EDGE('',*,*,#5362,.T.);
#6806=ORIENTED_EDGE('',*,*,#5363,.T.);
#6807=ORIENTED_EDGE('',*,*,#5361,.F.);
#6808=ORIENTED_EDGE('',*,*,#5294,.F.);
#6809=ORIENTED_EDGE('',*,*,#5364,.F.);
#6810=ORIENTED_EDGE('',*,*,#5365,.F.);
#6811=ORIENTED_EDGE('',*,*,#5275,.T.);
#6812=ORIENTED_EDGE('',*,*,#5366,.T.);
#6813=ORIENTED_EDGE('',*,*,#5367,.T.);
#6814=ORIENTED_EDGE('',*,*,#5368,.T.);
#6815=ORIENTED_EDGE('',*,*,#5366,.F.);
#6816=ORIENTED_EDGE('',*,*,#5274,.F.);
#6817=ORIENTED_EDGE('',*,*,#5369,.F.);
#6818=ORIENTED_EDGE('',*,*,#5370,.F.);
#6819=ORIENTED_EDGE('',*,*,#5285,.T.);
#6820=ORIENTED_EDGE('',*,*,#5371,.T.);
#6821=ORIENTED_EDGE('',*,*,#5372,.T.);
#6822=ORIENTED_EDGE('',*,*,#5373,.T.);
#6823=ORIENTED_EDGE('',*,*,#5371,.F.);
#6824=ORIENTED_EDGE('',*,*,#5284,.F.);
#6825=ORIENTED_EDGE('',*,*,#5374,.F.);
#6826=ORIENTED_EDGE('',*,*,#5375,.F.);
#6827=ORIENTED_EDGE('',*,*,#5291,.T.);
#6828=ORIENTED_EDGE('',*,*,#5376,.T.);
#6829=ORIENTED_EDGE('',*,*,#5377,.T.);
#6830=ORIENTED_EDGE('',*,*,#5378,.T.);
#6831=ORIENTED_EDGE('',*,*,#5376,.F.);
#6832=ORIENTED_EDGE('',*,*,#5290,.F.);
#6833=ORIENTED_EDGE('',*,*,#5379,.F.);
#6834=ORIENTED_EDGE('',*,*,#5380,.F.);
#6835=ORIENTED_EDGE('',*,*,#5281,.T.);
#6836=ORIENTED_EDGE('',*,*,#5381,.T.);
#6837=ORIENTED_EDGE('',*,*,#5382,.T.);
#6838=ORIENTED_EDGE('',*,*,#5383,.T.);
#6839=ORIENTED_EDGE('',*,*,#5381,.F.);
#6840=ORIENTED_EDGE('',*,*,#5280,.F.);
#6841=ORIENTED_EDGE('',*,*,#5384,.F.);
#6842=ORIENTED_EDGE('',*,*,#5385,.F.);
#6843=ORIENTED_EDGE('',*,*,#5271,.T.);
#6844=ORIENTED_EDGE('',*,*,#5386,.T.);
#6845=ORIENTED_EDGE('',*,*,#5387,.T.);
#6846=ORIENTED_EDGE('',*,*,#5388,.T.);
#6847=ORIENTED_EDGE('',*,*,#5386,.F.);
#6848=ORIENTED_EDGE('',*,*,#5270,.F.);
#6849=ORIENTED_EDGE('',*,*,#5389,.F.);
#6850=ORIENTED_EDGE('',*,*,#5390,.F.);
#6851=ORIENTED_EDGE('',*,*,#5265,.T.);
#6852=ORIENTED_EDGE('',*,*,#5391,.T.);
#6853=ORIENTED_EDGE('',*,*,#5392,.T.);
#6854=ORIENTED_EDGE('',*,*,#5393,.T.);
#6855=ORIENTED_EDGE('',*,*,#5391,.F.);
#6856=ORIENTED_EDGE('',*,*,#5264,.F.);
#6857=ORIENTED_EDGE('',*,*,#5394,.F.);
#6858=ORIENTED_EDGE('',*,*,#5395,.F.);
#6859=ORIENTED_EDGE('',*,*,#5260,.T.);
#6860=ORIENTED_EDGE('',*,*,#5396,.T.);
#6861=ORIENTED_EDGE('',*,*,#5397,.T.);
#6862=ORIENTED_EDGE('',*,*,#5398,.T.);
#6863=ORIENTED_EDGE('',*,*,#5396,.F.);
#6864=ORIENTED_EDGE('',*,*,#5259,.F.);
#6865=ORIENTED_EDGE('',*,*,#5399,.F.);
#6866=ORIENTED_EDGE('',*,*,#5400,.F.);
#6867=ORIENTED_EDGE('',*,*,#5254,.T.);
#6868=ORIENTED_EDGE('',*,*,#5401,.T.);
#6869=ORIENTED_EDGE('',*,*,#5402,.T.);
#6870=ORIENTED_EDGE('',*,*,#5403,.T.);
#6871=ORIENTED_EDGE('',*,*,#5401,.F.);
#6872=ORIENTED_EDGE('',*,*,#5253,.F.);
#6873=ORIENTED_EDGE('',*,*,#5404,.F.);
#6874=ORIENTED_EDGE('',*,*,#5405,.F.);
#6875=ORIENTED_EDGE('',*,*,#5249,.T.);
#6876=ORIENTED_EDGE('',*,*,#5406,.T.);
#6877=ORIENTED_EDGE('',*,*,#5407,.T.);
#6878=ORIENTED_EDGE('',*,*,#5408,.T.);
#6879=ORIENTED_EDGE('',*,*,#5406,.F.);
#6880=ORIENTED_EDGE('',*,*,#5248,.F.);
#6881=ORIENTED_EDGE('',*,*,#5409,.F.);
#6882=ORIENTED_EDGE('',*,*,#5410,.F.);
#6883=ORIENTED_EDGE('',*,*,#5239,.T.);
#6884=ORIENTED_EDGE('',*,*,#5411,.T.);
#6885=ORIENTED_EDGE('',*,*,#5412,.T.);
#6886=ORIENTED_EDGE('',*,*,#5413,.T.);
#6887=ORIENTED_EDGE('',*,*,#5411,.F.);
#6888=ORIENTED_EDGE('',*,*,#5238,.F.);
#6889=ORIENTED_EDGE('',*,*,#5414,.F.);
#6890=ORIENTED_EDGE('',*,*,#5415,.F.);
#6891=ORIENTED_EDGE('',*,*,#5229,.T.);
#6892=ORIENTED_EDGE('',*,*,#5416,.T.);
#6893=ORIENTED_EDGE('',*,*,#5417,.T.);
#6894=ORIENTED_EDGE('',*,*,#5418,.T.);
#6895=ORIENTED_EDGE('',*,*,#5416,.F.);
#6896=ORIENTED_EDGE('',*,*,#5228,.F.);
#6897=ORIENTED_EDGE('',*,*,#5419,.F.);
#6898=ORIENTED_EDGE('',*,*,#5420,.F.);
#6899=ORIENTED_EDGE('',*,*,#5219,.T.);
#6900=ORIENTED_EDGE('',*,*,#5421,.T.);
#6901=ORIENTED_EDGE('',*,*,#5422,.T.);
#6902=ORIENTED_EDGE('',*,*,#5423,.T.);
#6903=ORIENTED_EDGE('',*,*,#5421,.F.);
#6904=ORIENTED_EDGE('',*,*,#5218,.F.);
#6905=ORIENTED_EDGE('',*,*,#5424,.F.);
#6906=ORIENTED_EDGE('',*,*,#5425,.F.);
#6907=ORIENTED_EDGE('',*,*,#5243,.T.);
#6908=ORIENTED_EDGE('',*,*,#5426,.T.);
#6909=ORIENTED_EDGE('',*,*,#5427,.T.);
#6910=ORIENTED_EDGE('',*,*,#5428,.T.);
#6911=ORIENTED_EDGE('',*,*,#5426,.F.);
#6912=ORIENTED_EDGE('',*,*,#5242,.F.);
#6913=ORIENTED_EDGE('',*,*,#5429,.F.);
#6914=ORIENTED_EDGE('',*,*,#5430,.F.);
#6915=ORIENTED_EDGE('',*,*,#5233,.T.);
#6916=ORIENTED_EDGE('',*,*,#5431,.T.);
#6917=ORIENTED_EDGE('',*,*,#5432,.T.);
#6918=ORIENTED_EDGE('',*,*,#5433,.T.);
#6919=ORIENTED_EDGE('',*,*,#5431,.F.);
#6920=ORIENTED_EDGE('',*,*,#5232,.F.);
#6921=ORIENTED_EDGE('',*,*,#5434,.F.);
#6922=ORIENTED_EDGE('',*,*,#5435,.F.);
#6923=ORIENTED_EDGE('',*,*,#5223,.T.);
#6924=ORIENTED_EDGE('',*,*,#5436,.T.);
#6925=ORIENTED_EDGE('',*,*,#5437,.T.);
#6926=ORIENTED_EDGE('',*,*,#5438,.T.);
#6927=ORIENTED_EDGE('',*,*,#5436,.F.);
#6928=ORIENTED_EDGE('',*,*,#5222,.F.);
#6929=ORIENTED_EDGE('',*,*,#5439,.F.);
#6930=ORIENTED_EDGE('',*,*,#5440,.F.);
#6931=ORIENTED_EDGE('',*,*,#5213,.T.);
#6932=ORIENTED_EDGE('',*,*,#5441,.T.);
#6933=ORIENTED_EDGE('',*,*,#5442,.T.);
#6934=ORIENTED_EDGE('',*,*,#5443,.T.);
#6935=ORIENTED_EDGE('',*,*,#5443,.F.);
#6936=ORIENTED_EDGE('',*,*,#5444,.F.);
#6937=ORIENTED_EDGE('',*,*,#5445,.T.);
#6938=ORIENTED_EDGE('',*,*,#5214,.F.);
#6939=ORIENTED_EDGE('',*,*,#5446,.F.);
#6940=ORIENTED_EDGE('',*,*,#5447,.T.);
#6941=ORIENTED_EDGE('',*,*,#5311,.F.);
#6942=ORIENTED_EDGE('',*,*,#5447,.F.);
#6943=ORIENTED_EDGE('',*,*,#5448,.F.);
#6944=ORIENTED_EDGE('',*,*,#5449,.T.);
#6945=ORIENTED_EDGE('',*,*,#5312,.F.);
#6946=ORIENTED_EDGE('',*,*,#5449,.F.);
#6947=ORIENTED_EDGE('',*,*,#5450,.F.);
#6948=ORIENTED_EDGE('',*,*,#5451,.T.);
#6949=ORIENTED_EDGE('',*,*,#5313,.F.);
#6950=ORIENTED_EDGE('',*,*,#5451,.F.);
#6951=ORIENTED_EDGE('',*,*,#5452,.F.);
#6952=ORIENTED_EDGE('',*,*,#5453,.T.);
#6953=ORIENTED_EDGE('',*,*,#5314,.F.);
#6954=ORIENTED_EDGE('',*,*,#5453,.F.);
#6955=ORIENTED_EDGE('',*,*,#5226,.F.);
#6956=ORIENTED_EDGE('',*,*,#5454,.F.);
#6957=ORIENTED_EDGE('',*,*,#5455,.F.);
#6958=ORIENTED_EDGE('',*,*,#5456,.T.);
#6959=ORIENTED_EDGE('',*,*,#5227,.F.);
#6960=ORIENTED_EDGE('',*,*,#5456,.F.);
#6961=ORIENTED_EDGE('',*,*,#5457,.F.);
#6962=ORIENTED_EDGE('',*,*,#5419,.T.);
#6963=ORIENTED_EDGE('',*,*,#5418,.F.);
#6964=ORIENTED_EDGE('',*,*,#5458,.F.);
#6965=ORIENTED_EDGE('',*,*,#5459,.F.);
#6966=ORIENTED_EDGE('',*,*,#5230,.F.);
#6967=ORIENTED_EDGE('',*,*,#5438,.F.);
#6968=ORIENTED_EDGE('',*,*,#5460,.F.);
#6969=ORIENTED_EDGE('',*,*,#5461,.T.);
#6970=ORIENTED_EDGE('',*,*,#5224,.F.);
#6971=ORIENTED_EDGE('',*,*,#5225,.F.);
#6972=ORIENTED_EDGE('',*,*,#5461,.F.);
#6973=ORIENTED_EDGE('',*,*,#5462,.F.);
#6974=ORIENTED_EDGE('',*,*,#5454,.T.);
#6975=ORIENTED_EDGE('',*,*,#5315,.F.);
#6976=ORIENTED_EDGE('',*,*,#5463,.F.);
#6977=ORIENTED_EDGE('',*,*,#5464,.F.);
#6978=ORIENTED_EDGE('',*,*,#5465,.T.);
#6979=ORIENTED_EDGE('',*,*,#5316,.F.);
#6980=ORIENTED_EDGE('',*,*,#5465,.F.);
#6981=ORIENTED_EDGE('',*,*,#5466,.F.);
#6982=ORIENTED_EDGE('',*,*,#5467,.T.);
#6983=ORIENTED_EDGE('',*,*,#5317,.F.);
#6984=ORIENTED_EDGE('',*,*,#5467,.F.);
#6985=ORIENTED_EDGE('',*,*,#5468,.F.);
#6986=ORIENTED_EDGE('',*,*,#5469,.T.);
#6987=ORIENTED_EDGE('',*,*,#5318,.F.);
#6988=ORIENTED_EDGE('',*,*,#5469,.F.);
#6989=ORIENTED_EDGE('',*,*,#5470,.F.);
#6990=ORIENTED_EDGE('',*,*,#5471,.T.);
#6991=ORIENTED_EDGE('',*,*,#5319,.F.);
#6992=ORIENTED_EDGE('',*,*,#5471,.F.);
#6993=ORIENTED_EDGE('',*,*,#5472,.F.);
#6994=ORIENTED_EDGE('',*,*,#5473,.T.);
#6995=ORIENTED_EDGE('',*,*,#5320,.F.);
#6996=ORIENTED_EDGE('',*,*,#5473,.F.);
#6997=ORIENTED_EDGE('',*,*,#5474,.F.);
#6998=ORIENTED_EDGE('',*,*,#5475,.T.);
#6999=ORIENTED_EDGE('',*,*,#5159,.T.);
#7000=ORIENTED_EDGE('',*,*,#5165,.T.);
#7001=ORIENTED_EDGE('',*,*,#5171,.T.);
#7002=ORIENTED_EDGE('',*,*,#5177,.T.);
#7003=ORIENTED_EDGE('',*,*,#5321,.F.);
#7004=ORIENTED_EDGE('',*,*,#5475,.F.);
#7005=ORIENTED_EDGE('',*,*,#5476,.F.);
#7006=ORIENTED_EDGE('',*,*,#5477,.T.);
#7007=ORIENTED_EDGE('',*,*,#5322,.F.);
#7008=ORIENTED_EDGE('',*,*,#5477,.F.);
#7009=ORIENTED_EDGE('',*,*,#5478,.F.);
#7010=ORIENTED_EDGE('',*,*,#5479,.T.);
#7011=ORIENTED_EDGE('',*,*,#5323,.F.);
#7012=ORIENTED_EDGE('',*,*,#5479,.F.);
#7013=ORIENTED_EDGE('',*,*,#5480,.F.);
#7014=ORIENTED_EDGE('',*,*,#5481,.T.);
#7015=ORIENTED_EDGE('',*,*,#5324,.F.);
#7016=ORIENTED_EDGE('',*,*,#5481,.F.);
#7017=ORIENTED_EDGE('',*,*,#5482,.F.);
#7018=ORIENTED_EDGE('',*,*,#5483,.T.);
#7019=ORIENTED_EDGE('',*,*,#5325,.F.);
#7020=ORIENTED_EDGE('',*,*,#5483,.F.);
#7021=ORIENTED_EDGE('',*,*,#5484,.F.);
#7022=ORIENTED_EDGE('',*,*,#5485,.T.);
#7023=ORIENTED_EDGE('',*,*,#5326,.F.);
#7024=ORIENTED_EDGE('',*,*,#5485,.F.);
#7025=ORIENTED_EDGE('',*,*,#5486,.F.);
#7026=ORIENTED_EDGE('',*,*,#5463,.T.);
#7027=ORIENTED_EDGE('',*,*,#5154,.T.);
#7028=ORIENTED_EDGE('',*,*,#5160,.T.);
#7029=ORIENTED_EDGE('',*,*,#5166,.T.);
#7030=ORIENTED_EDGE('',*,*,#5172,.T.);
#7031=ORIENTED_EDGE('',*,*,#5236,.F.);
#7032=ORIENTED_EDGE('',*,*,#5487,.F.);
#7033=ORIENTED_EDGE('',*,*,#5488,.F.);
#7034=ORIENTED_EDGE('',*,*,#5489,.T.);
#7035=ORIENTED_EDGE('',*,*,#5237,.F.);
#7036=ORIENTED_EDGE('',*,*,#5489,.F.);
#7037=ORIENTED_EDGE('',*,*,#5490,.F.);
#7038=ORIENTED_EDGE('',*,*,#5414,.T.);
#7039=ORIENTED_EDGE('',*,*,#5413,.F.);
#7040=ORIENTED_EDGE('',*,*,#5491,.F.);
#7041=ORIENTED_EDGE('',*,*,#5492,.F.);
#7042=ORIENTED_EDGE('',*,*,#5240,.F.);
#7043=ORIENTED_EDGE('',*,*,#5433,.F.);
#7044=ORIENTED_EDGE('',*,*,#5493,.F.);
#7045=ORIENTED_EDGE('',*,*,#5494,.T.);
#7046=ORIENTED_EDGE('',*,*,#5234,.F.);
#7047=ORIENTED_EDGE('',*,*,#5235,.F.);
#7048=ORIENTED_EDGE('',*,*,#5494,.F.);
#7049=ORIENTED_EDGE('',*,*,#5495,.F.);
#7050=ORIENTED_EDGE('',*,*,#5487,.T.);
#7051=ORIENTED_EDGE('',*,*,#5327,.F.);
#7052=ORIENTED_EDGE('',*,*,#5496,.F.);
#7053=ORIENTED_EDGE('',*,*,#5497,.F.);
#7054=ORIENTED_EDGE('',*,*,#5498,.T.);
#7055=ORIENTED_EDGE('',*,*,#5328,.F.);
#7056=ORIENTED_EDGE('',*,*,#5498,.F.);
#7057=ORIENTED_EDGE('',*,*,#5499,.F.);
#7058=ORIENTED_EDGE('',*,*,#5500,.T.);
#7059=ORIENTED_EDGE('',*,*,#5329,.F.);
#7060=ORIENTED_EDGE('',*,*,#5500,.F.);
#7061=ORIENTED_EDGE('',*,*,#5501,.F.);
#7062=ORIENTED_EDGE('',*,*,#5502,.T.);
#7063=ORIENTED_EDGE('',*,*,#5330,.F.);
#7064=ORIENTED_EDGE('',*,*,#5502,.F.);
#7065=ORIENTED_EDGE('',*,*,#5503,.F.);
#7066=ORIENTED_EDGE('',*,*,#5504,.T.);
#7067=ORIENTED_EDGE('',*,*,#5331,.F.);
#7068=ORIENTED_EDGE('',*,*,#5504,.F.);
#7069=ORIENTED_EDGE('',*,*,#5505,.F.);
#7070=ORIENTED_EDGE('',*,*,#5506,.T.);
#7071=ORIENTED_EDGE('',*,*,#5332,.F.);
#7072=ORIENTED_EDGE('',*,*,#5506,.F.);
#7073=ORIENTED_EDGE('',*,*,#5507,.F.);
#7074=ORIENTED_EDGE('',*,*,#5508,.T.);
#7075=ORIENTED_EDGE('',*,*,#5181,.T.);
#7076=ORIENTED_EDGE('',*,*,#5187,.T.);
#7077=ORIENTED_EDGE('',*,*,#5193,.T.);
#7078=ORIENTED_EDGE('',*,*,#5199,.T.);
#7079=ORIENTED_EDGE('',*,*,#5333,.F.);
#7080=ORIENTED_EDGE('',*,*,#5508,.F.);
#7081=ORIENTED_EDGE('',*,*,#5509,.F.);
#7082=ORIENTED_EDGE('',*,*,#5510,.T.);
#7083=ORIENTED_EDGE('',*,*,#5334,.F.);
#7084=ORIENTED_EDGE('',*,*,#5510,.F.);
#7085=ORIENTED_EDGE('',*,*,#5511,.F.);
#7086=ORIENTED_EDGE('',*,*,#5512,.T.);
#7087=ORIENTED_EDGE('',*,*,#5335,.F.);
#7088=ORIENTED_EDGE('',*,*,#5512,.F.);
#7089=ORIENTED_EDGE('',*,*,#5513,.F.);
#7090=ORIENTED_EDGE('',*,*,#5514,.T.);
#7091=ORIENTED_EDGE('',*,*,#5336,.F.);
#7092=ORIENTED_EDGE('',*,*,#5514,.F.);
#7093=ORIENTED_EDGE('',*,*,#5515,.F.);
#7094=ORIENTED_EDGE('',*,*,#5516,.T.);
#7095=ORIENTED_EDGE('',*,*,#5337,.F.);
#7096=ORIENTED_EDGE('',*,*,#5516,.F.);
#7097=ORIENTED_EDGE('',*,*,#5517,.F.);
#7098=ORIENTED_EDGE('',*,*,#5518,.T.);
#7099=ORIENTED_EDGE('',*,*,#5338,.F.);
#7100=ORIENTED_EDGE('',*,*,#5518,.F.);
#7101=ORIENTED_EDGE('',*,*,#5519,.F.);
#7102=ORIENTED_EDGE('',*,*,#5496,.T.);
#7103=ORIENTED_EDGE('',*,*,#5180,.T.);
#7104=ORIENTED_EDGE('',*,*,#5186,.T.);
#7105=ORIENTED_EDGE('',*,*,#5192,.T.);
#7106=ORIENTED_EDGE('',*,*,#5198,.T.);
#7107=ORIENTED_EDGE('',*,*,#5288,.F.);
#7108=ORIENTED_EDGE('',*,*,#5520,.F.);
#7109=ORIENTED_EDGE('',*,*,#5521,.F.);
#7110=ORIENTED_EDGE('',*,*,#5522,.T.);
#7111=ORIENTED_EDGE('',*,*,#5289,.F.);
#7112=ORIENTED_EDGE('',*,*,#5522,.F.);
#7113=ORIENTED_EDGE('',*,*,#5523,.F.);
#7114=ORIENTED_EDGE('',*,*,#5379,.T.);
#7115=ORIENTED_EDGE('',*,*,#5378,.F.);
#7116=ORIENTED_EDGE('',*,*,#5524,.F.);
#7117=ORIENTED_EDGE('',*,*,#5525,.F.);
#7118=ORIENTED_EDGE('',*,*,#5292,.F.);
#7119=ORIENTED_EDGE('',*,*,#5373,.F.);
#7120=ORIENTED_EDGE('',*,*,#5526,.F.);
#7121=ORIENTED_EDGE('',*,*,#5527,.T.);
#7122=ORIENTED_EDGE('',*,*,#5286,.F.);
#7123=ORIENTED_EDGE('',*,*,#5287,.F.);
#7124=ORIENTED_EDGE('',*,*,#5527,.F.);
#7125=ORIENTED_EDGE('',*,*,#5528,.F.);
#7126=ORIENTED_EDGE('',*,*,#5520,.T.);
#7127=ORIENTED_EDGE('',*,*,#5216,.F.);
#7128=ORIENTED_EDGE('',*,*,#5529,.F.);
#7129=ORIENTED_EDGE('',*,*,#5530,.F.);
#7130=ORIENTED_EDGE('',*,*,#5531,.T.);
#7131=ORIENTED_EDGE('',*,*,#5217,.F.);
#7132=ORIENTED_EDGE('',*,*,#5531,.F.);
#7133=ORIENTED_EDGE('',*,*,#5532,.F.);
#7134=ORIENTED_EDGE('',*,*,#5424,.T.);
#7135=ORIENTED_EDGE('',*,*,#5423,.F.);
#7136=ORIENTED_EDGE('',*,*,#5533,.F.);
#7137=ORIENTED_EDGE('',*,*,#5534,.F.);
#7138=ORIENTED_EDGE('',*,*,#5220,.F.);
#7139=ORIENTED_EDGE('',*,*,#5441,.F.);
#7140=ORIENTED_EDGE('',*,*,#5212,.F.);
#7141=ORIENTED_EDGE('',*,*,#5535,.F.);
#7142=ORIENTED_EDGE('',*,*,#5536,.F.);
#7143=ORIENTED_EDGE('',*,*,#5215,.F.);
#7144=ORIENTED_EDGE('',*,*,#5445,.F.);
#7145=ORIENTED_EDGE('',*,*,#5537,.F.);
#7146=ORIENTED_EDGE('',*,*,#5529,.T.);
#7147=ORIENTED_EDGE('',*,*,#5245,.F.);
#7148=ORIENTED_EDGE('',*,*,#5538,.F.);
#7149=ORIENTED_EDGE('',*,*,#5539,.F.);
#7150=ORIENTED_EDGE('',*,*,#5540,.T.);
#7151=ORIENTED_EDGE('',*,*,#5246,.F.);
#7152=ORIENTED_EDGE('',*,*,#5540,.F.);
#7153=ORIENTED_EDGE('',*,*,#5541,.F.);
#7154=ORIENTED_EDGE('',*,*,#5542,.T.);
#7155=ORIENTED_EDGE('',*,*,#5247,.F.);
#7156=ORIENTED_EDGE('',*,*,#5542,.F.);
#7157=ORIENTED_EDGE('',*,*,#5543,.F.);
#7158=ORIENTED_EDGE('',*,*,#5409,.T.);
#7159=ORIENTED_EDGE('',*,*,#5408,.F.);
#7160=ORIENTED_EDGE('',*,*,#5544,.F.);
#7161=ORIENTED_EDGE('',*,*,#5545,.F.);
#7162=ORIENTED_EDGE('',*,*,#5250,.F.);
#7163=ORIENTED_EDGE('',*,*,#5428,.F.);
#7164=ORIENTED_EDGE('',*,*,#5546,.F.);
#7165=ORIENTED_EDGE('',*,*,#5538,.T.);
#7166=ORIENTED_EDGE('',*,*,#5244,.F.);
#7167=ORIENTED_EDGE('',*,*,#5297,.F.);
#7168=ORIENTED_EDGE('',*,*,#5547,.F.);
#7169=ORIENTED_EDGE('',*,*,#5548,.F.);
#7170=ORIENTED_EDGE('',*,*,#5549,.T.);
#7171=ORIENTED_EDGE('',*,*,#5298,.F.);
#7172=ORIENTED_EDGE('',*,*,#5549,.F.);
#7173=ORIENTED_EDGE('',*,*,#5550,.F.);
#7174=ORIENTED_EDGE('',*,*,#5551,.T.);
#7175=ORIENTED_EDGE('',*,*,#5299,.F.);
#7176=ORIENTED_EDGE('',*,*,#5551,.F.);
#7177=ORIENTED_EDGE('',*,*,#5552,.F.);
#7178=ORIENTED_EDGE('',*,*,#5359,.T.);
#7179=ORIENTED_EDGE('',*,*,#5358,.F.);
#7180=ORIENTED_EDGE('',*,*,#5553,.F.);
#7181=ORIENTED_EDGE('',*,*,#5554,.F.);
#7182=ORIENTED_EDGE('',*,*,#5302,.F.);
#7183=ORIENTED_EDGE('',*,*,#5363,.F.);
#7184=ORIENTED_EDGE('',*,*,#5555,.F.);
#7185=ORIENTED_EDGE('',*,*,#5547,.T.);
#7186=ORIENTED_EDGE('',*,*,#5296,.F.);
#7187=ORIENTED_EDGE('',*,*,#5339,.F.);
#7188=ORIENTED_EDGE('',*,*,#5556,.F.);
#7189=ORIENTED_EDGE('',*,*,#5557,.F.);
#7190=ORIENTED_EDGE('',*,*,#5558,.T.);
#7191=ORIENTED_EDGE('',*,*,#5340,.F.);
#7192=ORIENTED_EDGE('',*,*,#5558,.F.);
#7193=ORIENTED_EDGE('',*,*,#5559,.F.);
#7194=ORIENTED_EDGE('',*,*,#5560,.T.);
#7195=ORIENTED_EDGE('',*,*,#5341,.F.);
#7196=ORIENTED_EDGE('',*,*,#5560,.F.);
#7197=ORIENTED_EDGE('',*,*,#5561,.F.);
#7198=ORIENTED_EDGE('',*,*,#5562,.T.);
#7199=ORIENTED_EDGE('',*,*,#5342,.F.);
#7200=ORIENTED_EDGE('',*,*,#5562,.F.);
#7201=ORIENTED_EDGE('',*,*,#5563,.F.);
#7202=ORIENTED_EDGE('',*,*,#5564,.T.);
#7203=ORIENTED_EDGE('',*,*,#5343,.F.);
#7204=ORIENTED_EDGE('',*,*,#5564,.F.);
#7205=ORIENTED_EDGE('',*,*,#5565,.F.);
#7206=ORIENTED_EDGE('',*,*,#5566,.T.);
#7207=ORIENTED_EDGE('',*,*,#5344,.F.);
#7208=ORIENTED_EDGE('',*,*,#5566,.F.);
#7209=ORIENTED_EDGE('',*,*,#5567,.F.);
#7210=ORIENTED_EDGE('',*,*,#5568,.T.);
#7211=ORIENTED_EDGE('',*,*,#5345,.F.);
#7212=ORIENTED_EDGE('',*,*,#5568,.F.);
#7213=ORIENTED_EDGE('',*,*,#5569,.F.);
#7214=ORIENTED_EDGE('',*,*,#5570,.T.);
#7215=ORIENTED_EDGE('',*,*,#5346,.F.);
#7216=ORIENTED_EDGE('',*,*,#5570,.F.);
#7217=ORIENTED_EDGE('',*,*,#5571,.F.);
#7218=ORIENTED_EDGE('',*,*,#5572,.T.);
#7219=ORIENTED_EDGE('',*,*,#5347,.F.);
#7220=ORIENTED_EDGE('',*,*,#5572,.F.);
#7221=ORIENTED_EDGE('',*,*,#5573,.F.);
#7222=ORIENTED_EDGE('',*,*,#5574,.T.);
#7223=ORIENTED_EDGE('',*,*,#5348,.F.);
#7224=ORIENTED_EDGE('',*,*,#5574,.F.);
#7225=ORIENTED_EDGE('',*,*,#5575,.F.);
#7226=ORIENTED_EDGE('',*,*,#5576,.T.);
#7227=ORIENTED_EDGE('',*,*,#5349,.F.);
#7228=ORIENTED_EDGE('',*,*,#5576,.F.);
#7229=ORIENTED_EDGE('',*,*,#5577,.F.);
#7230=ORIENTED_EDGE('',*,*,#5578,.T.);
#7231=ORIENTED_EDGE('',*,*,#5350,.F.);
#7232=ORIENTED_EDGE('',*,*,#5578,.F.);
#7233=ORIENTED_EDGE('',*,*,#5579,.F.);
#7234=ORIENTED_EDGE('',*,*,#5556,.T.);
#7235=ORIENTED_EDGE('',*,*,#5268,.F.);
#7236=ORIENTED_EDGE('',*,*,#5580,.F.);
#7237=ORIENTED_EDGE('',*,*,#5581,.F.);
#7238=ORIENTED_EDGE('',*,*,#5582,.T.);
#7239=ORIENTED_EDGE('',*,*,#5269,.F.);
#7240=ORIENTED_EDGE('',*,*,#5582,.F.);
#7241=ORIENTED_EDGE('',*,*,#5583,.F.);
#7242=ORIENTED_EDGE('',*,*,#5389,.T.);
#7243=ORIENTED_EDGE('',*,*,#5388,.F.);
#7244=ORIENTED_EDGE('',*,*,#5584,.F.);
#7245=ORIENTED_EDGE('',*,*,#5585,.F.);
#7246=ORIENTED_EDGE('',*,*,#5272,.F.);
#7247=ORIENTED_EDGE('',*,*,#5393,.F.);
#7248=ORIENTED_EDGE('',*,*,#5586,.F.);
#7249=ORIENTED_EDGE('',*,*,#5587,.T.);
#7250=ORIENTED_EDGE('',*,*,#5266,.F.);
#7251=ORIENTED_EDGE('',*,*,#5267,.F.);
#7252=ORIENTED_EDGE('',*,*,#5587,.F.);
#7253=ORIENTED_EDGE('',*,*,#5588,.F.);
#7254=ORIENTED_EDGE('',*,*,#5580,.T.);
#7255=ORIENTED_EDGE('',*,*,#5278,.F.);
#7256=ORIENTED_EDGE('',*,*,#5589,.F.);
#7257=ORIENTED_EDGE('',*,*,#5590,.F.);
#7258=ORIENTED_EDGE('',*,*,#5591,.T.);
#7259=ORIENTED_EDGE('',*,*,#5279,.F.);
#7260=ORIENTED_EDGE('',*,*,#5591,.F.);
#7261=ORIENTED_EDGE('',*,*,#5592,.F.);
#7262=ORIENTED_EDGE('',*,*,#5384,.T.);
#7263=ORIENTED_EDGE('',*,*,#5383,.F.);
#7264=ORIENTED_EDGE('',*,*,#5593,.F.);
#7265=ORIENTED_EDGE('',*,*,#5594,.F.);
#7266=ORIENTED_EDGE('',*,*,#5282,.F.);
#7267=ORIENTED_EDGE('',*,*,#5368,.F.);
#7268=ORIENTED_EDGE('',*,*,#5595,.F.);
#7269=ORIENTED_EDGE('',*,*,#5596,.T.);
#7270=ORIENTED_EDGE('',*,*,#5276,.F.);
#7271=ORIENTED_EDGE('',*,*,#5277,.F.);
#7272=ORIENTED_EDGE('',*,*,#5596,.F.);
#7273=ORIENTED_EDGE('',*,*,#5597,.F.);
#7274=ORIENTED_EDGE('',*,*,#5589,.T.);
#7275=ORIENTED_EDGE('',*,*,#5310,.F.);
#7276=ORIENTED_EDGE('',*,*,#5598,.F.);
#7277=ORIENTED_EDGE('',*,*,#5599,.F.);
#7278=ORIENTED_EDGE('',*,*,#5207,.T.);
#7279=ORIENTED_EDGE('',*,*,#5205,.F.);
#7280=ORIENTED_EDGE('',*,*,#5600,.F.);
#7281=ORIENTED_EDGE('',*,*,#5601,.F.);
#7282=ORIENTED_EDGE('',*,*,#5209,.F.);
#7283=ORIENTED_EDGE('',*,*,#5353,.F.);
#7284=ORIENTED_EDGE('',*,*,#5602,.F.);
#7285=ORIENTED_EDGE('',*,*,#5603,.T.);
#7286=ORIENTED_EDGE('',*,*,#5307,.F.);
#7287=ORIENTED_EDGE('',*,*,#5308,.F.);
#7288=ORIENTED_EDGE('',*,*,#5603,.F.);
#7289=ORIENTED_EDGE('',*,*,#5604,.F.);
#7290=ORIENTED_EDGE('',*,*,#5605,.T.);
#7291=ORIENTED_EDGE('',*,*,#5309,.F.);
#7292=ORIENTED_EDGE('',*,*,#5605,.F.);
#7293=ORIENTED_EDGE('',*,*,#5606,.F.);
#7294=ORIENTED_EDGE('',*,*,#5598,.T.);
#7295=ORIENTED_EDGE('',*,*,#5258,.F.);
#7296=ORIENTED_EDGE('',*,*,#5607,.F.);
#7297=ORIENTED_EDGE('',*,*,#5608,.F.);
#7298=ORIENTED_EDGE('',*,*,#5399,.T.);
#7299=ORIENTED_EDGE('',*,*,#5398,.F.);
#7300=ORIENTED_EDGE('',*,*,#5609,.F.);
#7301=ORIENTED_EDGE('',*,*,#5610,.F.);
#7302=ORIENTED_EDGE('',*,*,#5261,.F.);
#7303=ORIENTED_EDGE('',*,*,#5256,.F.);
#7304=ORIENTED_EDGE('',*,*,#5611,.F.);
#7305=ORIENTED_EDGE('',*,*,#5612,.F.);
#7306=ORIENTED_EDGE('',*,*,#5613,.T.);
#7307=ORIENTED_EDGE('',*,*,#5257,.F.);
#7308=ORIENTED_EDGE('',*,*,#5613,.F.);
#7309=ORIENTED_EDGE('',*,*,#5614,.F.);
#7310=ORIENTED_EDGE('',*,*,#5607,.T.);
#7311=ORIENTED_EDGE('',*,*,#5403,.F.);
#7312=ORIENTED_EDGE('',*,*,#5615,.F.);
#7313=ORIENTED_EDGE('',*,*,#5611,.T.);
#7314=ORIENTED_EDGE('',*,*,#5255,.F.);
#7315=ORIENTED_EDGE('',*,*,#5535,.T.);
#7316=ORIENTED_EDGE('',*,*,#5211,.F.);
#7317=ORIENTED_EDGE('',*,*,#5616,.T.);
#7318=ORIENTED_EDGE('',*,*,#5617,.F.);
#7319=ORIENTED_EDGE('',*,*,#5545,.T.);
#7320=ORIENTED_EDGE('',*,*,#5618,.F.);
#7321=ORIENTED_EDGE('',*,*,#5619,.F.);
#7322=ORIENTED_EDGE('',*,*,#5251,.F.);
#7323=ORIENTED_EDGE('',*,*,#5439,.T.);
#7324=ORIENTED_EDGE('',*,*,#5221,.F.);
#7325=ORIENTED_EDGE('',*,*,#5534,.T.);
#7326=ORIENTED_EDGE('',*,*,#5620,.F.);
#7327=ORIENTED_EDGE('',*,*,#5492,.T.);
#7328=ORIENTED_EDGE('',*,*,#5621,.F.);
#7329=ORIENTED_EDGE('',*,*,#5429,.T.);
#7330=ORIENTED_EDGE('',*,*,#5241,.F.);
#7331=ORIENTED_EDGE('',*,*,#5394,.T.);
#7332=ORIENTED_EDGE('',*,*,#5263,.F.);
#7333=ORIENTED_EDGE('',*,*,#5622,.T.);
#7334=ORIENTED_EDGE('',*,*,#5623,.F.);
#7335=ORIENTED_EDGE('',*,*,#5374,.T.);
#7336=ORIENTED_EDGE('',*,*,#5283,.F.);
#7337=ORIENTED_EDGE('',*,*,#5594,.T.);
#7338=ORIENTED_EDGE('',*,*,#5624,.F.);
#7339=ORIENTED_EDGE('',*,*,#5585,.T.);
#7340=ORIENTED_EDGE('',*,*,#5625,.F.);
#7341=ORIENTED_EDGE('',*,*,#5369,.T.);
#7342=ORIENTED_EDGE('',*,*,#5273,.F.);
#7343=ORIENTED_EDGE('',*,*,#5178,.T.);
#7344=ORIENTED_EDGE('',*,*,#5184,.T.);
#7345=ORIENTED_EDGE('',*,*,#5190,.T.);
#7346=ORIENTED_EDGE('',*,*,#5196,.T.);
#7347=ORIENTED_EDGE('',*,*,#5554,.T.);
#7348=ORIENTED_EDGE('',*,*,#5626,.F.);
#7349=ORIENTED_EDGE('',*,*,#5627,.T.);
#7350=ORIENTED_EDGE('',*,*,#5303,.F.);
#7351=ORIENTED_EDGE('',*,*,#5354,.T.);
#7352=ORIENTED_EDGE('',*,*,#5304,.F.);
#7353=ORIENTED_EDGE('',*,*,#5627,.F.);
#7354=ORIENTED_EDGE('',*,*,#5628,.F.);
#7355=ORIENTED_EDGE('',*,*,#5404,.T.);
#7356=ORIENTED_EDGE('',*,*,#5252,.F.);
#7357=ORIENTED_EDGE('',*,*,#5619,.T.);
#7358=ORIENTED_EDGE('',*,*,#5629,.F.);
#7359=ORIENTED_EDGE('',*,*,#5204,.F.);
#7360=ORIENTED_EDGE('',*,*,#5208,.T.);
#7361=ORIENTED_EDGE('',*,*,#5599,.T.);
#7362=ORIENTED_EDGE('',*,*,#5606,.T.);
#7363=ORIENTED_EDGE('',*,*,#5604,.T.);
#7364=ORIENTED_EDGE('',*,*,#5602,.T.);
#7365=ORIENTED_EDGE('',*,*,#5352,.F.);
#7366=ORIENTED_EDGE('',*,*,#5355,.T.);
#7367=ORIENTED_EDGE('',*,*,#5628,.T.);
#7368=ORIENTED_EDGE('',*,*,#5626,.T.);
#7369=ORIENTED_EDGE('',*,*,#5553,.T.);
#7370=ORIENTED_EDGE('',*,*,#5357,.F.);
#7371=ORIENTED_EDGE('',*,*,#5360,.T.);
#7372=ORIENTED_EDGE('',*,*,#5552,.T.);
#7373=ORIENTED_EDGE('',*,*,#5550,.T.);
#7374=ORIENTED_EDGE('',*,*,#5548,.T.);
#7375=ORIENTED_EDGE('',*,*,#5555,.T.);
#7376=ORIENTED_EDGE('',*,*,#5362,.F.);
#7377=ORIENTED_EDGE('',*,*,#5365,.T.);
#7378=ORIENTED_EDGE('',*,*,#5630,.T.);
#7379=ORIENTED_EDGE('',*,*,#5524,.T.);
#7380=ORIENTED_EDGE('',*,*,#5377,.F.);
#7381=ORIENTED_EDGE('',*,*,#5380,.T.);
#7382=ORIENTED_EDGE('',*,*,#5523,.T.);
#7383=ORIENTED_EDGE('',*,*,#5521,.T.);
#7384=ORIENTED_EDGE('',*,*,#5528,.T.);
#7385=ORIENTED_EDGE('',*,*,#5526,.T.);
#7386=ORIENTED_EDGE('',*,*,#5372,.F.);
#7387=ORIENTED_EDGE('',*,*,#5375,.T.);
#7388=ORIENTED_EDGE('',*,*,#5624,.T.);
#7389=ORIENTED_EDGE('',*,*,#5593,.T.);
#7390=ORIENTED_EDGE('',*,*,#5382,.F.);
#7391=ORIENTED_EDGE('',*,*,#5385,.T.);
#7392=ORIENTED_EDGE('',*,*,#5592,.T.);
#7393=ORIENTED_EDGE('',*,*,#5590,.T.);
#7394=ORIENTED_EDGE('',*,*,#5597,.T.);
#7395=ORIENTED_EDGE('',*,*,#5595,.T.);
#7396=ORIENTED_EDGE('',*,*,#5367,.F.);
#7397=ORIENTED_EDGE('',*,*,#5370,.T.);
#7398=ORIENTED_EDGE('',*,*,#5625,.T.);
#7399=ORIENTED_EDGE('',*,*,#5584,.T.);
#7400=ORIENTED_EDGE('',*,*,#5387,.F.);
#7401=ORIENTED_EDGE('',*,*,#5390,.T.);
#7402=ORIENTED_EDGE('',*,*,#5583,.T.);
#7403=ORIENTED_EDGE('',*,*,#5581,.T.);
#7404=ORIENTED_EDGE('',*,*,#5588,.T.);
#7405=ORIENTED_EDGE('',*,*,#5586,.T.);
#7406=ORIENTED_EDGE('',*,*,#5392,.F.);
#7407=ORIENTED_EDGE('',*,*,#5395,.T.);
#7408=ORIENTED_EDGE('',*,*,#5623,.T.);
#7409=ORIENTED_EDGE('',*,*,#5631,.T.);
#7410=ORIENTED_EDGE('',*,*,#5609,.T.);
#7411=ORIENTED_EDGE('',*,*,#5397,.F.);
#7412=ORIENTED_EDGE('',*,*,#5400,.T.);
#7413=ORIENTED_EDGE('',*,*,#5608,.T.);
#7414=ORIENTED_EDGE('',*,*,#5614,.T.);
#7415=ORIENTED_EDGE('',*,*,#5612,.T.);
#7416=ORIENTED_EDGE('',*,*,#5615,.T.);
#7417=ORIENTED_EDGE('',*,*,#5402,.F.);
#7418=ORIENTED_EDGE('',*,*,#5405,.T.);
#7419=ORIENTED_EDGE('',*,*,#5629,.T.);
#7420=ORIENTED_EDGE('',*,*,#5618,.T.);
#7421=ORIENTED_EDGE('',*,*,#5544,.T.);
#7422=ORIENTED_EDGE('',*,*,#5407,.F.);
#7423=ORIENTED_EDGE('',*,*,#5410,.T.);
#7424=ORIENTED_EDGE('',*,*,#5543,.T.);
#7425=ORIENTED_EDGE('',*,*,#5541,.T.);
#7426=ORIENTED_EDGE('',*,*,#5539,.T.);
#7427=ORIENTED_EDGE('',*,*,#5546,.T.);
#7428=ORIENTED_EDGE('',*,*,#5427,.F.);
#7429=ORIENTED_EDGE('',*,*,#5430,.T.);
#7430=ORIENTED_EDGE('',*,*,#5621,.T.);
#7431=ORIENTED_EDGE('',*,*,#5491,.T.);
#7432=ORIENTED_EDGE('',*,*,#5412,.F.);
#7433=ORIENTED_EDGE('',*,*,#5415,.T.);
#7434=ORIENTED_EDGE('',*,*,#5490,.T.);
#7435=ORIENTED_EDGE('',*,*,#5488,.T.);
#7436=ORIENTED_EDGE('',*,*,#5495,.T.);
#7437=ORIENTED_EDGE('',*,*,#5493,.T.);
#7438=ORIENTED_EDGE('',*,*,#5432,.F.);
#7439=ORIENTED_EDGE('',*,*,#5435,.T.);
#7440=ORIENTED_EDGE('',*,*,#5632,.T.);
#7441=ORIENTED_EDGE('',*,*,#5458,.T.);
#7442=ORIENTED_EDGE('',*,*,#5417,.F.);
#7443=ORIENTED_EDGE('',*,*,#5420,.T.);
#7444=ORIENTED_EDGE('',*,*,#5457,.T.);
#7445=ORIENTED_EDGE('',*,*,#5455,.T.);
#7446=ORIENTED_EDGE('',*,*,#5462,.T.);
#7447=ORIENTED_EDGE('',*,*,#5460,.T.);
#7448=ORIENTED_EDGE('',*,*,#5437,.F.);
#7449=ORIENTED_EDGE('',*,*,#5440,.T.);
#7450=ORIENTED_EDGE('',*,*,#5620,.T.);
#7451=ORIENTED_EDGE('',*,*,#5533,.T.);
#7452=ORIENTED_EDGE('',*,*,#5422,.F.);
#7453=ORIENTED_EDGE('',*,*,#5425,.T.);
#7454=ORIENTED_EDGE('',*,*,#5532,.T.);
#7455=ORIENTED_EDGE('',*,*,#5530,.T.);
#7456=ORIENTED_EDGE('',*,*,#5537,.T.);
#7457=ORIENTED_EDGE('',*,*,#5444,.T.);
#7458=ORIENTED_EDGE('',*,*,#5442,.F.);
#7459=ORIENTED_EDGE('',*,*,#5536,.T.);
#7460=ORIENTED_EDGE('',*,*,#5617,.T.);
#7461=ORIENTED_EDGE('',*,*,#5633,.T.);
#7462=ORIENTED_EDGE('',*,*,#5600,.T.);
#7463=ORIENTED_EDGE('',*,*,#5446,.T.);
#7464=ORIENTED_EDGE('',*,*,#5448,.T.);
#7465=ORIENTED_EDGE('',*,*,#5450,.T.);
#7466=ORIENTED_EDGE('',*,*,#5452,.T.);
#7467=ORIENTED_EDGE('',*,*,#5557,.T.);
#7468=ORIENTED_EDGE('',*,*,#5579,.T.);
#7469=ORIENTED_EDGE('',*,*,#5577,.T.);
#7470=ORIENTED_EDGE('',*,*,#5575,.T.);
#7471=ORIENTED_EDGE('',*,*,#5573,.T.);
#7472=ORIENTED_EDGE('',*,*,#5571,.T.);
#7473=ORIENTED_EDGE('',*,*,#5569,.T.);
#7474=ORIENTED_EDGE('',*,*,#5567,.T.);
#7475=ORIENTED_EDGE('',*,*,#5565,.T.);
#7476=ORIENTED_EDGE('',*,*,#5563,.T.);
#7477=ORIENTED_EDGE('',*,*,#5561,.T.);
#7478=ORIENTED_EDGE('',*,*,#5559,.T.);
#7479=ORIENTED_EDGE('',*,*,#5497,.T.);
#7480=ORIENTED_EDGE('',*,*,#5519,.T.);
#7481=ORIENTED_EDGE('',*,*,#5517,.T.);
#7482=ORIENTED_EDGE('',*,*,#5515,.T.);
#7483=ORIENTED_EDGE('',*,*,#5513,.T.);
#7484=ORIENTED_EDGE('',*,*,#5511,.T.);
#7485=ORIENTED_EDGE('',*,*,#5509,.T.);
#7486=ORIENTED_EDGE('',*,*,#5507,.T.);
#7487=ORIENTED_EDGE('',*,*,#5505,.T.);
#7488=ORIENTED_EDGE('',*,*,#5503,.T.);
#7489=ORIENTED_EDGE('',*,*,#5501,.T.);
#7490=ORIENTED_EDGE('',*,*,#5499,.T.);
#7491=ORIENTED_EDGE('',*,*,#5464,.T.);
#7492=ORIENTED_EDGE('',*,*,#5486,.T.);
#7493=ORIENTED_EDGE('',*,*,#5484,.T.);
#7494=ORIENTED_EDGE('',*,*,#5482,.T.);
#7495=ORIENTED_EDGE('',*,*,#5480,.T.);
#7496=ORIENTED_EDGE('',*,*,#5478,.T.);
#7497=ORIENTED_EDGE('',*,*,#5476,.T.);
#7498=ORIENTED_EDGE('',*,*,#5474,.T.);
#7499=ORIENTED_EDGE('',*,*,#5472,.T.);
#7500=ORIENTED_EDGE('',*,*,#5470,.T.);
#7501=ORIENTED_EDGE('',*,*,#5468,.T.);
#7502=ORIENTED_EDGE('',*,*,#5466,.T.);
#7503=ORIENTED_EDGE('',*,*,#5601,.T.);
#7504=ORIENTED_EDGE('',*,*,#5633,.F.);
#7505=ORIENTED_EDGE('',*,*,#5616,.F.);
#7506=ORIENTED_EDGE('',*,*,#5210,.F.);
#7507=ORIENTED_EDGE('',*,*,#5459,.T.);
#7508=ORIENTED_EDGE('',*,*,#5632,.F.);
#7509=ORIENTED_EDGE('',*,*,#5434,.T.);
#7510=ORIENTED_EDGE('',*,*,#5231,.F.);
#7511=ORIENTED_EDGE('',*,*,#5610,.T.);
#7512=ORIENTED_EDGE('',*,*,#5631,.F.);
#7513=ORIENTED_EDGE('',*,*,#5622,.F.);
#7514=ORIENTED_EDGE('',*,*,#5262,.F.);
#7515=ORIENTED_EDGE('',*,*,#5525,.T.);
#7516=ORIENTED_EDGE('',*,*,#5630,.F.);
#7517=ORIENTED_EDGE('',*,*,#5364,.T.);
#7518=ORIENTED_EDGE('',*,*,#5293,.F.);
#7519=ORIENTED_EDGE('',*,*,#5157,.T.);
#7520=ORIENTED_EDGE('',*,*,#5163,.T.);
#7521=ORIENTED_EDGE('',*,*,#5169,.T.);
#7522=ORIENTED_EDGE('',*,*,#5175,.T.);
#7523=ORIENTED_EDGE('',*,*,#5634,.F.);
#7524=ORIENTED_EDGE('',*,*,#5635,.T.);
#7525=ORIENTED_EDGE('',*,*,#5636,.T.);
#7526=ORIENTED_EDGE('',*,*,#5635,.F.);
#7527=ORIENTED_EDGE('',*,*,#5636,.F.);
#7528=ORIENTED_EDGE('',*,*,#5637,.F.);
#7529=ORIENTED_EDGE('',*,*,#5638,.F.);
#7530=ORIENTED_EDGE('',*,*,#5639,.T.);
#7531=ORIENTED_EDGE('',*,*,#5640,.T.);
#7532=ORIENTED_EDGE('',*,*,#5639,.F.);
#7533=ORIENTED_EDGE('',*,*,#5640,.F.);
#7534=ORIENTED_EDGE('',*,*,#5641,.F.);
#7535=ORIENTED_EDGE('',*,*,#5642,.F.);
#7536=ORIENTED_EDGE('',*,*,#5643,.T.);
#7537=ORIENTED_EDGE('',*,*,#5644,.T.);
#7538=ORIENTED_EDGE('',*,*,#5643,.F.);
#7539=ORIENTED_EDGE('',*,*,#5644,.F.);
#7540=ORIENTED_EDGE('',*,*,#5645,.F.);
#7541=ORIENTED_EDGE('',*,*,#5646,.F.);
#7542=ORIENTED_EDGE('',*,*,#5647,.T.);
#7543=ORIENTED_EDGE('',*,*,#5648,.T.);
#7544=ORIENTED_EDGE('',*,*,#5647,.F.);
#7545=ORIENTED_EDGE('',*,*,#5648,.F.);
#7546=ORIENTED_EDGE('',*,*,#5649,.F.);
#7547=ORIENTED_EDGE('',*,*,#5650,.F.);
#7548=ORIENTED_EDGE('',*,*,#5651,.T.);
#7549=ORIENTED_EDGE('',*,*,#5652,.T.);
#7550=ORIENTED_EDGE('',*,*,#5651,.F.);
#7551=ORIENTED_EDGE('',*,*,#5652,.F.);
#7552=ORIENTED_EDGE('',*,*,#5653,.F.);
#7553=ORIENTED_EDGE('',*,*,#5654,.T.);
#7554=ORIENTED_EDGE('',*,*,#5655,.T.);
#7555=ORIENTED_EDGE('',*,*,#5654,.F.);
#7556=ORIENTED_EDGE('',*,*,#5655,.F.);
#7557=ORIENTED_EDGE('',*,*,#5637,.T.);
#7558=ORIENTED_EDGE('',*,*,#5656,.T.);
#7559=ORIENTED_EDGE('',*,*,#5657,.F.);
#7560=ORIENTED_EDGE('',*,*,#5656,.F.);
#7561=ORIENTED_EDGE('',*,*,#5641,.T.);
#7562=ORIENTED_EDGE('',*,*,#5658,.T.);
#7563=ORIENTED_EDGE('',*,*,#5659,.F.);
#7564=ORIENTED_EDGE('',*,*,#5658,.F.);
#7565=ORIENTED_EDGE('',*,*,#5645,.T.);
#7566=ORIENTED_EDGE('',*,*,#5660,.T.);
#7567=ORIENTED_EDGE('',*,*,#5661,.F.);
#7568=ORIENTED_EDGE('',*,*,#5660,.F.);
#7569=ORIENTED_EDGE('',*,*,#5649,.T.);
#7570=ORIENTED_EDGE('',*,*,#5662,.T.);
#7571=ORIENTED_EDGE('',*,*,#5663,.F.);
#7572=ORIENTED_EDGE('',*,*,#5662,.F.);
#7573=ORIENTED_EDGE('',*,*,#5664,.F.);
#7574=ORIENTED_EDGE('',*,*,#5665,.T.);
#7575=ORIENTED_EDGE('',*,*,#5666,.F.);
#7576=ORIENTED_EDGE('',*,*,#5665,.F.);
#7577=ORIENTED_EDGE('',*,*,#5667,.T.);
#7578=ORIENTED_EDGE('',*,*,#5668,.T.);
#7579=ORIENTED_EDGE('',*,*,#5669,.T.);
#7580=ORIENTED_EDGE('',*,*,#5670,.T.);
#7581=ORIENTED_EDGE('',*,*,#5650,.T.);
#7582=ORIENTED_EDGE('',*,*,#5653,.T.);
#7583=ORIENTED_EDGE('',*,*,#5657,.T.);
#7584=ORIENTED_EDGE('',*,*,#5659,.T.);
#7585=ORIENTED_EDGE('',*,*,#5661,.T.);
#7586=ORIENTED_EDGE('',*,*,#5663,.T.);
#7587=ORIENTED_EDGE('',*,*,#5666,.T.);
#7588=ORIENTED_EDGE('',*,*,#5671,.F.);
#7589=ORIENTED_EDGE('',*,*,#5672,.F.);
#7590=ORIENTED_EDGE('',*,*,#5673,.F.);
#7591=ORIENTED_EDGE('',*,*,#5668,.F.);
#7592=ORIENTED_EDGE('',*,*,#5673,.T.);
#7593=ORIENTED_EDGE('',*,*,#5674,.F.);
#7594=ORIENTED_EDGE('',*,*,#5675,.F.);
#7595=ORIENTED_EDGE('',*,*,#5669,.F.);
#7596=ORIENTED_EDGE('',*,*,#5675,.T.);
#7597=ORIENTED_EDGE('',*,*,#5676,.F.);
#7598=ORIENTED_EDGE('',*,*,#5677,.F.);
#7599=ORIENTED_EDGE('',*,*,#5670,.F.);
#7600=ORIENTED_EDGE('',*,*,#5677,.T.);
#7601=ORIENTED_EDGE('',*,*,#5678,.F.);
#7602=ORIENTED_EDGE('',*,*,#5671,.T.);
#7603=ORIENTED_EDGE('',*,*,#5667,.F.);
#7604=ORIENTED_EDGE('',*,*,#5678,.T.);
#7605=ORIENTED_EDGE('',*,*,#5676,.T.);
#7606=ORIENTED_EDGE('',*,*,#5674,.T.);
#7607=ORIENTED_EDGE('',*,*,#5672,.T.);
#7608=ORIENTED_EDGE('',*,*,#5634,.T.);
#7609=ORIENTED_EDGE('',*,*,#5638,.T.);
#7610=ORIENTED_EDGE('',*,*,#5642,.T.);
#7611=ORIENTED_EDGE('',*,*,#5646,.T.);
#7612=ORIENTED_EDGE('',*,*,#5664,.T.);
#7613=ORIENTED_EDGE('',*,*,#5679,.T.);
#7614=ORIENTED_EDGE('',*,*,#5680,.T.);
#7615=ORIENTED_EDGE('',*,*,#5681,.T.);
#7616=ORIENTED_EDGE('',*,*,#5680,.F.);
#7617=ORIENTED_EDGE('',*,*,#5681,.F.);
#7618=ORIENTED_EDGE('',*,*,#5682,.T.);
#7619=ORIENTED_EDGE('',*,*,#5683,.F.);
#7620=ORIENTED_EDGE('',*,*,#5682,.F.);
#7621=ORIENTED_EDGE('',*,*,#5679,.F.);
#7622=ORIENTED_EDGE('',*,*,#5684,.T.);
#7623=ORIENTED_EDGE('',*,*,#5685,.T.);
#7624=ORIENTED_EDGE('',*,*,#5686,.T.);
#7625=ORIENTED_EDGE('',*,*,#5685,.F.);
#7626=ORIENTED_EDGE('',*,*,#5686,.F.);
#7627=ORIENTED_EDGE('',*,*,#5687,.T.);
#7628=ORIENTED_EDGE('',*,*,#5688,.F.);
#7629=ORIENTED_EDGE('',*,*,#5687,.F.);
#7630=ORIENTED_EDGE('',*,*,#5684,.F.);
#7631=ORIENTED_EDGE('',*,*,#5689,.T.);
#7632=ORIENTED_EDGE('',*,*,#5690,.T.);
#7633=ORIENTED_EDGE('',*,*,#5691,.T.);
#7634=ORIENTED_EDGE('',*,*,#5692,.T.);
#7635=ORIENTED_EDGE('',*,*,#5693,.T.);
#7636=ORIENTED_EDGE('',*,*,#5694,.T.);
#7637=ORIENTED_EDGE('',*,*,#5689,.F.);
#7638=ORIENTED_EDGE('',*,*,#5695,.T.);
#7639=ORIENTED_EDGE('',*,*,#5696,.T.);
#7640=ORIENTED_EDGE('',*,*,#5697,.F.);
#7641=ORIENTED_EDGE('',*,*,#5694,.F.);
#7642=ORIENTED_EDGE('',*,*,#5698,.T.);
#7643=ORIENTED_EDGE('',*,*,#5699,.T.);
#7644=ORIENTED_EDGE('',*,*,#5695,.F.);
#7645=ORIENTED_EDGE('',*,*,#5693,.F.);
#7646=ORIENTED_EDGE('',*,*,#5700,.T.);
#7647=ORIENTED_EDGE('',*,*,#5701,.T.);
#7648=ORIENTED_EDGE('',*,*,#5698,.F.);
#7649=ORIENTED_EDGE('',*,*,#5692,.F.);
#7650=ORIENTED_EDGE('',*,*,#5702,.T.);
#7651=ORIENTED_EDGE('',*,*,#5703,.T.);
#7652=ORIENTED_EDGE('',*,*,#5700,.F.);
#7653=ORIENTED_EDGE('',*,*,#5691,.F.);
#7654=ORIENTED_EDGE('',*,*,#5704,.T.);
#7655=ORIENTED_EDGE('',*,*,#5705,.T.);
#7656=ORIENTED_EDGE('',*,*,#5702,.F.);
#7657=ORIENTED_EDGE('',*,*,#5690,.F.);
#7658=ORIENTED_EDGE('',*,*,#5697,.T.);
#7659=ORIENTED_EDGE('',*,*,#5706,.T.);
#7660=ORIENTED_EDGE('',*,*,#5704,.F.);
#7661=ORIENTED_EDGE('',*,*,#5706,.F.);
#7662=ORIENTED_EDGE('',*,*,#5696,.F.);
#7663=ORIENTED_EDGE('',*,*,#5699,.F.);
#7664=ORIENTED_EDGE('',*,*,#5701,.F.);
#7665=ORIENTED_EDGE('',*,*,#5703,.F.);
#7666=ORIENTED_EDGE('',*,*,#5705,.F.);
#7667=ORIENTED_EDGE('',*,*,#5688,.T.);
#7668=ORIENTED_EDGE('',*,*,#5683,.T.);
#7669=ORIENTED_EDGE('',*,*,#5707,.F.);
#7670=ORIENTED_EDGE('',*,*,#5708,.T.);
#7671=ORIENTED_EDGE('',*,*,#5709,.T.);
#7672=ORIENTED_EDGE('',*,*,#5708,.F.);
#7673=ORIENTED_EDGE('',*,*,#5707,.T.);
#7674=ORIENTED_EDGE('',*,*,#5709,.F.);
#7675=ORIENTED_EDGE('',*,*,#5710,.F.);
#7676=ORIENTED_EDGE('',*,*,#5711,.T.);
#7677=ORIENTED_EDGE('',*,*,#5712,.F.);
#7678=ORIENTED_EDGE('',*,*,#5713,.F.);
#7679=ORIENTED_EDGE('',*,*,#5714,.T.);
#7680=ORIENTED_EDGE('',*,*,#5712,.T.);
#7681=ORIENTED_EDGE('',*,*,#5715,.T.);
#7682=ORIENTED_EDGE('',*,*,#5716,.T.);
#7683=ORIENTED_EDGE('',*,*,#5710,.T.);
#7684=ORIENTED_EDGE('',*,*,#5717,.T.);
#7685=ORIENTED_EDGE('',*,*,#5718,.T.);
#7686=ORIENTED_EDGE('',*,*,#5719,.T.);
#7687=ORIENTED_EDGE('',*,*,#5720,.T.);
#7688=ORIENTED_EDGE('',*,*,#5721,.T.);
#7689=ORIENTED_EDGE('',*,*,#5722,.T.);
#7690=ORIENTED_EDGE('',*,*,#5723,.F.);
#7691=ORIENTED_EDGE('',*,*,#5724,.T.);
#7692=ORIENTED_EDGE('',*,*,#5720,.F.);
#7693=ORIENTED_EDGE('',*,*,#5724,.F.);
#7694=ORIENTED_EDGE('',*,*,#5725,.F.);
#7695=ORIENTED_EDGE('',*,*,#5726,.T.);
#7696=ORIENTED_EDGE('',*,*,#5721,.F.);
#7697=ORIENTED_EDGE('',*,*,#5726,.F.);
#7698=ORIENTED_EDGE('',*,*,#5727,.F.);
#7699=ORIENTED_EDGE('',*,*,#5728,.T.);
#7700=ORIENTED_EDGE('',*,*,#5722,.F.);
#7701=ORIENTED_EDGE('',*,*,#5728,.F.);
#7702=ORIENTED_EDGE('',*,*,#5729,.F.);
#7703=ORIENTED_EDGE('',*,*,#5730,.F.);
#7704=ORIENTED_EDGE('',*,*,#5731,.F.);
#7705=ORIENTED_EDGE('',*,*,#5717,.F.);
#7706=ORIENTED_EDGE('',*,*,#5713,.T.);
#7707=ORIENTED_EDGE('',*,*,#5714,.F.);
#7708=ORIENTED_EDGE('',*,*,#5731,.T.);
#7709=ORIENTED_EDGE('',*,*,#5732,.F.);
#7710=ORIENTED_EDGE('',*,*,#5733,.F.);
#7711=ORIENTED_EDGE('',*,*,#5718,.F.);
#7712=ORIENTED_EDGE('',*,*,#5733,.T.);
#7713=ORIENTED_EDGE('',*,*,#5734,.F.);
#7714=ORIENTED_EDGE('',*,*,#5735,.F.);
#7715=ORIENTED_EDGE('',*,*,#5715,.F.);
#7716=ORIENTED_EDGE('',*,*,#5711,.F.);
#7717=ORIENTED_EDGE('',*,*,#5719,.F.);
#7718=ORIENTED_EDGE('',*,*,#5735,.T.);
#7719=ORIENTED_EDGE('',*,*,#5736,.F.);
#7720=ORIENTED_EDGE('',*,*,#5729,.T.);
#7721=ORIENTED_EDGE('',*,*,#5716,.F.);
#7722=ORIENTED_EDGE('',*,*,#5736,.T.);
#7723=ORIENTED_EDGE('',*,*,#5734,.T.);
#7724=ORIENTED_EDGE('',*,*,#5732,.T.);
#7725=ORIENTED_EDGE('',*,*,#5730,.T.);
#7726=ORIENTED_EDGE('',*,*,#5727,.T.);
#7727=ORIENTED_EDGE('',*,*,#5725,.T.);
#7728=ORIENTED_EDGE('',*,*,#5723,.T.);
#7729=ORIENTED_EDGE('',*,*,#5737,.T.);
#7730=ORIENTED_EDGE('',*,*,#5738,.F.);
#7731=ORIENTED_EDGE('',*,*,#5738,.T.);
#7732=ORIENTED_EDGE('',*,*,#5739,.T.);
#7733=ORIENTED_EDGE('',*,*,#5740,.F.);
#7734=ORIENTED_EDGE('',*,*,#5739,.F.);
#7735=ORIENTED_EDGE('',*,*,#5741,.F.);
#7736=ORIENTED_EDGE('',*,*,#5740,.T.);
#7737=ORIENTED_EDGE('',*,*,#5742,.F.);
#7738=ORIENTED_EDGE('',*,*,#5743,.T.);
#7739=ORIENTED_EDGE('',*,*,#5741,.T.);
#7740=ORIENTED_EDGE('',*,*,#5743,.F.);
#7741=ORIENTED_EDGE('',*,*,#5744,.F.);
#7742=ORIENTED_EDGE('',*,*,#5742,.T.);
#7743=ORIENTED_EDGE('',*,*,#5745,.T.);
#7744=ORIENTED_EDGE('',*,*,#5746,.F.);
#7745=ORIENTED_EDGE('',*,*,#5747,.F.);
#7746=ORIENTED_EDGE('',*,*,#5745,.F.);
#7747=ORIENTED_EDGE('',*,*,#5744,.T.);
#7748=ORIENTED_EDGE('',*,*,#5737,.F.);
#7749=ORIENTED_EDGE('',*,*,#5748,.T.);
#7750=ORIENTED_EDGE('',*,*,#5746,.T.);
#7751=ORIENTED_EDGE('',*,*,#5747,.T.);
#7752=ORIENTED_EDGE('',*,*,#5748,.F.);
#7753=ORIENTED_EDGE('',*,*,#5749,.T.);
#7754=ORIENTED_EDGE('',*,*,#5750,.T.);
#7755=ORIENTED_EDGE('',*,*,#5751,.F.);
#7756=ORIENTED_EDGE('',*,*,#5752,.F.);
#7757=ORIENTED_EDGE('',*,*,#5750,.F.);
#7758=ORIENTED_EDGE('',*,*,#5753,.T.);
#7759=ORIENTED_EDGE('',*,*,#5751,.T.);
#7760=ORIENTED_EDGE('',*,*,#5752,.T.);
#7761=ORIENTED_EDGE('',*,*,#5754,.T.);
#7762=ORIENTED_EDGE('',*,*,#5755,.F.);
#7763=ORIENTED_EDGE('',*,*,#5754,.F.);
#7764=ORIENTED_EDGE('',*,*,#5756,.F.);
#7765=ORIENTED_EDGE('',*,*,#5755,.T.);
#7766=ORIENTED_EDGE('',*,*,#5757,.F.);
#7767=ORIENTED_EDGE('',*,*,#5758,.T.);
#7768=ORIENTED_EDGE('',*,*,#5756,.T.);
#7769=ORIENTED_EDGE('',*,*,#5758,.F.);
#7770=ORIENTED_EDGE('',*,*,#5757,.T.);
#7771=ORIENTED_EDGE('',*,*,#5759,.F.);
#7772=ORIENTED_EDGE('',*,*,#5759,.T.);
#7773=ORIENTED_EDGE('',*,*,#5760,.T.);
#7774=ORIENTED_EDGE('',*,*,#5753,.F.);
#7775=ORIENTED_EDGE('',*,*,#5749,.F.);
#7776=ORIENTED_EDGE('',*,*,#5760,.F.);
#7777=ORIENTED_EDGE('',*,*,#5761,.T.);
#7778=ORIENTED_EDGE('',*,*,#5761,.F.);
#7779=ORIENTED_EDGE('',*,*,#5762,.T.);
#7780=ORIENTED_EDGE('',*,*,#5762,.F.);
#7781=ORIENTED_EDGE('',*,*,#5763,.T.);
#7782=ORIENTED_EDGE('',*,*,#5763,.F.);
#7783=ORIENTED_EDGE('',*,*,#5764,.T.);
#7784=ORIENTED_EDGE('',*,*,#5764,.F.);
#7785=ORIENTED_EDGE('',*,*,#5765,.T.);
#7786=ORIENTED_EDGE('',*,*,#5765,.F.);
#7787=ORIENTED_EDGE('',*,*,#5766,.T.);
#7788=ORIENTED_EDGE('',*,*,#5766,.F.);
#7789=ORIENTED_EDGE('',*,*,#5767,.T.);
#7790=ORIENTED_EDGE('',*,*,#5767,.F.);
#7791=ORIENTED_EDGE('',*,*,#5768,.T.);
#7792=ORIENTED_EDGE('',*,*,#5768,.F.);
#7793=ORIENTED_EDGE('',*,*,#5769,.F.);
#7794=ORIENTED_EDGE('',*,*,#5770,.T.);
#7795=ORIENTED_EDGE('',*,*,#5771,.F.);
#7796=ORIENTED_EDGE('',*,*,#5772,.T.);
#7797=ORIENTED_EDGE('',*,*,#5772,.F.);
#7798=ORIENTED_EDGE('',*,*,#5773,.F.);
#7799=ORIENTED_EDGE('',*,*,#5774,.F.);
#7800=ORIENTED_EDGE('',*,*,#5775,.F.);
#7801=ORIENTED_EDGE('',*,*,#5776,.F.);
#7802=ORIENTED_EDGE('',*,*,#5774,.T.);
#7803=ORIENTED_EDGE('',*,*,#5777,.F.);
#7804=ORIENTED_EDGE('',*,*,#5778,.T.);
#7805=ORIENTED_EDGE('',*,*,#5778,.F.);
#7806=ORIENTED_EDGE('',*,*,#5779,.F.);
#7807=ORIENTED_EDGE('',*,*,#5780,.F.);
#7808=ORIENTED_EDGE('',*,*,#5781,.F.);
#7809=ORIENTED_EDGE('',*,*,#5782,.F.);
#7810=ORIENTED_EDGE('',*,*,#5780,.T.);
#7811=ORIENTED_EDGE('',*,*,#5783,.F.);
#7812=ORIENTED_EDGE('',*,*,#5784,.T.);
#7813=ORIENTED_EDGE('',*,*,#5784,.F.);
#7814=ORIENTED_EDGE('',*,*,#5785,.F.);
#7815=ORIENTED_EDGE('',*,*,#5786,.F.);
#7816=ORIENTED_EDGE('',*,*,#5787,.F.);
#7817=ORIENTED_EDGE('',*,*,#5788,.F.);
#7818=ORIENTED_EDGE('',*,*,#5786,.T.);
#7819=ORIENTED_EDGE('',*,*,#5789,.F.);
#7820=ORIENTED_EDGE('',*,*,#5790,.T.);
#7821=ORIENTED_EDGE('',*,*,#5790,.F.);
#7822=ORIENTED_EDGE('',*,*,#5791,.F.);
#7823=ORIENTED_EDGE('',*,*,#5792,.F.);
#7824=ORIENTED_EDGE('',*,*,#5793,.F.);
#7825=ORIENTED_EDGE('',*,*,#5794,.F.);
#7826=ORIENTED_EDGE('',*,*,#5792,.T.);
#7827=ORIENTED_EDGE('',*,*,#5795,.F.);
#7828=ORIENTED_EDGE('',*,*,#5796,.F.);
#7829=ORIENTED_EDGE('',*,*,#5797,.T.);
#7830=ORIENTED_EDGE('',*,*,#5798,.F.);
#7831=ORIENTED_EDGE('',*,*,#5797,.F.);
#7832=ORIENTED_EDGE('',*,*,#5799,.F.);
#7833=ORIENTED_EDGE('',*,*,#5800,.F.);
#7834=ORIENTED_EDGE('',*,*,#5801,.F.);
#7835=ORIENTED_EDGE('',*,*,#5802,.F.);
#7836=ORIENTED_EDGE('',*,*,#5800,.T.);
#7837=ORIENTED_EDGE('',*,*,#5803,.F.);
#7838=ORIENTED_EDGE('',*,*,#5804,.T.);
#7839=ORIENTED_EDGE('',*,*,#5804,.F.);
#7840=ORIENTED_EDGE('',*,*,#5805,.F.);
#7841=ORIENTED_EDGE('',*,*,#5806,.F.);
#7842=ORIENTED_EDGE('',*,*,#5807,.F.);
#7843=ORIENTED_EDGE('',*,*,#5808,.F.);
#7844=ORIENTED_EDGE('',*,*,#5809,.T.);
#7845=ORIENTED_EDGE('',*,*,#5810,.F.);
#7846=ORIENTED_EDGE('',*,*,#5806,.T.);
#7847=ORIENTED_EDGE('',*,*,#5770,.F.);
#7848=ORIENTED_EDGE('',*,*,#5811,.F.);
#7849=ORIENTED_EDGE('',*,*,#5812,.F.);
#7850=ORIENTED_EDGE('',*,*,#5813,.F.);
#7851=ORIENTED_EDGE('',*,*,#5814,.F.);
#7852=ORIENTED_EDGE('',*,*,#5812,.T.);
#7853=ORIENTED_EDGE('',*,*,#5815,.F.);
#7854=ORIENTED_EDGE('',*,*,#5816,.T.);
#7855=ORIENTED_EDGE('',*,*,#5809,.F.);
#7856=ORIENTED_EDGE('',*,*,#5817,.F.);
#7857=ORIENTED_EDGE('',*,*,#5816,.F.);
#7858=ORIENTED_EDGE('',*,*,#5818,.F.);
#7859=ORIENTED_EDGE('',*,*,#5819,.F.);
#7860=ORIENTED_EDGE('',*,*,#5820,.F.);
#7861=ORIENTED_EDGE('',*,*,#5821,.F.);
#7862=ORIENTED_EDGE('',*,*,#5822,.F.);
#7863=ORIENTED_EDGE('',*,*,#5771,.T.);
#7864=ORIENTED_EDGE('',*,*,#5813,.T.);
#7865=ORIENTED_EDGE('',*,*,#5814,.T.);
#7866=ORIENTED_EDGE('',*,*,#5817,.T.);
#7867=ORIENTED_EDGE('',*,*,#5808,.T.);
#7868=ORIENTED_EDGE('',*,*,#5805,.T.);
#7869=ORIENTED_EDGE('',*,*,#5803,.T.);
#7870=ORIENTED_EDGE('',*,*,#5799,.T.);
#7871=ORIENTED_EDGE('',*,*,#5796,.T.);
#7872=ORIENTED_EDGE('',*,*,#5823,.T.);
#7873=ORIENTED_EDGE('',*,*,#5824,.T.);
#7874=ORIENTED_EDGE('',*,*,#5825,.F.);
#7875=ORIENTED_EDGE('',*,*,#5826,.T.);
#7876=ORIENTED_EDGE('',*,*,#5827,.F.);
#7877=ORIENTED_EDGE('',*,*,#5828,.T.);
#7878=ORIENTED_EDGE('',*,*,#5829,.F.);
#7879=ORIENTED_EDGE('',*,*,#5830,.T.);
#7880=ORIENTED_EDGE('',*,*,#5831,.F.);
#7881=ORIENTED_EDGE('',*,*,#5821,.T.);
#7882=ORIENTED_EDGE('',*,*,#5832,.F.);
#7883=ORIENTED_EDGE('',*,*,#5833,.T.);
#7884=ORIENTED_EDGE('',*,*,#5834,.F.);
#7885=ORIENTED_EDGE('',*,*,#5835,.T.);
#7886=ORIENTED_EDGE('',*,*,#5836,.F.);
#7887=ORIENTED_EDGE('',*,*,#5837,.T.);
#7888=ORIENTED_EDGE('',*,*,#5838,.F.);
#7889=ORIENTED_EDGE('',*,*,#5839,.T.);
#7890=ORIENTED_EDGE('',*,*,#5823,.F.);
#7891=ORIENTED_EDGE('',*,*,#5795,.T.);
#7892=ORIENTED_EDGE('',*,*,#5791,.T.);
#7893=ORIENTED_EDGE('',*,*,#5789,.T.);
#7894=ORIENTED_EDGE('',*,*,#5785,.T.);
#7895=ORIENTED_EDGE('',*,*,#5783,.T.);
#7896=ORIENTED_EDGE('',*,*,#5779,.T.);
#7897=ORIENTED_EDGE('',*,*,#5777,.T.);
#7898=ORIENTED_EDGE('',*,*,#5773,.T.);
#7899=ORIENTED_EDGE('',*,*,#5820,.T.);
#7900=ORIENTED_EDGE('',*,*,#5840,.F.);
#7901=ORIENTED_EDGE('',*,*,#5841,.T.);
#7902=ORIENTED_EDGE('',*,*,#5832,.T.);
#7903=ORIENTED_EDGE('',*,*,#5842,.F.);
#7904=ORIENTED_EDGE('',*,*,#5843,.F.);
#7905=ORIENTED_EDGE('',*,*,#5833,.F.);
#7906=ORIENTED_EDGE('',*,*,#5841,.F.);
#7907=ORIENTED_EDGE('',*,*,#5843,.T.);
#7908=ORIENTED_EDGE('',*,*,#5844,.F.);
#7909=ORIENTED_EDGE('',*,*,#5845,.T.);
#7910=ORIENTED_EDGE('',*,*,#5834,.T.);
#7911=ORIENTED_EDGE('',*,*,#5846,.F.);
#7912=ORIENTED_EDGE('',*,*,#5847,.F.);
#7913=ORIENTED_EDGE('',*,*,#5835,.F.);
#7914=ORIENTED_EDGE('',*,*,#5845,.F.);
#7915=ORIENTED_EDGE('',*,*,#5847,.T.);
#7916=ORIENTED_EDGE('',*,*,#5848,.F.);
#7917=ORIENTED_EDGE('',*,*,#5849,.T.);
#7918=ORIENTED_EDGE('',*,*,#5836,.T.);
#7919=ORIENTED_EDGE('',*,*,#5850,.F.);
#7920=ORIENTED_EDGE('',*,*,#5851,.F.);
#7921=ORIENTED_EDGE('',*,*,#5837,.F.);
#7922=ORIENTED_EDGE('',*,*,#5849,.F.);
#7923=ORIENTED_EDGE('',*,*,#5851,.T.);
#7924=ORIENTED_EDGE('',*,*,#5852,.F.);
#7925=ORIENTED_EDGE('',*,*,#5853,.T.);
#7926=ORIENTED_EDGE('',*,*,#5838,.T.);
#7927=ORIENTED_EDGE('',*,*,#5854,.F.);
#7928=ORIENTED_EDGE('',*,*,#5855,.F.);
#7929=ORIENTED_EDGE('',*,*,#5824,.F.);
#7930=ORIENTED_EDGE('',*,*,#5839,.F.);
#7931=ORIENTED_EDGE('',*,*,#5853,.F.);
#7932=ORIENTED_EDGE('',*,*,#5856,.F.);
#7933=ORIENTED_EDGE('',*,*,#5855,.T.);
#7934=ORIENTED_EDGE('',*,*,#5857,.F.);
#7935=ORIENTED_EDGE('',*,*,#5858,.T.);
#7936=ORIENTED_EDGE('',*,*,#5825,.T.);
#7937=ORIENTED_EDGE('',*,*,#5859,.F.);
#7938=ORIENTED_EDGE('',*,*,#5860,.F.);
#7939=ORIENTED_EDGE('',*,*,#5826,.F.);
#7940=ORIENTED_EDGE('',*,*,#5858,.F.);
#7941=ORIENTED_EDGE('',*,*,#5860,.T.);
#7942=ORIENTED_EDGE('',*,*,#5861,.F.);
#7943=ORIENTED_EDGE('',*,*,#5862,.T.);
#7944=ORIENTED_EDGE('',*,*,#5827,.T.);
#7945=ORIENTED_EDGE('',*,*,#5828,.F.);
#7946=ORIENTED_EDGE('',*,*,#5862,.F.);
#7947=ORIENTED_EDGE('',*,*,#5863,.F.);
#7948=ORIENTED_EDGE('',*,*,#5864,.F.);
#7949=ORIENTED_EDGE('',*,*,#5769,.T.);
#7950=ORIENTED_EDGE('',*,*,#5775,.T.);
#7951=ORIENTED_EDGE('',*,*,#5776,.T.);
#7952=ORIENTED_EDGE('',*,*,#5781,.T.);
#7953=ORIENTED_EDGE('',*,*,#5782,.T.);
#7954=ORIENTED_EDGE('',*,*,#5787,.T.);
#7955=ORIENTED_EDGE('',*,*,#5788,.T.);
#7956=ORIENTED_EDGE('',*,*,#5793,.T.);
#7957=ORIENTED_EDGE('',*,*,#5794,.T.);
#7958=ORIENTED_EDGE('',*,*,#5865,.T.);
#7959=ORIENTED_EDGE('',*,*,#5856,.T.);
#7960=ORIENTED_EDGE('',*,*,#5852,.T.);
#7961=ORIENTED_EDGE('',*,*,#5850,.T.);
#7962=ORIENTED_EDGE('',*,*,#5848,.T.);
#7963=ORIENTED_EDGE('',*,*,#5846,.T.);
#7964=ORIENTED_EDGE('',*,*,#5844,.T.);
#7965=ORIENTED_EDGE('',*,*,#5842,.T.);
#7966=ORIENTED_EDGE('',*,*,#5840,.T.);
#7967=ORIENTED_EDGE('',*,*,#5819,.T.);
#7968=ORIENTED_EDGE('',*,*,#5866,.T.);
#7969=ORIENTED_EDGE('',*,*,#5867,.T.);
#7970=ORIENTED_EDGE('',*,*,#5868,.T.);
#7971=ORIENTED_EDGE('',*,*,#5863,.T.);
#7972=ORIENTED_EDGE('',*,*,#5861,.T.);
#7973=ORIENTED_EDGE('',*,*,#5859,.T.);
#7974=ORIENTED_EDGE('',*,*,#5857,.T.);
#7975=ORIENTED_EDGE('',*,*,#5854,.T.);
#7976=ORIENTED_EDGE('',*,*,#5865,.F.);
#7977=ORIENTED_EDGE('',*,*,#5798,.T.);
#7978=ORIENTED_EDGE('',*,*,#5801,.T.);
#7979=ORIENTED_EDGE('',*,*,#5802,.T.);
#7980=ORIENTED_EDGE('',*,*,#5807,.T.);
#7981=ORIENTED_EDGE('',*,*,#5810,.T.);
#7982=ORIENTED_EDGE('',*,*,#5818,.T.);
#7983=ORIENTED_EDGE('',*,*,#5815,.T.);
#7984=ORIENTED_EDGE('',*,*,#5811,.T.);
#7985=ORIENTED_EDGE('',*,*,#5822,.T.);
#7986=ORIENTED_EDGE('',*,*,#5831,.T.);
#7987=ORIENTED_EDGE('',*,*,#5869,.T.);
#7988=ORIENTED_EDGE('',*,*,#5866,.F.);
#7989=ORIENTED_EDGE('',*,*,#5830,.F.);
#7990=ORIENTED_EDGE('',*,*,#5870,.F.);
#7991=ORIENTED_EDGE('',*,*,#5867,.F.);
#7992=ORIENTED_EDGE('',*,*,#5869,.F.);
#7993=ORIENTED_EDGE('',*,*,#5864,.T.);
#7994=ORIENTED_EDGE('',*,*,#5868,.F.);
#7995=ORIENTED_EDGE('',*,*,#5870,.T.);
#7996=ORIENTED_EDGE('',*,*,#5829,.T.);
#7997=ORIENTED_EDGE('',*,*,#5871,.F.);
#7998=ORIENTED_EDGE('',*,*,#5872,.T.);
#7999=ORIENTED_EDGE('',*,*,#5873,.F.);
#8000=ORIENTED_EDGE('',*,*,#5874,.T.);
#8001=ORIENTED_EDGE('',*,*,#5874,.F.);
#8002=ORIENTED_EDGE('',*,*,#5875,.F.);
#8003=ORIENTED_EDGE('',*,*,#5876,.F.);
#8004=ORIENTED_EDGE('',*,*,#5877,.F.);
#8005=ORIENTED_EDGE('',*,*,#5878,.F.);
#8006=ORIENTED_EDGE('',*,*,#5876,.T.);
#8007=ORIENTED_EDGE('',*,*,#5879,.F.);
#8008=ORIENTED_EDGE('',*,*,#5880,.T.);
#8009=ORIENTED_EDGE('',*,*,#5880,.F.);
#8010=ORIENTED_EDGE('',*,*,#5881,.F.);
#8011=ORIENTED_EDGE('',*,*,#5882,.F.);
#8012=ORIENTED_EDGE('',*,*,#5883,.F.);
#8013=ORIENTED_EDGE('',*,*,#5884,.F.);
#8014=ORIENTED_EDGE('',*,*,#5882,.T.);
#8015=ORIENTED_EDGE('',*,*,#5885,.F.);
#8016=ORIENTED_EDGE('',*,*,#5886,.T.);
#8017=ORIENTED_EDGE('',*,*,#5886,.F.);
#8018=ORIENTED_EDGE('',*,*,#5887,.F.);
#8019=ORIENTED_EDGE('',*,*,#5888,.F.);
#8020=ORIENTED_EDGE('',*,*,#5889,.F.);
#8021=ORIENTED_EDGE('',*,*,#5890,.F.);
#8022=ORIENTED_EDGE('',*,*,#5888,.T.);
#8023=ORIENTED_EDGE('',*,*,#5891,.F.);
#8024=ORIENTED_EDGE('',*,*,#5892,.F.);
#8025=ORIENTED_EDGE('',*,*,#5893,.T.);
#8026=ORIENTED_EDGE('',*,*,#5894,.F.);
#8027=ORIENTED_EDGE('',*,*,#5893,.F.);
#8028=ORIENTED_EDGE('',*,*,#5895,.F.);
#8029=ORIENTED_EDGE('',*,*,#5896,.F.);
#8030=ORIENTED_EDGE('',*,*,#5897,.F.);
#8031=ORIENTED_EDGE('',*,*,#5898,.F.);
#8032=ORIENTED_EDGE('',*,*,#5896,.T.);
#8033=ORIENTED_EDGE('',*,*,#5899,.F.);
#8034=ORIENTED_EDGE('',*,*,#5900,.T.);
#8035=ORIENTED_EDGE('',*,*,#5900,.F.);
#8036=ORIENTED_EDGE('',*,*,#5901,.F.);
#8037=ORIENTED_EDGE('',*,*,#5902,.F.);
#8038=ORIENTED_EDGE('',*,*,#5903,.F.);
#8039=ORIENTED_EDGE('',*,*,#5904,.F.);
#8040=ORIENTED_EDGE('',*,*,#5902,.T.);
#8041=ORIENTED_EDGE('',*,*,#5905,.F.);
#8042=ORIENTED_EDGE('',*,*,#5906,.T.);
#8043=ORIENTED_EDGE('',*,*,#5906,.F.);
#8044=ORIENTED_EDGE('',*,*,#5907,.F.);
#8045=ORIENTED_EDGE('',*,*,#5908,.F.);
#8046=ORIENTED_EDGE('',*,*,#5909,.F.);
#8047=ORIENTED_EDGE('',*,*,#5910,.F.);
#8048=ORIENTED_EDGE('',*,*,#5911,.T.);
#8049=ORIENTED_EDGE('',*,*,#5912,.F.);
#8050=ORIENTED_EDGE('',*,*,#5908,.T.);
#8051=ORIENTED_EDGE('',*,*,#5872,.F.);
#8052=ORIENTED_EDGE('',*,*,#5913,.F.);
#8053=ORIENTED_EDGE('',*,*,#5914,.F.);
#8054=ORIENTED_EDGE('',*,*,#5915,.F.);
#8055=ORIENTED_EDGE('',*,*,#5916,.F.);
#8056=ORIENTED_EDGE('',*,*,#5914,.T.);
#8057=ORIENTED_EDGE('',*,*,#5917,.F.);
#8058=ORIENTED_EDGE('',*,*,#5918,.T.);
#8059=ORIENTED_EDGE('',*,*,#5911,.F.);
#8060=ORIENTED_EDGE('',*,*,#5919,.F.);
#8061=ORIENTED_EDGE('',*,*,#5918,.F.);
#8062=ORIENTED_EDGE('',*,*,#5920,.F.);
#8063=ORIENTED_EDGE('',*,*,#5921,.F.);
#8064=ORIENTED_EDGE('',*,*,#5922,.F.);
#8065=ORIENTED_EDGE('',*,*,#5923,.F.);
#8066=ORIENTED_EDGE('',*,*,#5924,.F.);
#8067=ORIENTED_EDGE('',*,*,#5923,.T.);
#8068=ORIENTED_EDGE('',*,*,#5925,.F.);
#8069=ORIENTED_EDGE('',*,*,#5926,.T.);
#8070=ORIENTED_EDGE('',*,*,#5927,.F.);
#8071=ORIENTED_EDGE('',*,*,#5928,.T.);
#8072=ORIENTED_EDGE('',*,*,#5929,.F.);
#8073=ORIENTED_EDGE('',*,*,#5930,.T.);
#8074=ORIENTED_EDGE('',*,*,#5931,.T.);
#8075=ORIENTED_EDGE('',*,*,#5891,.T.);
#8076=ORIENTED_EDGE('',*,*,#5887,.T.);
#8077=ORIENTED_EDGE('',*,*,#5885,.T.);
#8078=ORIENTED_EDGE('',*,*,#5881,.T.);
#8079=ORIENTED_EDGE('',*,*,#5879,.T.);
#8080=ORIENTED_EDGE('',*,*,#5875,.T.);
#8081=ORIENTED_EDGE('',*,*,#5873,.T.);
#8082=ORIENTED_EDGE('',*,*,#5915,.T.);
#8083=ORIENTED_EDGE('',*,*,#5916,.T.);
#8084=ORIENTED_EDGE('',*,*,#5919,.T.);
#8085=ORIENTED_EDGE('',*,*,#5910,.T.);
#8086=ORIENTED_EDGE('',*,*,#5907,.T.);
#8087=ORIENTED_EDGE('',*,*,#5905,.T.);
#8088=ORIENTED_EDGE('',*,*,#5901,.T.);
#8089=ORIENTED_EDGE('',*,*,#5899,.T.);
#8090=ORIENTED_EDGE('',*,*,#5895,.T.);
#8091=ORIENTED_EDGE('',*,*,#5892,.T.);
#8092=ORIENTED_EDGE('',*,*,#5931,.F.);
#8093=ORIENTED_EDGE('',*,*,#5932,.T.);
#8094=ORIENTED_EDGE('',*,*,#5933,.F.);
#8095=ORIENTED_EDGE('',*,*,#5934,.T.);
#8096=ORIENTED_EDGE('',*,*,#5935,.F.);
#8097=ORIENTED_EDGE('',*,*,#5936,.T.);
#8098=ORIENTED_EDGE('',*,*,#5937,.F.);
#8099=ORIENTED_EDGE('',*,*,#5938,.T.);
#8100=ORIENTED_EDGE('',*,*,#5939,.F.);
#8101=ORIENTED_EDGE('',*,*,#5940,.T.);
#8102=ORIENTED_EDGE('',*,*,#5941,.F.);
#8103=ORIENTED_EDGE('',*,*,#5922,.T.);
#8104=ORIENTED_EDGE('',*,*,#5942,.F.);
#8105=ORIENTED_EDGE('',*,*,#5943,.T.);
#8106=ORIENTED_EDGE('',*,*,#5925,.T.);
#8107=ORIENTED_EDGE('',*,*,#5944,.F.);
#8108=ORIENTED_EDGE('',*,*,#5945,.F.);
#8109=ORIENTED_EDGE('',*,*,#5926,.F.);
#8110=ORIENTED_EDGE('',*,*,#5943,.F.);
#8111=ORIENTED_EDGE('',*,*,#5945,.T.);
#8112=ORIENTED_EDGE('',*,*,#5946,.F.);
#8113=ORIENTED_EDGE('',*,*,#5947,.T.);
#8114=ORIENTED_EDGE('',*,*,#5927,.T.);
#8115=ORIENTED_EDGE('',*,*,#5948,.F.);
#8116=ORIENTED_EDGE('',*,*,#5949,.F.);
#8117=ORIENTED_EDGE('',*,*,#5928,.F.);
#8118=ORIENTED_EDGE('',*,*,#5947,.F.);
#8119=ORIENTED_EDGE('',*,*,#5949,.T.);
#8120=ORIENTED_EDGE('',*,*,#5950,.F.);
#8121=ORIENTED_EDGE('',*,*,#5951,.T.);
#8122=ORIENTED_EDGE('',*,*,#5929,.T.);
#8123=ORIENTED_EDGE('',*,*,#5952,.F.);
#8124=ORIENTED_EDGE('',*,*,#5953,.F.);
#8125=ORIENTED_EDGE('',*,*,#5932,.F.);
#8126=ORIENTED_EDGE('',*,*,#5930,.F.);
#8127=ORIENTED_EDGE('',*,*,#5951,.F.);
#8128=ORIENTED_EDGE('',*,*,#5954,.F.);
#8129=ORIENTED_EDGE('',*,*,#5953,.T.);
#8130=ORIENTED_EDGE('',*,*,#5955,.F.);
#8131=ORIENTED_EDGE('',*,*,#5956,.T.);
#8132=ORIENTED_EDGE('',*,*,#5933,.T.);
#8133=ORIENTED_EDGE('',*,*,#5957,.F.);
#8134=ORIENTED_EDGE('',*,*,#5958,.F.);
#8135=ORIENTED_EDGE('',*,*,#5934,.F.);
#8136=ORIENTED_EDGE('',*,*,#5956,.F.);
#8137=ORIENTED_EDGE('',*,*,#5958,.T.);
#8138=ORIENTED_EDGE('',*,*,#5959,.F.);
#8139=ORIENTED_EDGE('',*,*,#5960,.T.);
#8140=ORIENTED_EDGE('',*,*,#5935,.T.);
#8141=ORIENTED_EDGE('',*,*,#5961,.F.);
#8142=ORIENTED_EDGE('',*,*,#5962,.F.);
#8143=ORIENTED_EDGE('',*,*,#5936,.F.);
#8144=ORIENTED_EDGE('',*,*,#5960,.F.);
#8145=ORIENTED_EDGE('',*,*,#5962,.T.);
#8146=ORIENTED_EDGE('',*,*,#5963,.F.);
#8147=ORIENTED_EDGE('',*,*,#5964,.T.);
#8148=ORIENTED_EDGE('',*,*,#5937,.T.);
#8149=ORIENTED_EDGE('',*,*,#5938,.F.);
#8150=ORIENTED_EDGE('',*,*,#5964,.F.);
#8151=ORIENTED_EDGE('',*,*,#5965,.F.);
#8152=ORIENTED_EDGE('',*,*,#5966,.F.);
#8153=ORIENTED_EDGE('',*,*,#5921,.T.);
#8154=ORIENTED_EDGE('',*,*,#5967,.T.);
#8155=ORIENTED_EDGE('',*,*,#5968,.T.);
#8156=ORIENTED_EDGE('',*,*,#5969,.T.);
#8157=ORIENTED_EDGE('',*,*,#5965,.T.);
#8158=ORIENTED_EDGE('',*,*,#5963,.T.);
#8159=ORIENTED_EDGE('',*,*,#5961,.T.);
#8160=ORIENTED_EDGE('',*,*,#5959,.T.);
#8161=ORIENTED_EDGE('',*,*,#5957,.T.);
#8162=ORIENTED_EDGE('',*,*,#5955,.T.);
#8163=ORIENTED_EDGE('',*,*,#5952,.T.);
#8164=ORIENTED_EDGE('',*,*,#5970,.T.);
#8165=ORIENTED_EDGE('',*,*,#5894,.T.);
#8166=ORIENTED_EDGE('',*,*,#5897,.T.);
#8167=ORIENTED_EDGE('',*,*,#5898,.T.);
#8168=ORIENTED_EDGE('',*,*,#5903,.T.);
#8169=ORIENTED_EDGE('',*,*,#5904,.T.);
#8170=ORIENTED_EDGE('',*,*,#5909,.T.);
#8171=ORIENTED_EDGE('',*,*,#5912,.T.);
#8172=ORIENTED_EDGE('',*,*,#5920,.T.);
#8173=ORIENTED_EDGE('',*,*,#5917,.T.);
#8174=ORIENTED_EDGE('',*,*,#5913,.T.);
#8175=ORIENTED_EDGE('',*,*,#5871,.T.);
#8176=ORIENTED_EDGE('',*,*,#5877,.T.);
#8177=ORIENTED_EDGE('',*,*,#5878,.T.);
#8178=ORIENTED_EDGE('',*,*,#5883,.T.);
#8179=ORIENTED_EDGE('',*,*,#5884,.T.);
#8180=ORIENTED_EDGE('',*,*,#5889,.T.);
#8181=ORIENTED_EDGE('',*,*,#5890,.T.);
#8182=ORIENTED_EDGE('',*,*,#5970,.F.);
#8183=ORIENTED_EDGE('',*,*,#5954,.T.);
#8184=ORIENTED_EDGE('',*,*,#5950,.T.);
#8185=ORIENTED_EDGE('',*,*,#5948,.T.);
#8186=ORIENTED_EDGE('',*,*,#5946,.T.);
#8187=ORIENTED_EDGE('',*,*,#5944,.T.);
#8188=ORIENTED_EDGE('',*,*,#5942,.T.);
#8189=ORIENTED_EDGE('',*,*,#5924,.T.);
#8190=ORIENTED_EDGE('',*,*,#5941,.T.);
#8191=ORIENTED_EDGE('',*,*,#5971,.T.);
#8192=ORIENTED_EDGE('',*,*,#5967,.F.);
#8193=ORIENTED_EDGE('',*,*,#5940,.F.);
#8194=ORIENTED_EDGE('',*,*,#5972,.F.);
#8195=ORIENTED_EDGE('',*,*,#5968,.F.);
#8196=ORIENTED_EDGE('',*,*,#5971,.F.);
#8197=ORIENTED_EDGE('',*,*,#5966,.T.);
#8198=ORIENTED_EDGE('',*,*,#5969,.F.);
#8199=ORIENTED_EDGE('',*,*,#5972,.T.);
#8200=ORIENTED_EDGE('',*,*,#5939,.T.);
#8201=ORIENTED_EDGE('',*,*,#5973,.T.);
#8202=ORIENTED_EDGE('',*,*,#5974,.T.);
#8203=ORIENTED_EDGE('',*,*,#5975,.T.);
#8204=ORIENTED_EDGE('',*,*,#5976,.T.);
#8205=ORIENTED_EDGE('',*,*,#5975,.F.);
#8206=ORIENTED_EDGE('',*,*,#5977,.T.);
#8207=ORIENTED_EDGE('',*,*,#5978,.F.);
#8208=ORIENTED_EDGE('',*,*,#5979,.T.);
#8209=ORIENTED_EDGE('',*,*,#5980,.F.);
#8210=ORIENTED_EDGE('',*,*,#5981,.T.);
#8211=ORIENTED_EDGE('',*,*,#5982,.F.);
#8212=ORIENTED_EDGE('',*,*,#5983,.T.);
#8213=ORIENTED_EDGE('',*,*,#5974,.F.);
#8214=ORIENTED_EDGE('',*,*,#5984,.F.);
#8215=ORIENTED_EDGE('',*,*,#5985,.T.);
#8216=ORIENTED_EDGE('',*,*,#5986,.T.);
#8217=ORIENTED_EDGE('',*,*,#5987,.T.);
#8218=ORIENTED_EDGE('',*,*,#5988,.F.);
#8219=ORIENTED_EDGE('',*,*,#5989,.F.);
#8220=ORIENTED_EDGE('',*,*,#5977,.F.);
#8221=ORIENTED_EDGE('',*,*,#5990,.T.);
#8222=ORIENTED_EDGE('',*,*,#5991,.T.);
#8223=ORIENTED_EDGE('',*,*,#5982,.T.);
#8224=ORIENTED_EDGE('',*,*,#5992,.T.);
#8225=ORIENTED_EDGE('',*,*,#5990,.F.);
#8226=ORIENTED_EDGE('',*,*,#5993,.T.);
#8227=ORIENTED_EDGE('',*,*,#5994,.T.);
#8228=ORIENTED_EDGE('',*,*,#5995,.T.);
#8229=ORIENTED_EDGE('',*,*,#5996,.T.);
#8230=ORIENTED_EDGE('',*,*,#5992,.F.);
#8231=ORIENTED_EDGE('',*,*,#5981,.F.);
#8232=ORIENTED_EDGE('',*,*,#5997,.F.);
#8233=ORIENTED_EDGE('',*,*,#5998,.F.);
#8234=ORIENTED_EDGE('',*,*,#5999,.T.);
#8235=ORIENTED_EDGE('',*,*,#6000,.T.);
#8236=ORIENTED_EDGE('',*,*,#6001,.T.);
#8237=ORIENTED_EDGE('',*,*,#5993,.F.);
#8238=ORIENTED_EDGE('',*,*,#6002,.T.);
#8239=ORIENTED_EDGE('',*,*,#5997,.T.);
#8240=ORIENTED_EDGE('',*,*,#5980,.T.);
#8241=ORIENTED_EDGE('',*,*,#6003,.T.);
#8242=ORIENTED_EDGE('',*,*,#6002,.F.);
#8243=ORIENTED_EDGE('',*,*,#6004,.T.);
#8244=ORIENTED_EDGE('',*,*,#6005,.T.);
#8245=ORIENTED_EDGE('',*,*,#6006,.T.);
#8246=ORIENTED_EDGE('',*,*,#5998,.T.);
#8247=ORIENTED_EDGE('',*,*,#6007,.T.);
#8248=ORIENTED_EDGE('',*,*,#6008,.T.);
#8249=ORIENTED_EDGE('',*,*,#5978,.T.);
#8250=ORIENTED_EDGE('',*,*,#5989,.T.);
#8251=ORIENTED_EDGE('',*,*,#6007,.F.);
#8252=ORIENTED_EDGE('',*,*,#5988,.T.);
#8253=ORIENTED_EDGE('',*,*,#6009,.T.);
#8254=ORIENTED_EDGE('',*,*,#6010,.T.);
#8255=ORIENTED_EDGE('',*,*,#6011,.T.);
#8256=ORIENTED_EDGE('',*,*,#6010,.F.);
#8257=ORIENTED_EDGE('',*,*,#6012,.T.);
#8258=ORIENTED_EDGE('',*,*,#6013,.T.);
#8259=ORIENTED_EDGE('',*,*,#6014,.F.);
#8260=ORIENTED_EDGE('',*,*,#6009,.F.);
#8261=ORIENTED_EDGE('',*,*,#5987,.F.);
#8262=ORIENTED_EDGE('',*,*,#6015,.T.);
#8263=ORIENTED_EDGE('',*,*,#6012,.F.);
#8264=ORIENTED_EDGE('',*,*,#6016,.F.);
#8265=ORIENTED_EDGE('',*,*,#6017,.T.);
#8266=ORIENTED_EDGE('',*,*,#6018,.T.);
#8267=ORIENTED_EDGE('',*,*,#5985,.F.);
#8268=ORIENTED_EDGE('',*,*,#6019,.F.);
#8269=ORIENTED_EDGE('',*,*,#6020,.F.);
#8270=ORIENTED_EDGE('',*,*,#6021,.T.);
#8271=ORIENTED_EDGE('',*,*,#6017,.F.);
#8272=ORIENTED_EDGE('',*,*,#5995,.F.);
#8273=ORIENTED_EDGE('',*,*,#6022,.T.);
#8274=ORIENTED_EDGE('',*,*,#6023,.T.);
#8275=ORIENTED_EDGE('',*,*,#6024,.F.);
#8276=ORIENTED_EDGE('',*,*,#5994,.F.);
#8277=ORIENTED_EDGE('',*,*,#6001,.F.);
#8278=ORIENTED_EDGE('',*,*,#6025,.T.);
#8279=ORIENTED_EDGE('',*,*,#6022,.F.);
#8280=ORIENTED_EDGE('',*,*,#6006,.F.);
#8281=ORIENTED_EDGE('',*,*,#6026,.T.);
#8282=ORIENTED_EDGE('',*,*,#6027,.T.);
#8283=ORIENTED_EDGE('',*,*,#5999,.F.);
#8284=ORIENTED_EDGE('',*,*,#6005,.F.);
#8285=ORIENTED_EDGE('',*,*,#6028,.F.);
#8286=ORIENTED_EDGE('',*,*,#6029,.T.);
#8287=ORIENTED_EDGE('',*,*,#6026,.F.);
#8288=ORIENTED_EDGE('',*,*,#6030,.F.);
#8289=ORIENTED_EDGE('',*,*,#6013,.F.);
#8290=ORIENTED_EDGE('',*,*,#6015,.F.);
#8291=ORIENTED_EDGE('',*,*,#5986,.F.);
#8292=ORIENTED_EDGE('',*,*,#6018,.F.);
#8293=ORIENTED_EDGE('',*,*,#6021,.F.);
#8294=ORIENTED_EDGE('',*,*,#6031,.F.);
#8295=ORIENTED_EDGE('',*,*,#6023,.F.);
#8296=ORIENTED_EDGE('',*,*,#6025,.F.);
#8297=ORIENTED_EDGE('',*,*,#6000,.F.);
#8298=ORIENTED_EDGE('',*,*,#6027,.F.);
#8299=ORIENTED_EDGE('',*,*,#6029,.F.);
#8300=ORIENTED_EDGE('',*,*,#5973,.F.);
#8301=ORIENTED_EDGE('',*,*,#6032,.T.);
#8302=ORIENTED_EDGE('',*,*,#6019,.T.);
#8303=ORIENTED_EDGE('',*,*,#6016,.T.);
#8304=ORIENTED_EDGE('',*,*,#5984,.T.);
#8305=ORIENTED_EDGE('',*,*,#6003,.F.);
#8306=ORIENTED_EDGE('',*,*,#5979,.F.);
#8307=ORIENTED_EDGE('',*,*,#6008,.F.);
#8308=ORIENTED_EDGE('',*,*,#6011,.F.);
#8309=ORIENTED_EDGE('',*,*,#6014,.T.);
#8310=ORIENTED_EDGE('',*,*,#6030,.T.);
#8311=ORIENTED_EDGE('',*,*,#6028,.T.);
#8312=ORIENTED_EDGE('',*,*,#6004,.F.);
#8313=ORIENTED_EDGE('',*,*,#5976,.F.);
#8314=ORIENTED_EDGE('',*,*,#5983,.F.);
#8315=ORIENTED_EDGE('',*,*,#5991,.F.);
#8316=ORIENTED_EDGE('',*,*,#5996,.F.);
#8317=ORIENTED_EDGE('',*,*,#6024,.T.);
#8318=ORIENTED_EDGE('',*,*,#6031,.T.);
#8319=ORIENTED_EDGE('',*,*,#6020,.T.);
#8320=ORIENTED_EDGE('',*,*,#6032,.F.);
#8321=ORIENTED_EDGE('',*,*,#6033,.T.);
#8322=ORIENTED_EDGE('',*,*,#6034,.T.);
#8323=ORIENTED_EDGE('',*,*,#6035,.T.);
#8324=ORIENTED_EDGE('',*,*,#6036,.T.);
#8325=ORIENTED_EDGE('',*,*,#6035,.F.);
#8326=ORIENTED_EDGE('',*,*,#6037,.F.);
#8327=ORIENTED_EDGE('',*,*,#6038,.T.);
#8328=ORIENTED_EDGE('',*,*,#6039,.T.);
#8329=ORIENTED_EDGE('',*,*,#6040,.F.);
#8330=ORIENTED_EDGE('',*,*,#6034,.F.);
#8331=ORIENTED_EDGE('',*,*,#6041,.F.);
#8332=ORIENTED_EDGE('',*,*,#6042,.T.);
#8333=ORIENTED_EDGE('',*,*,#6043,.F.);
#8334=ORIENTED_EDGE('',*,*,#6044,.F.);
#8335=ORIENTED_EDGE('',*,*,#6045,.F.);
#8336=ORIENTED_EDGE('',*,*,#6046,.F.);
#8337=ORIENTED_EDGE('',*,*,#6047,.T.);
#8338=ORIENTED_EDGE('',*,*,#6048,.F.);
#8339=ORIENTED_EDGE('',*,*,#6049,.T.);
#8340=ORIENTED_EDGE('',*,*,#6050,.T.);
#8341=ORIENTED_EDGE('',*,*,#6037,.T.);
#8342=ORIENTED_EDGE('',*,*,#6051,.T.);
#8343=ORIENTED_EDGE('',*,*,#6052,.T.);
#8344=ORIENTED_EDGE('',*,*,#6053,.T.);
#8345=ORIENTED_EDGE('',*,*,#6054,.T.);
#8346=ORIENTED_EDGE('',*,*,#6054,.F.);
#8347=ORIENTED_EDGE('',*,*,#6055,.T.);
#8348=ORIENTED_EDGE('',*,*,#6056,.F.);
#8349=ORIENTED_EDGE('',*,*,#6057,.T.);
#8350=ORIENTED_EDGE('',*,*,#6058,.T.);
#8351=ORIENTED_EDGE('',*,*,#6059,.T.);
#8352=ORIENTED_EDGE('',*,*,#6060,.F.);
#8353=ORIENTED_EDGE('',*,*,#6061,.F.);
#8354=ORIENTED_EDGE('',*,*,#6062,.T.);
#8355=ORIENTED_EDGE('',*,*,#6063,.F.);
#8356=ORIENTED_EDGE('',*,*,#6064,.F.);
#8357=ORIENTED_EDGE('',*,*,#6065,.F.);
#8358=ORIENTED_EDGE('',*,*,#6053,.F.);
#8359=ORIENTED_EDGE('',*,*,#6066,.F.);
#8360=ORIENTED_EDGE('',*,*,#6067,.T.);
#8361=ORIENTED_EDGE('',*,*,#6068,.T.);
#8362=ORIENTED_EDGE('',*,*,#6055,.F.);
#8363=ORIENTED_EDGE('',*,*,#6069,.T.);
#8364=ORIENTED_EDGE('',*,*,#6060,.T.);
#8365=ORIENTED_EDGE('',*,*,#6070,.T.);
#8366=ORIENTED_EDGE('',*,*,#6071,.T.);
#8367=ORIENTED_EDGE('',*,*,#6071,.F.);
#8368=ORIENTED_EDGE('',*,*,#6072,.T.);
#8369=ORIENTED_EDGE('',*,*,#6073,.F.);
#8370=ORIENTED_EDGE('',*,*,#6074,.T.);
#8371=ORIENTED_EDGE('',*,*,#6075,.T.);
#8372=ORIENTED_EDGE('',*,*,#6076,.T.);
#8373=ORIENTED_EDGE('',*,*,#6077,.F.);
#8374=ORIENTED_EDGE('',*,*,#6078,.F.);
#8375=ORIENTED_EDGE('',*,*,#6079,.T.);
#8376=ORIENTED_EDGE('',*,*,#6080,.F.);
#8377=ORIENTED_EDGE('',*,*,#6081,.F.);
#8378=ORIENTED_EDGE('',*,*,#6082,.F.);
#8379=ORIENTED_EDGE('',*,*,#6070,.F.);
#8380=ORIENTED_EDGE('',*,*,#6059,.F.);
#8381=ORIENTED_EDGE('',*,*,#6083,.T.);
#8382=ORIENTED_EDGE('',*,*,#6084,.T.);
#8383=ORIENTED_EDGE('',*,*,#6072,.F.);
#8384=ORIENTED_EDGE('',*,*,#6085,.T.);
#8385=ORIENTED_EDGE('',*,*,#6077,.T.);
#8386=ORIENTED_EDGE('',*,*,#6086,.T.);
#8387=ORIENTED_EDGE('',*,*,#6046,.T.);
#8388=ORIENTED_EDGE('',*,*,#6086,.F.);
#8389=ORIENTED_EDGE('',*,*,#6076,.F.);
#8390=ORIENTED_EDGE('',*,*,#6087,.T.);
#8391=ORIENTED_EDGE('',*,*,#6088,.T.);
#8392=ORIENTED_EDGE('',*,*,#6047,.F.);
#8393=ORIENTED_EDGE('',*,*,#6089,.F.);
#8394=ORIENTED_EDGE('',*,*,#6090,.T.);
#8395=ORIENTED_EDGE('',*,*,#6091,.F.);
#8396=ORIENTED_EDGE('',*,*,#6062,.F.);
#8397=ORIENTED_EDGE('',*,*,#6092,.F.);
#8398=ORIENTED_EDGE('',*,*,#6064,.T.);
#8399=ORIENTED_EDGE('',*,*,#6093,.F.);
#8400=ORIENTED_EDGE('',*,*,#6094,.F.);
#8401=ORIENTED_EDGE('',*,*,#6095,.F.);
#8402=ORIENTED_EDGE('',*,*,#6094,.T.);
#8403=ORIENTED_EDGE('',*,*,#6096,.F.);
#8404=ORIENTED_EDGE('',*,*,#6097,.F.);
#8405=ORIENTED_EDGE('',*,*,#6098,.F.);
#8406=ORIENTED_EDGE('',*,*,#6099,.T.);
#8407=ORIENTED_EDGE('',*,*,#6100,.F.);
#8408=ORIENTED_EDGE('',*,*,#6101,.F.);
#8409=ORIENTED_EDGE('',*,*,#6102,.F.);
#8410=ORIENTED_EDGE('',*,*,#6101,.T.);
#8411=ORIENTED_EDGE('',*,*,#6103,.F.);
#8412=ORIENTED_EDGE('',*,*,#6042,.F.);
#8413=ORIENTED_EDGE('',*,*,#6104,.F.);
#8414=ORIENTED_EDGE('',*,*,#6044,.T.);
#8415=ORIENTED_EDGE('',*,*,#6105,.F.);
#8416=ORIENTED_EDGE('',*,*,#6106,.F.);
#8417=ORIENTED_EDGE('',*,*,#6107,.F.);
#8418=ORIENTED_EDGE('',*,*,#6106,.T.);
#8419=ORIENTED_EDGE('',*,*,#6108,.F.);
#8420=ORIENTED_EDGE('',*,*,#6079,.F.);
#8421=ORIENTED_EDGE('',*,*,#6109,.F.);
#8422=ORIENTED_EDGE('',*,*,#6081,.T.);
#8423=ORIENTED_EDGE('',*,*,#6110,.F.);
#8424=ORIENTED_EDGE('',*,*,#6090,.F.);
#8425=ORIENTED_EDGE('',*,*,#6110,.T.);
#8426=ORIENTED_EDGE('',*,*,#6080,.T.);
#8427=ORIENTED_EDGE('',*,*,#6108,.T.);
#8428=ORIENTED_EDGE('',*,*,#6105,.T.);
#8429=ORIENTED_EDGE('',*,*,#6043,.T.);
#8430=ORIENTED_EDGE('',*,*,#6103,.T.);
#8431=ORIENTED_EDGE('',*,*,#6100,.T.);
#8432=ORIENTED_EDGE('',*,*,#6111,.T.);
#8433=ORIENTED_EDGE('',*,*,#6096,.T.);
#8434=ORIENTED_EDGE('',*,*,#6093,.T.);
#8435=ORIENTED_EDGE('',*,*,#6063,.T.);
#8436=ORIENTED_EDGE('',*,*,#6091,.T.);
#8437=ORIENTED_EDGE('',*,*,#6069,.F.);
#8438=ORIENTED_EDGE('',*,*,#6082,.T.);
#8439=ORIENTED_EDGE('',*,*,#6109,.T.);
#8440=ORIENTED_EDGE('',*,*,#6089,.T.);
#8441=ORIENTED_EDGE('',*,*,#6061,.T.);
#8442=ORIENTED_EDGE('',*,*,#6085,.F.);
#8443=ORIENTED_EDGE('',*,*,#6045,.T.);
#8444=ORIENTED_EDGE('',*,*,#6104,.T.);
#8445=ORIENTED_EDGE('',*,*,#6107,.T.);
#8446=ORIENTED_EDGE('',*,*,#6078,.T.);
#8447=ORIENTED_EDGE('',*,*,#6051,.F.);
#8448=ORIENTED_EDGE('',*,*,#6065,.T.);
#8449=ORIENTED_EDGE('',*,*,#6092,.T.);
#8450=ORIENTED_EDGE('',*,*,#6095,.T.);
#8451=ORIENTED_EDGE('',*,*,#6112,.T.);
#8452=ORIENTED_EDGE('',*,*,#6033,.F.);
#8453=ORIENTED_EDGE('',*,*,#6113,.T.);
#8454=ORIENTED_EDGE('',*,*,#6098,.T.);
#8455=ORIENTED_EDGE('',*,*,#6102,.T.);
#8456=ORIENTED_EDGE('',*,*,#6041,.T.);
#8457=ORIENTED_EDGE('',*,*,#6114,.T.);
#8458=ORIENTED_EDGE('',*,*,#6115,.T.);
#8459=ORIENTED_EDGE('',*,*,#6083,.F.);
#8460=ORIENTED_EDGE('',*,*,#6058,.F.);
#8461=ORIENTED_EDGE('',*,*,#6116,.T.);
#8462=ORIENTED_EDGE('',*,*,#6056,.T.);
#8463=ORIENTED_EDGE('',*,*,#6068,.F.);
#8464=ORIENTED_EDGE('',*,*,#6117,.F.);
#8465=ORIENTED_EDGE('',*,*,#6118,.T.);
#8466=ORIENTED_EDGE('',*,*,#6117,.T.);
#8467=ORIENTED_EDGE('',*,*,#6067,.F.);
#8468=ORIENTED_EDGE('',*,*,#6119,.F.);
#8469=ORIENTED_EDGE('',*,*,#6036,.F.);
#8470=ORIENTED_EDGE('',*,*,#6040,.T.);
#8471=ORIENTED_EDGE('',*,*,#6120,.F.);
#8472=ORIENTED_EDGE('',*,*,#6121,.T.);
#8473=ORIENTED_EDGE('',*,*,#6119,.T.);
#8474=ORIENTED_EDGE('',*,*,#6066,.T.);
#8475=ORIENTED_EDGE('',*,*,#6052,.F.);
#8476=ORIENTED_EDGE('',*,*,#6112,.F.);
#8477=ORIENTED_EDGE('',*,*,#6097,.T.);
#8478=ORIENTED_EDGE('',*,*,#6111,.F.);
#8479=ORIENTED_EDGE('',*,*,#6099,.F.);
#8480=ORIENTED_EDGE('',*,*,#6113,.F.);
#8481=ORIENTED_EDGE('',*,*,#6122,.T.);
#8482=ORIENTED_EDGE('',*,*,#6120,.T.);
#8483=ORIENTED_EDGE('',*,*,#6039,.F.);
#8484=ORIENTED_EDGE('',*,*,#6123,.F.);
#8485=ORIENTED_EDGE('',*,*,#6124,.T.);
#8486=ORIENTED_EDGE('',*,*,#6123,.T.);
#8487=ORIENTED_EDGE('',*,*,#6038,.F.);
#8488=ORIENTED_EDGE('',*,*,#6050,.F.);
#8489=ORIENTED_EDGE('',*,*,#6125,.T.);
#8490=ORIENTED_EDGE('',*,*,#6048,.T.);
#8491=ORIENTED_EDGE('',*,*,#6088,.F.);
#8492=ORIENTED_EDGE('',*,*,#6126,.F.);
#8493=ORIENTED_EDGE('',*,*,#6127,.T.);
#8494=ORIENTED_EDGE('',*,*,#6126,.T.);
#8495=ORIENTED_EDGE('',*,*,#6087,.F.);
#8496=ORIENTED_EDGE('',*,*,#6075,.F.);
#8497=ORIENTED_EDGE('',*,*,#6128,.T.);
#8498=ORIENTED_EDGE('',*,*,#6073,.T.);
#8499=ORIENTED_EDGE('',*,*,#6084,.F.);
#8500=ORIENTED_EDGE('',*,*,#6115,.F.);
#8501=ORIENTED_EDGE('',*,*,#6128,.F.);
#8502=ORIENTED_EDGE('',*,*,#6114,.F.);
#8503=ORIENTED_EDGE('',*,*,#6057,.F.);
#8504=ORIENTED_EDGE('',*,*,#6116,.F.);
#8505=ORIENTED_EDGE('',*,*,#6118,.F.);
#8506=ORIENTED_EDGE('',*,*,#6121,.F.);
#8507=ORIENTED_EDGE('',*,*,#6122,.F.);
#8508=ORIENTED_EDGE('',*,*,#6124,.F.);
#8509=ORIENTED_EDGE('',*,*,#6049,.F.);
#8510=ORIENTED_EDGE('',*,*,#6125,.F.);
#8511=ORIENTED_EDGE('',*,*,#6127,.F.);
#8512=ORIENTED_EDGE('',*,*,#6074,.F.);
#8513=ORIENTED_EDGE('',*,*,#6129,.F.);
#8514=ORIENTED_EDGE('',*,*,#6130,.T.);
#8515=ORIENTED_EDGE('',*,*,#6131,.F.);
#8516=ORIENTED_EDGE('',*,*,#6130,.F.);
#8517=ORIENTED_EDGE('',*,*,#6132,.F.);
#8518=ORIENTED_EDGE('',*,*,#6133,.T.);
#8519=ORIENTED_EDGE('',*,*,#6134,.F.);
#8520=ORIENTED_EDGE('',*,*,#6133,.F.);
#8521=ORIENTED_EDGE('',*,*,#6132,.T.);
#8522=ORIENTED_EDGE('',*,*,#6129,.T.);
#8523=ORIENTED_EDGE('',*,*,#6135,.T.);
#8524=ORIENTED_EDGE('',*,*,#6136,.T.);
#8525=ORIENTED_EDGE('',*,*,#6137,.T.);
#8526=ORIENTED_EDGE('',*,*,#6138,.T.);
#8527=ORIENTED_EDGE('',*,*,#6136,.F.);
#8528=ORIENTED_EDGE('',*,*,#6139,.F.);
#8529=ORIENTED_EDGE('',*,*,#6140,.T.);
#8530=ORIENTED_EDGE('',*,*,#6141,.T.);
#8531=ORIENTED_EDGE('',*,*,#6142,.T.);
#8532=ORIENTED_EDGE('',*,*,#6143,.F.);
#8533=ORIENTED_EDGE('',*,*,#6144,.F.);
#8534=ORIENTED_EDGE('',*,*,#6145,.F.);
#8535=ORIENTED_EDGE('',*,*,#6135,.F.);
#8536=ORIENTED_EDGE('',*,*,#6146,.T.);
#8537=ORIENTED_EDGE('',*,*,#6147,.T.);
#8538=ORIENTED_EDGE('',*,*,#6148,.T.);
#8539=ORIENTED_EDGE('',*,*,#6139,.T.);
#8540=ORIENTED_EDGE('',*,*,#6149,.T.);
#8541=ORIENTED_EDGE('',*,*,#6150,.T.);
#8542=ORIENTED_EDGE('',*,*,#6151,.T.);
#8543=ORIENTED_EDGE('',*,*,#6144,.T.);
#8544=ORIENTED_EDGE('',*,*,#6150,.F.);
#8545=ORIENTED_EDGE('',*,*,#6152,.F.);
#8546=ORIENTED_EDGE('',*,*,#6153,.T.);
#8547=ORIENTED_EDGE('',*,*,#6154,.T.);
#8548=ORIENTED_EDGE('',*,*,#6155,.T.);
#8549=ORIENTED_EDGE('',*,*,#6156,.F.);
#8550=ORIENTED_EDGE('',*,*,#6157,.F.);
#8551=ORIENTED_EDGE('',*,*,#6158,.F.);
#8552=ORIENTED_EDGE('',*,*,#6149,.F.);
#8553=ORIENTED_EDGE('',*,*,#6143,.T.);
#8554=ORIENTED_EDGE('',*,*,#6159,.T.);
#8555=ORIENTED_EDGE('',*,*,#6160,.T.);
#8556=ORIENTED_EDGE('',*,*,#6152,.T.);
#8557=ORIENTED_EDGE('',*,*,#6161,.T.);
#8558=ORIENTED_EDGE('',*,*,#6162,.T.);
#8559=ORIENTED_EDGE('',*,*,#6163,.T.);
#8560=ORIENTED_EDGE('',*,*,#6157,.T.);
#8561=ORIENTED_EDGE('',*,*,#6137,.F.);
#8562=ORIENTED_EDGE('',*,*,#6145,.T.);
#8563=ORIENTED_EDGE('',*,*,#6151,.F.);
#8564=ORIENTED_EDGE('',*,*,#6158,.T.);
#8565=ORIENTED_EDGE('',*,*,#6163,.F.);
#8566=ORIENTED_EDGE('',*,*,#6164,.T.);
#8567=ORIENTED_EDGE('',*,*,#6165,.F.);
#8568=ORIENTED_EDGE('',*,*,#6166,.T.);
#8569=ORIENTED_EDGE('',*,*,#6134,.T.);
#8570=ORIENTED_EDGE('',*,*,#6162,.F.);
#8571=ORIENTED_EDGE('',*,*,#6167,.F.);
#8572=ORIENTED_EDGE('',*,*,#6168,.T.);
#8573=ORIENTED_EDGE('',*,*,#6169,.T.);
#8574=ORIENTED_EDGE('',*,*,#6170,.T.);
#8575=ORIENTED_EDGE('',*,*,#6171,.F.);
#8576=ORIENTED_EDGE('',*,*,#6172,.F.);
#8577=ORIENTED_EDGE('',*,*,#6164,.F.);
#8578=ORIENTED_EDGE('',*,*,#6173,.T.);
#8579=ORIENTED_EDGE('',*,*,#6174,.T.);
#8580=ORIENTED_EDGE('',*,*,#6165,.T.);
#8581=ORIENTED_EDGE('',*,*,#6172,.T.);
#8582=ORIENTED_EDGE('',*,*,#6173,.F.);
#8583=ORIENTED_EDGE('',*,*,#6171,.T.);
#8584=ORIENTED_EDGE('',*,*,#6175,.T.);
#8585=ORIENTED_EDGE('',*,*,#6176,.T.);
#8586=ORIENTED_EDGE('',*,*,#6177,.T.);
#8587=ORIENTED_EDGE('',*,*,#6176,.F.);
#8588=ORIENTED_EDGE('',*,*,#6178,.T.);
#8589=ORIENTED_EDGE('',*,*,#6179,.T.);
#8590=ORIENTED_EDGE('',*,*,#6180,.F.);
#8591=ORIENTED_EDGE('',*,*,#6175,.F.);
#8592=ORIENTED_EDGE('',*,*,#6170,.F.);
#8593=ORIENTED_EDGE('',*,*,#6181,.T.);
#8594=ORIENTED_EDGE('',*,*,#6178,.F.);
#8595=ORIENTED_EDGE('',*,*,#6182,.F.);
#8596=ORIENTED_EDGE('',*,*,#6183,.T.);
#8597=ORIENTED_EDGE('',*,*,#6184,.T.);
#8598=ORIENTED_EDGE('',*,*,#6168,.F.);
#8599=ORIENTED_EDGE('',*,*,#6185,.F.);
#8600=ORIENTED_EDGE('',*,*,#6155,.F.);
#8601=ORIENTED_EDGE('',*,*,#6186,.T.);
#8602=ORIENTED_EDGE('',*,*,#6183,.F.);
#8603=ORIENTED_EDGE('',*,*,#6160,.F.);
#8604=ORIENTED_EDGE('',*,*,#6187,.T.);
#8605=ORIENTED_EDGE('',*,*,#6188,.T.);
#8606=ORIENTED_EDGE('',*,*,#6153,.F.);
#8607=ORIENTED_EDGE('',*,*,#6159,.F.);
#8608=ORIENTED_EDGE('',*,*,#6142,.F.);
#8609=ORIENTED_EDGE('',*,*,#6189,.T.);
#8610=ORIENTED_EDGE('',*,*,#6187,.F.);
#8611=ORIENTED_EDGE('',*,*,#6148,.F.);
#8612=ORIENTED_EDGE('',*,*,#6190,.T.);
#8613=ORIENTED_EDGE('',*,*,#6191,.T.);
#8614=ORIENTED_EDGE('',*,*,#6140,.F.);
#8615=ORIENTED_EDGE('',*,*,#6147,.F.);
#8616=ORIENTED_EDGE('',*,*,#6192,.F.);
#8617=ORIENTED_EDGE('',*,*,#6193,.T.);
#8618=ORIENTED_EDGE('',*,*,#6190,.F.);
#8619=ORIENTED_EDGE('',*,*,#6194,.F.);
#8620=ORIENTED_EDGE('',*,*,#6179,.F.);
#8621=ORIENTED_EDGE('',*,*,#6181,.F.);
#8622=ORIENTED_EDGE('',*,*,#6169,.F.);
#8623=ORIENTED_EDGE('',*,*,#6184,.F.);
#8624=ORIENTED_EDGE('',*,*,#6186,.F.);
#8625=ORIENTED_EDGE('',*,*,#6154,.F.);
#8626=ORIENTED_EDGE('',*,*,#6188,.F.);
#8627=ORIENTED_EDGE('',*,*,#6189,.F.);
#8628=ORIENTED_EDGE('',*,*,#6141,.F.);
#8629=ORIENTED_EDGE('',*,*,#6191,.F.);
#8630=ORIENTED_EDGE('',*,*,#6193,.F.);
#8631=ORIENTED_EDGE('',*,*,#6131,.T.);
#8632=ORIENTED_EDGE('',*,*,#6161,.F.);
#8633=ORIENTED_EDGE('',*,*,#6156,.T.);
#8634=ORIENTED_EDGE('',*,*,#6185,.T.);
#8635=ORIENTED_EDGE('',*,*,#6182,.T.);
#8636=ORIENTED_EDGE('',*,*,#6167,.T.);
#8637=ORIENTED_EDGE('',*,*,#6138,.F.);
#8638=ORIENTED_EDGE('',*,*,#6166,.F.);
#8639=ORIENTED_EDGE('',*,*,#6174,.F.);
#8640=ORIENTED_EDGE('',*,*,#6177,.F.);
#8641=ORIENTED_EDGE('',*,*,#6180,.T.);
#8642=ORIENTED_EDGE('',*,*,#6194,.T.);
#8643=ORIENTED_EDGE('',*,*,#6192,.T.);
#8644=ORIENTED_EDGE('',*,*,#6146,.F.);
#8645=ORIENTED_EDGE('',*,*,#6195,.F.);
#8646=ORIENTED_EDGE('',*,*,#6196,.T.);
#8647=ORIENTED_EDGE('',*,*,#6197,.T.);
#8648=ORIENTED_EDGE('',*,*,#6196,.F.);
#8649=ORIENTED_EDGE('',*,*,#6195,.T.);
#8650=ORIENTED_EDGE('',*,*,#6197,.F.);
#8651=ORIENTED_EDGE('',*,*,#6198,.F.);
#8652=ORIENTED_EDGE('',*,*,#6199,.F.);
#8653=ORIENTED_EDGE('',*,*,#6200,.F.);
#8654=ORIENTED_EDGE('',*,*,#6201,.T.);
#8655=ORIENTED_EDGE('',*,*,#6202,.F.);
#8656=ORIENTED_EDGE('',*,*,#6201,.F.);
#8657=ORIENTED_EDGE('',*,*,#6199,.T.);
#8658=ORIENTED_EDGE('',*,*,#6203,.F.);
#8659=ORIENTED_EDGE('',*,*,#6204,.F.);
#8660=ORIENTED_EDGE('',*,*,#6205,.F.);
#8661=ORIENTED_EDGE('',*,*,#6206,.T.);
#8662=ORIENTED_EDGE('',*,*,#6207,.F.);
#8663=ORIENTED_EDGE('',*,*,#6208,.F.);
#8664=ORIENTED_EDGE('',*,*,#6209,.F.);
#8665=ORIENTED_EDGE('',*,*,#6210,.F.);
#8666=ORIENTED_EDGE('',*,*,#6211,.T.);
#8667=ORIENTED_EDGE('',*,*,#6212,.F.);
#8668=ORIENTED_EDGE('',*,*,#6213,.F.);
#8669=ORIENTED_EDGE('',*,*,#6211,.F.);
#8670=ORIENTED_EDGE('',*,*,#6209,.T.);
#8671=ORIENTED_EDGE('',*,*,#6214,.F.);
#8672=ORIENTED_EDGE('',*,*,#6215,.T.);
#8673=ORIENTED_EDGE('',*,*,#6216,.F.);
#8674=ORIENTED_EDGE('',*,*,#6217,.F.);
#8675=ORIENTED_EDGE('',*,*,#6218,.F.);
#8676=ORIENTED_EDGE('',*,*,#6219,.F.);
#8677=ORIENTED_EDGE('',*,*,#6220,.T.);
#8678=ORIENTED_EDGE('',*,*,#6221,.F.);
#8679=ORIENTED_EDGE('',*,*,#6222,.F.);
#8680=ORIENTED_EDGE('',*,*,#6223,.F.);
#8681=ORIENTED_EDGE('',*,*,#6220,.F.);
#8682=ORIENTED_EDGE('',*,*,#6224,.F.);
#8683=ORIENTED_EDGE('',*,*,#6225,.F.);
#8684=ORIENTED_EDGE('',*,*,#6226,.T.);
#8685=ORIENTED_EDGE('',*,*,#6227,.F.);
#8686=ORIENTED_EDGE('',*,*,#6226,.F.);
#8687=ORIENTED_EDGE('',*,*,#6228,.F.);
#8688=ORIENTED_EDGE('',*,*,#6198,.T.);
#8689=ORIENTED_EDGE('',*,*,#6200,.T.);
#8690=ORIENTED_EDGE('',*,*,#6207,.T.);
#8691=ORIENTED_EDGE('',*,*,#6229,.T.);
#8692=ORIENTED_EDGE('',*,*,#6230,.T.);
#8693=ORIENTED_EDGE('',*,*,#6231,.T.);
#8694=ORIENTED_EDGE('',*,*,#6232,.T.);
#8695=ORIENTED_EDGE('',*,*,#6228,.T.);
#8696=ORIENTED_EDGE('',*,*,#6225,.T.);
#8697=ORIENTED_EDGE('',*,*,#6233,.T.);
#8698=ORIENTED_EDGE('',*,*,#6234,.F.);
#8699=ORIENTED_EDGE('',*,*,#6235,.T.);
#8700=ORIENTED_EDGE('',*,*,#6221,.T.);
#8701=ORIENTED_EDGE('',*,*,#6223,.T.);
#8702=ORIENTED_EDGE('',*,*,#6236,.T.);
#8703=ORIENTED_EDGE('',*,*,#6237,.T.);
#8704=ORIENTED_EDGE('',*,*,#6238,.T.);
#8705=ORIENTED_EDGE('',*,*,#6239,.T.);
#8706=ORIENTED_EDGE('',*,*,#6214,.T.);
#8707=ORIENTED_EDGE('',*,*,#6208,.T.);
#8708=ORIENTED_EDGE('',*,*,#6210,.T.);
#8709=ORIENTED_EDGE('',*,*,#6218,.T.);
#8710=ORIENTED_EDGE('',*,*,#6240,.F.);
#8711=ORIENTED_EDGE('',*,*,#6203,.T.);
#8712=ORIENTED_EDGE('',*,*,#6237,.F.);
#8713=ORIENTED_EDGE('',*,*,#6241,.F.);
#8714=ORIENTED_EDGE('',*,*,#6242,.F.);
#8715=ORIENTED_EDGE('',*,*,#6243,.F.);
#8716=ORIENTED_EDGE('',*,*,#6231,.F.);
#8717=ORIENTED_EDGE('',*,*,#6244,.F.);
#8718=ORIENTED_EDGE('',*,*,#6245,.F.);
#8719=ORIENTED_EDGE('',*,*,#6246,.F.);
#8720=ORIENTED_EDGE('',*,*,#6238,.F.);
#8721=ORIENTED_EDGE('',*,*,#6243,.T.);
#8722=ORIENTED_EDGE('',*,*,#6247,.F.);
#8723=ORIENTED_EDGE('',*,*,#6248,.T.);
#8724=ORIENTED_EDGE('',*,*,#6239,.F.);
#8725=ORIENTED_EDGE('',*,*,#6248,.F.);
#8726=ORIENTED_EDGE('',*,*,#6249,.F.);
#8727=ORIENTED_EDGE('',*,*,#6215,.F.);
#8728=ORIENTED_EDGE('',*,*,#6229,.F.);
#8729=ORIENTED_EDGE('',*,*,#6206,.F.);
#8730=ORIENTED_EDGE('',*,*,#6250,.F.);
#8731=ORIENTED_EDGE('',*,*,#6251,.F.);
#8732=ORIENTED_EDGE('',*,*,#6230,.F.);
#8733=ORIENTED_EDGE('',*,*,#6251,.T.);
#8734=ORIENTED_EDGE('',*,*,#6252,.F.);
#8735=ORIENTED_EDGE('',*,*,#6244,.T.);
#8736=ORIENTED_EDGE('',*,*,#6224,.T.);
#8737=ORIENTED_EDGE('',*,*,#6232,.F.);
#8738=ORIENTED_EDGE('',*,*,#6246,.T.);
#8739=ORIENTED_EDGE('',*,*,#6253,.F.);
#8740=ORIENTED_EDGE('',*,*,#6254,.F.);
#8741=ORIENTED_EDGE('',*,*,#6233,.F.);
#8742=ORIENTED_EDGE('',*,*,#6245,.T.);
#8743=ORIENTED_EDGE('',*,*,#6252,.T.);
#8744=ORIENTED_EDGE('',*,*,#6250,.T.);
#8745=ORIENTED_EDGE('',*,*,#6205,.T.);
#8746=ORIENTED_EDGE('',*,*,#6255,.F.);
#8747=ORIENTED_EDGE('',*,*,#6216,.T.);
#8748=ORIENTED_EDGE('',*,*,#6249,.T.);
#8749=ORIENTED_EDGE('',*,*,#6247,.T.);
#8750=ORIENTED_EDGE('',*,*,#6242,.T.);
#8751=ORIENTED_EDGE('',*,*,#6256,.T.);
#8752=ORIENTED_EDGE('',*,*,#6257,.F.);
#8753=ORIENTED_EDGE('',*,*,#6253,.T.);
#8754=ORIENTED_EDGE('',*,*,#6202,.T.);
#8755=ORIENTED_EDGE('',*,*,#6212,.T.);
#8756=ORIENTED_EDGE('',*,*,#6213,.T.);
#8757=ORIENTED_EDGE('',*,*,#6227,.T.);
#8758=ORIENTED_EDGE('',*,*,#6219,.T.);
#8759=ORIENTED_EDGE('',*,*,#6222,.T.);
#8760=ORIENTED_EDGE('',*,*,#6235,.F.);
#8761=ORIENTED_EDGE('',*,*,#6258,.F.);
#8762=ORIENTED_EDGE('',*,*,#6256,.F.);
#8763=ORIENTED_EDGE('',*,*,#6241,.T.);
#8764=ORIENTED_EDGE('',*,*,#6236,.F.);
#8765=ORIENTED_EDGE('',*,*,#6204,.T.);
#8766=ORIENTED_EDGE('',*,*,#6240,.T.);
#8767=ORIENTED_EDGE('',*,*,#6217,.T.);
#8768=ORIENTED_EDGE('',*,*,#6255,.T.);
#8769=ORIENTED_EDGE('',*,*,#6254,.T.);
#8770=ORIENTED_EDGE('',*,*,#6257,.T.);
#8771=ORIENTED_EDGE('',*,*,#6258,.T.);
#8772=ORIENTED_EDGE('',*,*,#6234,.T.);
#8773=ORIENTED_EDGE('',*,*,#6259,.F.);
#8774=ORIENTED_EDGE('',*,*,#6260,.T.);
#8775=ORIENTED_EDGE('',*,*,#6261,.T.);
#8776=ORIENTED_EDGE('',*,*,#6260,.F.);
#8777=ORIENTED_EDGE('',*,*,#6261,.F.);
#8778=ORIENTED_EDGE('',*,*,#6262,.F.);
#8779=ORIENTED_EDGE('',*,*,#6263,.T.);
#8780=ORIENTED_EDGE('',*,*,#6264,.T.);
#8781=ORIENTED_EDGE('',*,*,#6263,.F.);
#8782=ORIENTED_EDGE('',*,*,#6264,.F.);
#8783=ORIENTED_EDGE('',*,*,#6265,.F.);
#8784=ORIENTED_EDGE('',*,*,#6266,.T.);
#8785=ORIENTED_EDGE('',*,*,#6267,.T.);
#8786=ORIENTED_EDGE('',*,*,#6266,.F.);
#8787=ORIENTED_EDGE('',*,*,#6267,.F.);
#8788=ORIENTED_EDGE('',*,*,#6268,.F.);
#8789=ORIENTED_EDGE('',*,*,#6269,.T.);
#8790=ORIENTED_EDGE('',*,*,#6270,.T.);
#8791=ORIENTED_EDGE('',*,*,#6269,.F.);
#8792=ORIENTED_EDGE('',*,*,#6270,.F.);
#8793=ORIENTED_EDGE('',*,*,#6271,.F.);
#8794=ORIENTED_EDGE('',*,*,#6272,.T.);
#8795=ORIENTED_EDGE('',*,*,#6273,.T.);
#8796=ORIENTED_EDGE('',*,*,#6272,.F.);
#8797=ORIENTED_EDGE('',*,*,#6273,.F.);
#8798=ORIENTED_EDGE('',*,*,#6274,.F.);
#8799=ORIENTED_EDGE('',*,*,#6275,.T.);
#8800=ORIENTED_EDGE('',*,*,#6276,.T.);
#8801=ORIENTED_EDGE('',*,*,#6275,.F.);
#8802=ORIENTED_EDGE('',*,*,#6276,.F.);
#8803=ORIENTED_EDGE('',*,*,#6277,.F.);
#8804=ORIENTED_EDGE('',*,*,#6278,.T.);
#8805=ORIENTED_EDGE('',*,*,#6279,.T.);
#8806=ORIENTED_EDGE('',*,*,#6278,.F.);
#8807=ORIENTED_EDGE('',*,*,#6279,.F.);
#8808=ORIENTED_EDGE('',*,*,#6280,.F.);
#8809=ORIENTED_EDGE('',*,*,#6281,.T.);
#8810=ORIENTED_EDGE('',*,*,#6282,.T.);
#8811=ORIENTED_EDGE('',*,*,#6281,.F.);
#8812=ORIENTED_EDGE('',*,*,#6282,.F.);
#8813=ORIENTED_EDGE('',*,*,#6283,.F.);
#8814=ORIENTED_EDGE('',*,*,#6284,.T.);
#8815=ORIENTED_EDGE('',*,*,#6285,.F.);
#8816=ORIENTED_EDGE('',*,*,#6284,.F.);
#8817=ORIENTED_EDGE('',*,*,#6286,.F.);
#8818=ORIENTED_EDGE('',*,*,#6287,.T.);
#8819=ORIENTED_EDGE('',*,*,#6288,.F.);
#8820=ORIENTED_EDGE('',*,*,#6287,.F.);
#8821=ORIENTED_EDGE('',*,*,#6289,.F.);
#8822=ORIENTED_EDGE('',*,*,#6290,.T.);
#8823=ORIENTED_EDGE('',*,*,#6291,.F.);
#8824=ORIENTED_EDGE('',*,*,#6290,.F.);
#8825=ORIENTED_EDGE('',*,*,#6292,.T.);
#8826=ORIENTED_EDGE('',*,*,#6293,.T.);
#8827=ORIENTED_EDGE('',*,*,#6294,.T.);
#8828=ORIENTED_EDGE('',*,*,#6295,.T.);
#8829=ORIENTED_EDGE('',*,*,#6285,.T.);
#8830=ORIENTED_EDGE('',*,*,#6288,.T.);
#8831=ORIENTED_EDGE('',*,*,#6291,.T.);
#8832=ORIENTED_EDGE('',*,*,#6296,.F.);
#8833=ORIENTED_EDGE('',*,*,#6297,.F.);
#8834=ORIENTED_EDGE('',*,*,#6298,.F.);
#8835=ORIENTED_EDGE('',*,*,#6293,.F.);
#8836=ORIENTED_EDGE('',*,*,#6271,.T.);
#8837=ORIENTED_EDGE('',*,*,#6274,.T.);
#8838=ORIENTED_EDGE('',*,*,#6277,.T.);
#8839=ORIENTED_EDGE('',*,*,#6280,.T.);
#8840=ORIENTED_EDGE('',*,*,#6298,.T.);
#8841=ORIENTED_EDGE('',*,*,#6299,.F.);
#8842=ORIENTED_EDGE('',*,*,#6300,.F.);
#8843=ORIENTED_EDGE('',*,*,#6294,.F.);
#8844=ORIENTED_EDGE('',*,*,#6300,.T.);
#8845=ORIENTED_EDGE('',*,*,#6301,.F.);
#8846=ORIENTED_EDGE('',*,*,#6302,.F.);
#8847=ORIENTED_EDGE('',*,*,#6295,.F.);
#8848=ORIENTED_EDGE('',*,*,#6259,.T.);
#8849=ORIENTED_EDGE('',*,*,#6262,.T.);
#8850=ORIENTED_EDGE('',*,*,#6265,.T.);
#8851=ORIENTED_EDGE('',*,*,#6268,.T.);
#8852=ORIENTED_EDGE('',*,*,#6302,.T.);
#8853=ORIENTED_EDGE('',*,*,#6303,.F.);
#8854=ORIENTED_EDGE('',*,*,#6296,.T.);
#8855=ORIENTED_EDGE('',*,*,#6292,.F.);
#8856=ORIENTED_EDGE('',*,*,#6303,.T.);
#8857=ORIENTED_EDGE('',*,*,#6301,.T.);
#8858=ORIENTED_EDGE('',*,*,#6299,.T.);
#8859=ORIENTED_EDGE('',*,*,#6297,.T.);
#8860=ORIENTED_EDGE('',*,*,#6283,.T.);
#8861=ORIENTED_EDGE('',*,*,#6286,.T.);
#8862=ORIENTED_EDGE('',*,*,#6289,.T.);
#8863=ORIENTED_EDGE('',*,*,#6304,.F.);
#8864=ORIENTED_EDGE('',*,*,#6305,.T.);
#8865=ORIENTED_EDGE('',*,*,#6306,.F.);
#8866=ORIENTED_EDGE('',*,*,#6305,.F.);
#8867=ORIENTED_EDGE('',*,*,#6304,.T.);
#8868=ORIENTED_EDGE('',*,*,#6307,.F.);
#8869=ORIENTED_EDGE('',*,*,#6308,.T.);
#8870=ORIENTED_EDGE('',*,*,#6309,.F.);
#8871=ORIENTED_EDGE('',*,*,#6308,.F.);
#8872=ORIENTED_EDGE('',*,*,#6307,.T.);
#8873=ORIENTED_EDGE('',*,*,#6310,.T.);
#8874=ORIENTED_EDGE('',*,*,#6306,.T.);
#8875=ORIENTED_EDGE('',*,*,#6311,.F.);
#8876=ORIENTED_EDGE('',*,*,#6312,.T.);
#8877=ORIENTED_EDGE('',*,*,#6310,.F.);
#8878=ORIENTED_EDGE('',*,*,#6312,.F.);
#8879=ORIENTED_EDGE('',*,*,#6311,.T.);
#8880=ORIENTED_EDGE('',*,*,#6309,.T.);
#8881=CYLINDRICAL_SURFACE('',#9698,3.2);
#8882=CYLINDRICAL_SURFACE('',#9701,5.25);
#8883=CYLINDRICAL_SURFACE('',#9707,3.38975);
#8884=CYLINDRICAL_SURFACE('',#9710,2.5175);
#8885=CYLINDRICAL_SURFACE('',#9713,2.5175);
#8886=CYLINDRICAL_SURFACE('',#9716,2.5175);
#8887=CYLINDRICAL_SURFACE('',#9719,2.5175);
#8888=CYLINDRICAL_SURFACE('',#9722,2.5175);
#8889=CYLINDRICAL_SURFACE('',#9725,2.5175);
#8890=CYLINDRICAL_SURFACE('',#9741,12.5);
#8891=CYLINDRICAL_SURFACE('',#9754,4.);
#8892=CYLINDRICAL_SURFACE('',#9759,3.99999999999999);
#8893=CYLINDRICAL_SURFACE('',#9764,4.);
#8894=CYLINDRICAL_SURFACE('',#9769,4.);
#8895=CYLINDRICAL_SURFACE('',#9774,1.25);
#8896=CYLINDRICAL_SURFACE('',#9777,1.25);
#8897=CYLINDRICAL_SURFACE('',#9780,1.25);
#8898=CYLINDRICAL_SURFACE('',#9783,1.25);
#8899=CYLINDRICAL_SURFACE('',#9786,4.);
#8900=CYLINDRICAL_SURFACE('',#9790,3.99999999999999);
#8901=CYLINDRICAL_SURFACE('',#9794,11.);
#8902=CYLINDRICAL_SURFACE('',#9797,3.);
#8903=CYLINDRICAL_SURFACE('',#9799,3.);
#8904=CYLINDRICAL_SURFACE('',#9801,3.00000000000001);
#8905=CYLINDRICAL_SURFACE('',#9803,3.);
#8906=CYLINDRICAL_SURFACE('',#9812,2.5175);
#8907=CYLINDRICAL_SURFACE('',#9815,2.5175);
#8908=CYLINDRICAL_SURFACE('',#9819,2.5175);
#8909=CYLINDRICAL_SURFACE('',#9822,2.5175);
#8910=CYLINDRICAL_SURFACE('',#9826,2.5175);
#8911=CYLINDRICAL_SURFACE('',#9829,2.5175);
#8912=CYLINDRICAL_SURFACE('',#9833,2.5175);
#8913=CYLINDRICAL_SURFACE('',#9836,2.5175);
#8914=CYLINDRICAL_SURFACE('',#9840,2.5175);
#8915=CYLINDRICAL_SURFACE('',#9843,2.5175);
#8916=CYLINDRICAL_SURFACE('',#9847,2.5175);
#8917=CYLINDRICAL_SURFACE('',#9850,2.5175);
#8918=CYLINDRICAL_SURFACE('',#9854,2.5175);
#8919=CYLINDRICAL_SURFACE('',#9857,2.5175);
#8920=CYLINDRICAL_SURFACE('',#9861,2.5175);
#8921=CYLINDRICAL_SURFACE('',#9864,2.5175);
#8922=CYLINDRICAL_SURFACE('',#9913,3.);
#8923=CYLINDRICAL_SURFACE('',#9915,3.);
#8924=CYLINDRICAL_SURFACE('',#9917,3.);
#8925=CYLINDRICAL_SURFACE('',#9919,3.);
#8926=CYLINDRICAL_SURFACE('',#10023,4.);
#8927=CYLINDRICAL_SURFACE('',#10028,4.);
#8928=CYLINDRICAL_SURFACE('',#10033,4.);
#8929=CYLINDRICAL_SURFACE('',#10038,4.);
#8930=CYLINDRICAL_SURFACE('',#10043,4.);
#8931=CYLINDRICAL_SURFACE('',#10047,4.);
#8932=CYLINDRICAL_SURFACE('',#10051,3.00000000000001);
#8933=CYLINDRICAL_SURFACE('',#10053,3.);
#8934=CYLINDRICAL_SURFACE('',#10055,3.);
#8935=CYLINDRICAL_SURFACE('',#10057,3.);
#8936=CYLINDRICAL_SURFACE('',#10059,7.5);
#8937=CYLINDRICAL_SURFACE('',#10072,3.);
#8938=CYLINDRICAL_SURFACE('',#10079,4.);
#8939=CYLINDRICAL_SURFACE('',#10091,4.);
#8940=CYLINDRICAL_SURFACE('',#10103,4.);
#8941=CYLINDRICAL_SURFACE('',#10105,4.);
#8942=CYLINDRICAL_SURFACE('',#10107,7.5);
#8943=CYLINDRICAL_SURFACE('',#10118,3.00000000000001);
#8944=CYLINDRICAL_SURFACE('',#10122,4.49999999999999);
#8945=CYLINDRICAL_SURFACE('',#10129,4.49999999999999);
#8946=CYLINDRICAL_SURFACE('',#10136,6.00000000000001);
#8947=CYLINDRICAL_SURFACE('',#10140,7.5);
#8948=CYLINDRICAL_SURFACE('',#10144,6.00000000000001);
#8949=CYLINDRICAL_SURFACE('',#10212,5.);
#8950=CYLINDRICAL_SURFACE('',#10251,5.25);
#8951=CYLINDRICAL_SURFACE('',#10310,5.25);
#8952=CYLINDRICAL_SURFACE('',#10349,4.99999913387001);
#8953=CYLINDRICAL_SURFACE('',#10445,2.99999999999999);
#8954=CYLINDRICAL_SURFACE('',#10448,11.);
#8955=CYLINDRICAL_SURFACE('',#10475,2.99999999999999);
#8956=CYLINDRICAL_SURFACE('',#10489,2.49999996572733);
#8957=CYLINDRICAL_SURFACE('',#10492,2.49999996572733);
#8958=CYLINDRICAL_SURFACE('',#10495,2.49999996572733);
#8959=CYLINDRICAL_SURFACE('',#10497,2.49999996572733);
#8960=CYLINDRICAL_SURFACE('',#10499,3.5);
#8961=CYLINDRICAL_SURFACE('',#10517,7.);
#8962=CYLINDRICAL_SURFACE('',#10524,2.5175);
#8963=CYLINDRICAL_SURFACE('',#10528,2.5175);
#8964=CYLINDRICAL_SURFACE('',#10532,2.5175);
#8965=CYLINDRICAL_SURFACE('',#10536,2.5175);
#8966=CYLINDRICAL_SURFACE('',#10540,2.5175);
#8967=CYLINDRICAL_SURFACE('',#10544,2.5175);
#8968=CYLINDRICAL_SURFACE('',#10548,2.5175);
#8969=CYLINDRICAL_SURFACE('',#10552,2.5175);
#8970=CYLINDRICAL_SURFACE('',#10556,4.);
#8971=CYLINDRICAL_SURFACE('',#10559,4.);
#8972=CYLINDRICAL_SURFACE('',#10562,6.01125);
#8973=CYLINDRICAL_SURFACE('',#10572,3.);
#8974=CYLINDRICAL_SURFACE('',#10576,3.);
#8975=CYLINDRICAL_SURFACE('',#10582,5.91675);
#8976=ADVANCED_FACE('',(#965),#8881,.F.);
#8977=ADVANCED_FACE('',(#966),#8882,.T.);
#8978=ADVANCED_FACE('',(#967,#474),#605,.T.);
#8979=ADVANCED_FACE('',(#968,#475),#606,.F.);
#8980=ADVANCED_FACE('',(#969),#8883,.F.);
#8981=ADVANCED_FACE('',(#970),#8884,.F.);
#8982=ADVANCED_FACE('',(#971),#8885,.F.);
#8983=ADVANCED_FACE('',(#972),#8886,.F.);
#8984=ADVANCED_FACE('',(#973),#8887,.F.);
#8985=ADVANCED_FACE('',(#974),#8888,.F.);
#8986=ADVANCED_FACE('',(#975),#8889,.F.);
#8987=ADVANCED_FACE('',(#976),#607,.T.);
#8988=ADVANCED_FACE('',(#977,#476,#477,#478),#608,.T.);
#8989=ADVANCED_FACE('',(#978,#479,#480,#481),#609,.F.);
#8990=ADVANCED_FACE('',(#979),#610,.T.);
#8991=ADVANCED_FACE('',(#980),#611,.F.);
#8992=ADVANCED_FACE('',(#981),#612,.T.);
#8993=ADVANCED_FACE('',(#982),#613,.T.);
#8994=ADVANCED_FACE('',(#983),#614,.T.);
#8995=ADVANCED_FACE('',(#984,#482,#483,#484,#485),#615,.T.);
#8996=ADVANCED_FACE('',(#985,#486,#487,#488,#489),#616,.F.);
#8997=ADVANCED_FACE('',(#986),#381,.F.);
#8998=ADVANCED_FACE('',(#987),#8890,.F.);
#8999=ADVANCED_FACE('',(#988,#490),#617,.T.);
#9000=ADVANCED_FACE('',(#989),#618,.T.);
#9001=ADVANCED_FACE('',(#990),#619,.T.);
#9002=ADVANCED_FACE('',(#991),#620,.T.);
#9003=ADVANCED_FACE('',(#992),#621,.T.);
#9004=ADVANCED_FACE('',(#993),#622,.T.);
#9005=ADVANCED_FACE('',(#994,#491),#623,.T.);
#9006=ADVANCED_FACE('',(#995),#8891,.F.);
#9007=ADVANCED_FACE('',(#996,#492),#624,.T.);
#9008=ADVANCED_FACE('',(#997),#8892,.F.);
#9009=ADVANCED_FACE('',(#998,#493),#625,.T.);
#9010=ADVANCED_FACE('',(#999),#8893,.F.);
#9011=ADVANCED_FACE('',(#1000,#494),#626,.T.);
#9012=ADVANCED_FACE('',(#1001),#8894,.F.);
#9013=ADVANCED_FACE('',(#1002,#495),#627,.T.);
#9014=ADVANCED_FACE('',(#1003),#8895,.F.);
#9015=ADVANCED_FACE('',(#1004),#8896,.F.);
#9016=ADVANCED_FACE('',(#1005),#8897,.F.);
#9017=ADVANCED_FACE('',(#1006),#8898,.F.);
#9018=ADVANCED_FACE('',(#1007),#8899,.F.);
#9019=ADVANCED_FACE('',(#1008),#628,.T.);
#9020=ADVANCED_FACE('',(#1009),#8900,.F.);
#9021=ADVANCED_FACE('',(#1010),#629,.T.);
#9022=ADVANCED_FACE('',(#1011),#8901,.F.);
#9023=ADVANCED_FACE('',(#1012),#8902,.F.);
#9024=ADVANCED_FACE('',(#1013),#8903,.F.);
#9025=ADVANCED_FACE('',(#1014),#8904,.F.);
#9026=ADVANCED_FACE('',(#1015),#8905,.F.);
#9027=ADVANCED_FACE('',(#1016,#496,#497,#498,#499,#500,#501,#502,#503,#504),
#630,.T.);
#9028=ADVANCED_FACE('',(#1017),#631,.T.);
#9029=ADVANCED_FACE('',(#1018),#632,.T.);
#9030=ADVANCED_FACE('',(#1019),#633,.T.);
#9031=ADVANCED_FACE('',(#1020),#634,.T.);
#9032=ADVANCED_FACE('',(#1021,#505,#506,#507,#508,#509,#510,#511,#512,#513,
#514,#515),#635,.T.);
#9033=ADVANCED_FACE('',(#1022),#8906,.F.);
#9034=ADVANCED_FACE('',(#1023),#8907,.F.);
#9035=ADVANCED_FACE('',(#1024),#636,.F.);
#9036=ADVANCED_FACE('',(#1025),#8908,.F.);
#9037=ADVANCED_FACE('',(#1026),#8909,.F.);
#9038=ADVANCED_FACE('',(#1027),#637,.F.);
#9039=ADVANCED_FACE('',(#1028),#8910,.F.);
#9040=ADVANCED_FACE('',(#1029),#8911,.F.);
#9041=ADVANCED_FACE('',(#1030),#638,.F.);
#9042=ADVANCED_FACE('',(#1031),#8912,.F.);
#9043=ADVANCED_FACE('',(#1032),#8913,.F.);
#9044=ADVANCED_FACE('',(#1033),#639,.F.);
#9045=ADVANCED_FACE('',(#1034),#8914,.F.);
#9046=ADVANCED_FACE('',(#1035),#8915,.F.);
#9047=ADVANCED_FACE('',(#1036),#640,.F.);
#9048=ADVANCED_FACE('',(#1037),#8916,.F.);
#9049=ADVANCED_FACE('',(#1038),#8917,.F.);
#9050=ADVANCED_FACE('',(#1039),#641,.F.);
#9051=ADVANCED_FACE('',(#1040),#8918,.F.);
#9052=ADVANCED_FACE('',(#1041),#8919,.F.);
#9053=ADVANCED_FACE('',(#1042),#642,.F.);
#9054=ADVANCED_FACE('',(#1043),#8920,.F.);
#9055=ADVANCED_FACE('',(#1044),#8921,.F.);
#9056=ADVANCED_FACE('',(#1045),#643,.F.);
#9057=ADVANCED_FACE('',(#1046),#644,.T.);
#9058=ADVANCED_FACE('',(#1047),#645,.F.);
#9059=ADVANCED_FACE('',(#1048,#516,#517,#518,#519,#520,#521,#522),#646,
 .T.);
#9060=ADVANCED_FACE('',(#1049),#647,.T.);
#9061=ADVANCED_FACE('',(#1050),#648,.F.);
#9062=ADVANCED_FACE('',(#1051),#649,.T.);
#9063=ADVANCED_FACE('',(#1052),#650,.F.);
#9064=ADVANCED_FACE('',(#1053),#651,.T.);
#9065=ADVANCED_FACE('',(#1054),#652,.F.);
#9066=ADVANCED_FACE('',(#1055),#653,.T.);
#9067=ADVANCED_FACE('',(#1056),#654,.F.);
#9068=ADVANCED_FACE('',(#1057),#655,.T.);
#9069=ADVANCED_FACE('',(#1058),#656,.F.);
#9070=ADVANCED_FACE('',(#1059),#657,.T.);
#9071=ADVANCED_FACE('',(#1060),#658,.F.);
#9072=ADVANCED_FACE('',(#1061),#659,.T.);
#9073=ADVANCED_FACE('',(#1062),#660,.F.);
#9074=ADVANCED_FACE('',(#1063),#661,.T.);
#9075=ADVANCED_FACE('',(#1064),#662,.F.);
#9076=ADVANCED_FACE('',(#1065),#663,.T.);
#9077=ADVANCED_FACE('',(#1066),#664,.F.);
#9078=ADVANCED_FACE('',(#1067),#665,.T.);
#9079=ADVANCED_FACE('',(#1068),#666,.F.);
#9080=ADVANCED_FACE('',(#1069),#667,.T.);
#9081=ADVANCED_FACE('',(#1070),#668,.F.);
#9082=ADVANCED_FACE('',(#1071),#669,.T.);
#9083=ADVANCED_FACE('',(#1072),#670,.F.);
#9084=ADVANCED_FACE('',(#1073),#671,.T.);
#9085=ADVANCED_FACE('',(#1074),#672,.F.);
#9086=ADVANCED_FACE('',(#1075),#673,.T.);
#9087=ADVANCED_FACE('',(#1076),#674,.F.);
#9088=ADVANCED_FACE('',(#1077),#675,.T.);
#9089=ADVANCED_FACE('',(#1078),#676,.F.);
#9090=ADVANCED_FACE('',(#1079),#677,.T.);
#9091=ADVANCED_FACE('',(#1080),#678,.F.);
#9092=ADVANCED_FACE('',(#1081),#679,.T.);
#9093=ADVANCED_FACE('',(#1082),#680,.F.);
#9094=ADVANCED_FACE('',(#1083),#681,.T.);
#9095=ADVANCED_FACE('',(#1084),#682,.F.);
#9096=ADVANCED_FACE('',(#1085),#683,.T.);
#9097=ADVANCED_FACE('',(#1086),#684,.F.);
#9098=ADVANCED_FACE('',(#1087),#8922,.F.);
#9099=ADVANCED_FACE('',(#1088),#8923,.F.);
#9100=ADVANCED_FACE('',(#1089),#8924,.F.);
#9101=ADVANCED_FACE('',(#1090),#8925,.F.);
#9102=ADVANCED_FACE('',(#1091),#685,.F.);
#9103=ADVANCED_FACE('',(#1092),#686,.F.);
#9104=ADVANCED_FACE('',(#1093),#687,.F.);
#9105=ADVANCED_FACE('',(#1094),#688,.F.);
#9106=ADVANCED_FACE('',(#1095),#689,.F.);
#9107=ADVANCED_FACE('',(#1096),#690,.F.);
#9108=ADVANCED_FACE('',(#1097),#691,.F.);
#9109=ADVANCED_FACE('',(#1098),#692,.F.);
#9110=ADVANCED_FACE('',(#1099),#693,.F.);
#9111=ADVANCED_FACE('',(#1100),#694,.F.);
#9112=ADVANCED_FACE('',(#1101,#523,#524,#525,#526),#695,.F.);
#9113=ADVANCED_FACE('',(#1102),#696,.F.);
#9114=ADVANCED_FACE('',(#1103),#697,.F.);
#9115=ADVANCED_FACE('',(#1104),#698,.F.);
#9116=ADVANCED_FACE('',(#1105),#699,.F.);
#9117=ADVANCED_FACE('',(#1106),#700,.F.);
#9118=ADVANCED_FACE('',(#1107,#527,#528,#529,#530),#701,.F.);
#9119=ADVANCED_FACE('',(#1108),#702,.F.);
#9120=ADVANCED_FACE('',(#1109),#703,.F.);
#9121=ADVANCED_FACE('',(#1110),#704,.F.);
#9122=ADVANCED_FACE('',(#1111),#705,.F.);
#9123=ADVANCED_FACE('',(#1112),#706,.F.);
#9124=ADVANCED_FACE('',(#1113),#707,.F.);
#9125=ADVANCED_FACE('',(#1114),#708,.F.);
#9126=ADVANCED_FACE('',(#1115),#709,.F.);
#9127=ADVANCED_FACE('',(#1116),#710,.F.);
#9128=ADVANCED_FACE('',(#1117),#711,.F.);
#9129=ADVANCED_FACE('',(#1118,#531,#532,#533,#534),#712,.F.);
#9130=ADVANCED_FACE('',(#1119),#713,.F.);
#9131=ADVANCED_FACE('',(#1120),#714,.F.);
#9132=ADVANCED_FACE('',(#1121),#715,.F.);
#9133=ADVANCED_FACE('',(#1122),#716,.F.);
#9134=ADVANCED_FACE('',(#1123),#717,.F.);
#9135=ADVANCED_FACE('',(#1124,#535,#536,#537,#538),#718,.F.);
#9136=ADVANCED_FACE('',(#1125),#719,.F.);
#9137=ADVANCED_FACE('',(#1126),#720,.F.);
#9138=ADVANCED_FACE('',(#1127),#721,.F.);
#9139=ADVANCED_FACE('',(#1128),#722,.F.);
#9140=ADVANCED_FACE('',(#1129),#723,.F.);
#9141=ADVANCED_FACE('',(#1130),#724,.F.);
#9142=ADVANCED_FACE('',(#1131),#725,.F.);
#9143=ADVANCED_FACE('',(#1132),#726,.F.);
#9144=ADVANCED_FACE('',(#1133),#727,.F.);
#9145=ADVANCED_FACE('',(#1134),#728,.F.);
#9146=ADVANCED_FACE('',(#1135),#729,.F.);
#9147=ADVANCED_FACE('',(#1136),#730,.F.);
#9148=ADVANCED_FACE('',(#1137),#731,.F.);
#9149=ADVANCED_FACE('',(#1138),#732,.F.);
#9150=ADVANCED_FACE('',(#1139),#733,.F.);
#9151=ADVANCED_FACE('',(#1140),#734,.F.);
#9152=ADVANCED_FACE('',(#1141),#735,.F.);
#9153=ADVANCED_FACE('',(#1142),#736,.F.);
#9154=ADVANCED_FACE('',(#1143),#737,.F.);
#9155=ADVANCED_FACE('',(#1144),#738,.F.);
#9156=ADVANCED_FACE('',(#1145),#739,.F.);
#9157=ADVANCED_FACE('',(#1146),#740,.F.);
#9158=ADVANCED_FACE('',(#1147),#741,.F.);
#9159=ADVANCED_FACE('',(#1148),#742,.F.);
#9160=ADVANCED_FACE('',(#1149),#743,.F.);
#9161=ADVANCED_FACE('',(#1150),#744,.F.);
#9162=ADVANCED_FACE('',(#1151),#745,.F.);
#9163=ADVANCED_FACE('',(#1152),#746,.F.);
#9164=ADVANCED_FACE('',(#1153),#747,.F.);
#9165=ADVANCED_FACE('',(#1154),#748,.F.);
#9166=ADVANCED_FACE('',(#1155),#749,.F.);
#9167=ADVANCED_FACE('',(#1156),#750,.F.);
#9168=ADVANCED_FACE('',(#1157),#751,.F.);
#9169=ADVANCED_FACE('',(#1158),#752,.F.);
#9170=ADVANCED_FACE('',(#1159),#753,.F.);
#9171=ADVANCED_FACE('',(#1160),#754,.F.);
#9172=ADVANCED_FACE('',(#1161),#755,.F.);
#9173=ADVANCED_FACE('',(#1162),#756,.F.);
#9174=ADVANCED_FACE('',(#1163),#757,.F.);
#9175=ADVANCED_FACE('',(#1164),#758,.F.);
#9176=ADVANCED_FACE('',(#1165),#759,.F.);
#9177=ADVANCED_FACE('',(#1166),#760,.F.);
#9178=ADVANCED_FACE('',(#1167),#761,.F.);
#9179=ADVANCED_FACE('',(#1168),#762,.F.);
#9180=ADVANCED_FACE('',(#1169),#763,.F.);
#9181=ADVANCED_FACE('',(#1170),#764,.F.);
#9182=ADVANCED_FACE('',(#1171),#765,.F.);
#9183=ADVANCED_FACE('',(#1172),#766,.F.);
#9184=ADVANCED_FACE('',(#1173),#767,.F.);
#9185=ADVANCED_FACE('',(#1174),#768,.F.);
#9186=ADVANCED_FACE('',(#1175),#769,.F.);
#9187=ADVANCED_FACE('',(#1176),#770,.F.);
#9188=ADVANCED_FACE('',(#1177),#771,.T.);
#9189=ADVANCED_FACE('',(#1178),#772,.T.);
#9190=ADVANCED_FACE('',(#1179),#773,.T.);
#9191=ADVANCED_FACE('',(#1180),#774,.T.);
#9192=ADVANCED_FACE('',(#1181),#775,.T.);
#9193=ADVANCED_FACE('',(#1182),#776,.T.);
#9194=ADVANCED_FACE('',(#1183,#539,#540,#541,#542),#777,.T.);
#9195=ADVANCED_FACE('',(#1184),#778,.T.);
#9196=ADVANCED_FACE('',(#1185),#779,.T.);
#9197=ADVANCED_FACE('',(#1186),#780,.T.);
#9198=ADVANCED_FACE('',(#1187,#543,#544,#545,#546,#547,#548,#549),#781,
 .T.);
#9199=ADVANCED_FACE('',(#1188),#782,.T.);
#9200=ADVANCED_FACE('',(#1189),#783,.T.);
#9201=ADVANCED_FACE('',(#1190),#784,.T.);
#9202=ADVANCED_FACE('',(#1191,#550,#551,#552,#553),#785,.T.);
#9203=ADVANCED_FACE('',(#1192),#8926,.F.);
#9204=ADVANCED_FACE('',(#1193,#554),#786,.T.);
#9205=ADVANCED_FACE('',(#1194),#8927,.F.);
#9206=ADVANCED_FACE('',(#1195,#555),#787,.T.);
#9207=ADVANCED_FACE('',(#1196),#8928,.F.);
#9208=ADVANCED_FACE('',(#1197,#556),#788,.T.);
#9209=ADVANCED_FACE('',(#1198),#8929,.F.);
#9210=ADVANCED_FACE('',(#1199,#557),#789,.T.);
#9211=ADVANCED_FACE('',(#1200),#8930,.F.);
#9212=ADVANCED_FACE('',(#1201),#790,.T.);
#9213=ADVANCED_FACE('',(#1202),#8931,.F.);
#9214=ADVANCED_FACE('',(#1203),#791,.T.);
#9215=ADVANCED_FACE('',(#1204),#8932,.F.);
#9216=ADVANCED_FACE('',(#1205),#8933,.F.);
#9217=ADVANCED_FACE('',(#1206),#8934,.F.);
#9218=ADVANCED_FACE('',(#1207),#8935,.F.);
#9219=ADVANCED_FACE('',(#1208),#8936,.F.);
#9220=ADVANCED_FACE('',(#1209,#558,#559,#560,#561,#562,#563,#564),#792,
 .T.);
#9221=ADVANCED_FACE('',(#1210),#793,.T.);
#9222=ADVANCED_FACE('',(#1211),#794,.T.);
#9223=ADVANCED_FACE('',(#1212),#795,.T.);
#9224=ADVANCED_FACE('',(#1213),#796,.T.);
#9225=ADVANCED_FACE('',(#1214,#565,#566,#567,#568,#569),#797,.T.);
#9226=ADVANCED_FACE('',(#1215),#382,.T.);
#9227=ADVANCED_FACE('',(#1216),#8937,.T.);
#9228=ADVANCED_FACE('',(#1217),#798,.T.);
#9229=ADVANCED_FACE('',(#1218),#378,.T.);
#9230=ADVANCED_FACE('',(#1219),#8938,.T.);
#9231=ADVANCED_FACE('',(#1220,#570),#799,.T.);
#9232=ADVANCED_FACE('',(#1221),#800,.F.);
#9233=ADVANCED_FACE('',(#1222),#801,.F.);
#9234=ADVANCED_FACE('',(#1223),#802,.F.);
#9235=ADVANCED_FACE('',(#1224),#803,.F.);
#9236=ADVANCED_FACE('',(#1225),#804,.F.);
#9237=ADVANCED_FACE('',(#1226),#805,.F.);
#9238=ADVANCED_FACE('',(#1227),#806,.F.);
#9239=ADVANCED_FACE('',(#1228,#571),#807,.F.);
#9240=ADVANCED_FACE('',(#1229),#8939,.T.);
#9241=ADVANCED_FACE('',(#1230),#808,.T.);
#9242=ADVANCED_FACE('',(#1231),#809,.F.);
#9243=ADVANCED_FACE('',(#1232),#810,.T.);
#9244=ADVANCED_FACE('',(#1233),#811,.T.);
#9245=ADVANCED_FACE('',(#1234,#572,#573,#574),#812,.F.);
#9246=ADVANCED_FACE('',(#1235),#8940,.F.);
#9247=ADVANCED_FACE('',(#1236),#8941,.F.);
#9248=ADVANCED_FACE('',(#1237),#8942,.F.);
#9249=ADVANCED_FACE('',(#1238),#813,.T.);
#9250=ADVANCED_FACE('',(#1239),#814,.T.);
#9251=ADVANCED_FACE('',(#1240),#815,.T.);
#9252=ADVANCED_FACE('',(#1241),#816,.T.);
#9253=ADVANCED_FACE('',(#1242,#575,#576,#577),#817,.T.);
#9254=ADVANCED_FACE('',(#1243,#578),#818,.T.);
#9255=ADVANCED_FACE('',(#1244),#8943,.F.);
#9256=ADVANCED_FACE('',(#1245,#579),#819,.T.);
#9257=ADVANCED_FACE('',(#1246),#8944,.T.);
#9258=ADVANCED_FACE('',(#1247),#379,.F.);
#9259=ADVANCED_FACE('',(#1248),#8945,.T.);
#9260=ADVANCED_FACE('',(#1249),#380,.F.);
#9261=ADVANCED_FACE('',(#1250),#8946,.F.);
#9262=ADVANCED_FACE('',(#1251,#580),#820,.T.);
#9263=ADVANCED_FACE('',(#1252),#8947,.T.);
#9264=ADVANCED_FACE('',(#1253,#581),#821,.T.);
#9265=ADVANCED_FACE('',(#1254),#8948,.F.);
#9266=ADVANCED_FACE('',(#1255),#338,.T.);
#9267=ADVANCED_FACE('',(#1256),#339,.T.);
#9268=ADVANCED_FACE('',(#1257),#340,.T.);
#9269=ADVANCED_FACE('',(#1258),#341,.T.);
#9270=ADVANCED_FACE('',(#1259),#342,.T.);
#9271=ADVANCED_FACE('',(#1260),#343,.T.);
#9272=ADVANCED_FACE('',(#1261),#344,.T.);
#9273=ADVANCED_FACE('',(#1262),#345,.T.);
#9274=ADVANCED_FACE('',(#1263),#346,.T.);
#9275=ADVANCED_FACE('',(#1264),#822,.F.);
#9276=ADVANCED_FACE('',(#1265),#347,.T.);
#9277=ADVANCED_FACE('',(#1266),#823,.F.);
#9278=ADVANCED_FACE('',(#1267),#348,.T.);
#9279=ADVANCED_FACE('',(#1268),#824,.F.);
#9280=ADVANCED_FACE('',(#1269),#349,.T.);
#9281=ADVANCED_FACE('',(#1270),#825,.F.);
#9282=ADVANCED_FACE('',(#1271),#350,.T.);
#9283=ADVANCED_FACE('',(#1272),#826,.F.);
#9284=ADVANCED_FACE('',(#1273),#351,.T.);
#9285=ADVANCED_FACE('',(#1274),#827,.F.);
#9286=ADVANCED_FACE('',(#1275),#352,.T.);
#9287=ADVANCED_FACE('',(#1276),#828,.F.);
#9288=ADVANCED_FACE('',(#1277),#353,.T.);
#9289=ADVANCED_FACE('',(#1278),#829,.F.);
#9290=ADVANCED_FACE('',(#1279),#354,.F.);
#9291=ADVANCED_FACE('',(#1280),#8949,.F.);
#9292=ADVANCED_FACE('',(#1281),#830,.T.);
#9293=ADVANCED_FACE('',(#1282),#355,.F.);
#9294=ADVANCED_FACE('',(#1283),#831,.T.);
#9295=ADVANCED_FACE('',(#1284),#356,.F.);
#9296=ADVANCED_FACE('',(#1285),#832,.T.);
#9297=ADVANCED_FACE('',(#1286),#357,.F.);
#9298=ADVANCED_FACE('',(#1287),#833,.T.);
#9299=ADVANCED_FACE('',(#1288),#358,.F.);
#9300=ADVANCED_FACE('',(#1289),#834,.T.);
#9301=ADVANCED_FACE('',(#1290),#359,.F.);
#9302=ADVANCED_FACE('',(#1291),#835,.T.);
#9303=ADVANCED_FACE('',(#1292),#360,.F.);
#9304=ADVANCED_FACE('',(#1293),#8950,.T.);
#9305=ADVANCED_FACE('',(#1294),#836,.T.);
#9306=ADVANCED_FACE('',(#1295),#361,.F.);
#9307=ADVANCED_FACE('',(#1296),#837,.T.);
#9308=ADVANCED_FACE('',(#1297),#362,.T.);
#9309=ADVANCED_FACE('',(#1298),#838,.F.);
#9310=ADVANCED_FACE('',(#1299),#363,.T.);
#9311=ADVANCED_FACE('',(#1300),#839,.F.);
#9312=ADVANCED_FACE('',(#1301),#364,.T.);
#9313=ADVANCED_FACE('',(#1302),#840,.F.);
#9314=ADVANCED_FACE('',(#1303),#365,.T.);
#9315=ADVANCED_FACE('',(#1304),#841,.F.);
#9316=ADVANCED_FACE('',(#1305),#366,.T.);
#9317=ADVANCED_FACE('',(#1306),#842,.F.);
#9318=ADVANCED_FACE('',(#1307),#367,.T.);
#9319=ADVANCED_FACE('',(#1308),#843,.F.);
#9320=ADVANCED_FACE('',(#1309),#368,.T.);
#9321=ADVANCED_FACE('',(#1310),#844,.F.);
#9322=ADVANCED_FACE('',(#1311),#369,.T.);
#9323=ADVANCED_FACE('',(#1312),#845,.F.);
#9324=ADVANCED_FACE('',(#1313),#370,.F.);
#9325=ADVANCED_FACE('',(#1314),#8951,.T.);
#9326=ADVANCED_FACE('',(#1315),#846,.T.);
#9327=ADVANCED_FACE('',(#1316),#371,.F.);
#9328=ADVANCED_FACE('',(#1317),#847,.T.);
#9329=ADVANCED_FACE('',(#1318),#372,.F.);
#9330=ADVANCED_FACE('',(#1319),#848,.T.);
#9331=ADVANCED_FACE('',(#1320),#373,.F.);
#9332=ADVANCED_FACE('',(#1321),#849,.T.);
#9333=ADVANCED_FACE('',(#1322),#374,.F.);
#9334=ADVANCED_FACE('',(#1323),#850,.T.);
#9335=ADVANCED_FACE('',(#1324),#375,.F.);
#9336=ADVANCED_FACE('',(#1325),#851,.T.);
#9337=ADVANCED_FACE('',(#1326),#376,.F.);
#9338=ADVANCED_FACE('',(#1327),#8952,.F.);
#9339=ADVANCED_FACE('',(#1328),#852,.T.);
#9340=ADVANCED_FACE('',(#1329),#377,.F.);
#9341=ADVANCED_FACE('',(#1330),#853,.T.);
#9342=ADVANCED_FACE('',(#1331),#854,.T.);
#9343=ADVANCED_FACE('',(#1332),#855,.F.);
#9344=ADVANCED_FACE('',(#1333),#856,.T.);
#9345=ADVANCED_FACE('',(#1334),#857,.T.);
#9346=ADVANCED_FACE('',(#1335),#858,.T.);
#9347=ADVANCED_FACE('',(#1336),#859,.T.);
#9348=ADVANCED_FACE('',(#1337),#860,.T.);
#9349=ADVANCED_FACE('',(#1338),#861,.T.);
#9350=ADVANCED_FACE('',(#1339),#862,.T.);
#9351=ADVANCED_FACE('',(#1340),#863,.T.);
#9352=ADVANCED_FACE('',(#1341),#864,.F.);
#9353=ADVANCED_FACE('',(#1342),#865,.F.);
#9354=ADVANCED_FACE('',(#1343),#866,.F.);
#9355=ADVANCED_FACE('',(#1344),#867,.F.);
#9356=ADVANCED_FACE('',(#1345),#868,.F.);
#9357=ADVANCED_FACE('',(#1346),#869,.F.);
#9358=ADVANCED_FACE('',(#1347),#870,.F.);
#9359=ADVANCED_FACE('',(#1348),#871,.F.);
#9360=ADVANCED_FACE('',(#1349),#872,.F.);
#9361=ADVANCED_FACE('',(#1350),#873,.T.);
#9362=ADVANCED_FACE('',(#1351),#874,.T.);
#9363=ADVANCED_FACE('',(#1352),#875,.T.);
#9364=ADVANCED_FACE('',(#1353),#876,.T.);
#9365=ADVANCED_FACE('',(#1354),#877,.F.);
#9366=ADVANCED_FACE('',(#1355),#878,.T.);
#9367=ADVANCED_FACE('',(#1356),#879,.T.);
#9368=ADVANCED_FACE('',(#1357),#880,.T.);
#9369=ADVANCED_FACE('',(#1358),#881,.F.);
#9370=ADVANCED_FACE('',(#1359),#882,.T.);
#9371=ADVANCED_FACE('',(#1360),#883,.T.);
#9372=ADVANCED_FACE('',(#1361),#884,.F.);
#9373=ADVANCED_FACE('',(#1362),#885,.T.);
#9374=ADVANCED_FACE('',(#1363),#886,.F.);
#9375=ADVANCED_FACE('',(#1364),#887,.T.);
#9376=ADVANCED_FACE('',(#1365),#888,.T.);
#9377=ADVANCED_FACE('',(#1366),#889,.T.);
#9378=ADVANCED_FACE('',(#1367),#890,.T.);
#9379=ADVANCED_FACE('',(#1368),#891,.T.);
#9380=ADVANCED_FACE('',(#1369),#892,.T.);
#9381=ADVANCED_FACE('',(#1370),#893,.T.);
#9382=ADVANCED_FACE('',(#1371),#894,.T.);
#9383=ADVANCED_FACE('',(#1372),#895,.T.);
#9384=ADVANCED_FACE('',(#1373),#896,.T.);
#9385=ADVANCED_FACE('',(#1374),#897,.T.);
#9386=ADVANCED_FACE('',(#1375),#898,.T.);
#9387=ADVANCED_FACE('',(#1376),#899,.T.);
#9388=ADVANCED_FACE('',(#1377),#900,.T.);
#9389=ADVANCED_FACE('',(#1378),#901,.T.);
#9390=ADVANCED_FACE('',(#1379),#902,.T.);
#9391=ADVANCED_FACE('',(#1380),#903,.T.);
#9392=ADVANCED_FACE('',(#1381),#904,.T.);
#9393=ADVANCED_FACE('',(#1382),#905,.T.);
#9394=ADVANCED_FACE('',(#1383),#906,.T.);
#9395=ADVANCED_FACE('',(#1384),#907,.T.);
#9396=ADVANCED_FACE('',(#1385),#908,.T.);
#9397=ADVANCED_FACE('',(#1386),#909,.F.);
#9398=ADVANCED_FACE('',(#1387),#8953,.F.);
#9399=ADVANCED_FACE('',(#1388),#8954,.T.);
#9400=ADVANCED_FACE('',(#1389,#582),#910,.T.);
#9401=ADVANCED_FACE('',(#1390),#911,.T.);
#9402=ADVANCED_FACE('',(#1391),#912,.T.);
#9403=ADVANCED_FACE('',(#1392),#913,.T.);
#9404=ADVANCED_FACE('',(#1393),#914,.T.);
#9405=ADVANCED_FACE('',(#1394),#915,.T.);
#9406=ADVANCED_FACE('',(#1395),#916,.T.);
#9407=ADVANCED_FACE('',(#1396),#917,.T.);
#9408=ADVANCED_FACE('',(#1397,#583),#918,.F.);
#9409=ADVANCED_FACE('',(#1398),#919,.T.);
#9410=ADVANCED_FACE('',(#1399),#920,.T.);
#9411=ADVANCED_FACE('',(#1400),#921,.T.);
#9412=ADVANCED_FACE('',(#1401),#922,.F.);
#9413=ADVANCED_FACE('',(#1402),#923,.F.);
#9414=ADVANCED_FACE('',(#1403),#924,.F.);
#9415=ADVANCED_FACE('',(#1404),#925,.F.);
#9416=ADVANCED_FACE('',(#1405),#926,.F.);
#9417=ADVANCED_FACE('',(#1406),#927,.F.);
#9418=ADVANCED_FACE('',(#1407),#928,.F.);
#9419=ADVANCED_FACE('',(#1408),#929,.F.);
#9420=ADVANCED_FACE('',(#1409,#584),#930,.F.);
#9421=ADVANCED_FACE('',(#1410),#931,.T.);
#9422=ADVANCED_FACE('',(#1411),#932,.T.);
#9423=ADVANCED_FACE('',(#1412),#8955,.T.);
#9424=ADVANCED_FACE('',(#1413),#933,.T.);
#9425=ADVANCED_FACE('',(#1414),#934,.F.);
#9426=ADVANCED_FACE('',(#1415),#8956,.F.);
#9427=ADVANCED_FACE('',(#1416),#935,.F.);
#9428=ADVANCED_FACE('',(#1417),#8957,.F.);
#9429=ADVANCED_FACE('',(#1418),#936,.F.);
#9430=ADVANCED_FACE('',(#1419),#8958,.F.);
#9431=ADVANCED_FACE('',(#1420),#8959,.F.);
#9432=ADVANCED_FACE('',(#1421),#8960,.F.);
#9433=ADVANCED_FACE('',(#1422),#937,.F.);
#9434=ADVANCED_FACE('',(#1423),#938,.F.);
#9435=ADVANCED_FACE('',(#1424),#939,.T.);
#9436=ADVANCED_FACE('',(#1425),#940,.F.);
#9437=ADVANCED_FACE('',(#1426),#941,.F.);
#9438=ADVANCED_FACE('',(#1427),#942,.T.);
#9439=ADVANCED_FACE('',(#1428),#943,.F.);
#9440=ADVANCED_FACE('',(#1429,#585,#586,#587,#588),#8961,.T.);
#9441=ADVANCED_FACE('',(#1430),#944,.F.);
#9442=ADVANCED_FACE('',(#1431),#945,.F.);
#9443=ADVANCED_FACE('',(#1432),#946,.T.);
#9444=ADVANCED_FACE('',(#1433),#8962,.F.);
#9445=ADVANCED_FACE('',(#1434),#947,.F.);
#9446=ADVANCED_FACE('',(#1435),#8963,.F.);
#9447=ADVANCED_FACE('',(#1436),#948,.F.);
#9448=ADVANCED_FACE('',(#1437),#8964,.F.);
#9449=ADVANCED_FACE('',(#1438),#949,.F.);
#9450=ADVANCED_FACE('',(#1439),#8965,.F.);
#9451=ADVANCED_FACE('',(#1440),#950,.F.);
#9452=ADVANCED_FACE('',(#1441),#8966,.F.);
#9453=ADVANCED_FACE('',(#1442),#951,.F.);
#9454=ADVANCED_FACE('',(#1443),#8967,.F.);
#9455=ADVANCED_FACE('',(#1444),#952,.F.);
#9456=ADVANCED_FACE('',(#1445),#8968,.F.);
#9457=ADVANCED_FACE('',(#1446),#953,.F.);
#9458=ADVANCED_FACE('',(#1447),#8969,.F.);
#9459=ADVANCED_FACE('',(#1448),#954,.F.);
#9460=ADVANCED_FACE('',(#1449),#8970,.F.);
#9461=ADVANCED_FACE('',(#1450),#8971,.F.);
#9462=ADVANCED_FACE('',(#1451),#8972,.F.);
#9463=ADVANCED_FACE('',(#1452,#589,#590,#591),#955,.T.);
#9464=ADVANCED_FACE('',(#1453,#592,#593,#594,#595),#956,.T.);
#9465=ADVANCED_FACE('',(#1454),#957,.T.);
#9466=ADVANCED_FACE('',(#1455,#596,#597,#598,#599),#958,.T.);
#9467=ADVANCED_FACE('',(#1456),#959,.T.);
#9468=ADVANCED_FACE('',(#1457,#600,#601,#602),#960,.T.);
#9469=ADVANCED_FACE('',(#1458),#8973,.T.);
#9470=ADVANCED_FACE('',(#1459),#961,.T.);
#9471=ADVANCED_FACE('',(#1460),#8974,.T.);
#9472=ADVANCED_FACE('',(#1461),#962,.T.);
#9473=ADVANCED_FACE('',(#1462,#603),#963,.F.);
#9474=ADVANCED_FACE('',(#1463),#8975,.T.);
#9475=ADVANCED_FACE('',(#1464,#604),#964,.T.);
#9476=CLOSED_SHELL('',(#8976,#8977,#8978,#8979));
#9477=CLOSED_SHELL('',(#8980,#8981,#8982,#8983,#8984,#8985,#8986,#8987,
#8988,#8989,#8990,#8991,#8992,#8993,#8994,#8995,#8996));
#9478=CLOSED_SHELL('',(#8997,#8998,#8999,#9000,#9001,#9002,#9003,#9004,
#9005));
#9479=CLOSED_SHELL('',(#9006,#9007,#9008,#9009,#9010,#9011,#9012,#9013,
#9014,#9015,#9016,#9017,#9018,#9019,#9020,#9021,#9022,#9023,#9024,#9025,
#9026,#9027,#9028,#9029,#9030,#9031,#9032));
#9480=CLOSED_SHELL('',(#9033,#9034,#9035,#9036,#9037,#9038,#9039,#9040,
#9041,#9042,#9043,#9044,#9045,#9046,#9047,#9048,#9049,#9050,#9051,#9052,
#9053,#9054,#9055,#9056,#9057,#9058,#9059,#9060,#9061,#9062,#9063,#9064,
#9065,#9066,#9067,#9068,#9069,#9070,#9071,#9072,#9073,#9074,#9075,#9076,
#9077,#9078,#9079,#9080,#9081,#9082,#9083,#9084,#9085,#9086,#9087,#9088,
#9089,#9090,#9091,#9092,#9093,#9094,#9095,#9096,#9097,#9098,#9099,#9100,
#9101,#9102,#9103,#9104,#9105,#9106,#9107,#9108,#9109,#9110,#9111,#9112,
#9113,#9114,#9115,#9116,#9117,#9118,#9119,#9120,#9121,#9122,#9123,#9124,
#9125,#9126,#9127,#9128,#9129,#9130,#9131,#9132,#9133,#9134,#9135,#9136,
#9137,#9138,#9139,#9140,#9141,#9142,#9143,#9144,#9145,#9146,#9147,#9148,
#9149,#9150,#9151,#9152,#9153,#9154,#9155,#9156,#9157,#9158,#9159,#9160,
#9161,#9162,#9163,#9164,#9165,#9166,#9167,#9168,#9169,#9170,#9171,#9172,
#9173,#9174,#9175,#9176,#9177,#9178,#9179,#9180,#9181,#9182,#9183,#9184,
#9185,#9186,#9187,#9188,#9189,#9190,#9191,#9192,#9193,#9194,#9195,#9196,
#9197,#9198,#9199,#9200,#9201,#9202));
#9481=CLOSED_SHELL('',(#9203,#9204,#9205,#9206,#9207,#9208,#9209,#9210,
#9211,#9212,#9213,#9214,#9215,#9216,#9217,#9218,#9219,#9220,#9221,#9222,
#9223,#9224,#9225));
#9482=CLOSED_SHELL('',(#9226,#9227,#9228,#9229,#9230,#9231,#9232,#9233,
#9234,#9235,#9236,#9237,#9238,#9239));
#9483=CLOSED_SHELL('',(#9240,#9241,#9242));
#9484=CLOSED_SHELL('',(#9243,#9244,#9245,#9246,#9247,#9248,#9249,#9250,
#9251,#9252,#9253));
#9485=CLOSED_SHELL('',(#9254,#9255,#9256,#9257,#9258,#9259));
#9486=CLOSED_SHELL('',(#9260,#9261,#9262,#9263,#9264,#9265));
#9487=CLOSED_SHELL('',(#9266));
#9488=CLOSED_SHELL('',(#9267));
#9489=CLOSED_SHELL('',(#9268));
#9490=CLOSED_SHELL('',(#9269));
#9491=CLOSED_SHELL('',(#9270));
#9492=CLOSED_SHELL('',(#9271));
#9493=CLOSED_SHELL('',(#9272));
#9494=CLOSED_SHELL('',(#9273));
#9495=CLOSED_SHELL('',(#9274,#9275,#9276,#9277,#9278,#9279,#9280,#9281,
#9282,#9283,#9284,#9285,#9286,#9287,#9288,#9289,#9290,#9291,#9292,#9293,
#9294,#9295,#9296,#9297,#9298,#9299,#9300,#9301,#9302,#9303,#9304,#9305,
#9306,#9307));
#9496=CLOSED_SHELL('',(#9308,#9309,#9310,#9311,#9312,#9313,#9314,#9315,
#9316,#9317,#9318,#9319,#9320,#9321,#9322,#9323,#9324,#9325,#9326,#9327,
#9328,#9329,#9330,#9331,#9332,#9333,#9334,#9335,#9336,#9337,#9338,#9339,
#9340,#9341));
#9497=CLOSED_SHELL('',(#9342,#9343,#9344,#9345,#9346,#9347,#9348,#9349,
#9350,#9351,#9352,#9353,#9354,#9355,#9356,#9357,#9358,#9359,#9360,#9361,
#9362,#9363));
#9498=CLOSED_SHELL('',(#9364,#9365,#9366,#9367,#9368,#9369,#9370,#9371,
#9372,#9373,#9374,#9375,#9376,#9377,#9378,#9379,#9380,#9381,#9382,#9383,
#9384,#9385,#9386,#9387,#9388,#9389,#9390,#9391,#9392,#9393,#9394,#9395,
#9396,#9397));
#9499=CLOSED_SHELL('',(#9398,#9399,#9400,#9401,#9402,#9403,#9404,#9405,
#9406,#9407,#9408,#9409,#9410,#9411,#9412,#9413,#9414,#9415,#9416,#9417,
#9418,#9419,#9420,#9421,#9422));
#9500=CLOSED_SHELL('',(#9423,#9424,#9425));
#9501=CLOSED_SHELL('',(#9426,#9427,#9428,#9429,#9430,#9431,#9432,#9433,
#9434,#9435,#9436,#9437,#9438,#9439,#9440,#9441,#9442,#9443));
#9502=CLOSED_SHELL('',(#9444,#9445,#9446,#9447,#9448,#9449,#9450,#9451,
#9452,#9453,#9454,#9455,#9456,#9457,#9458,#9459,#9460,#9461,#9462,#9463,
#9464,#9465,#9466,#9467,#9468));
#9503=CLOSED_SHELL('',(#9469,#9470,#9471,#9472,#9473,#9474,#9475));
#9504=DERIVED_UNIT_ELEMENT(#9538,1.);
#9505=DERIVED_UNIT_ELEMENT(#17700,-3.);
#9506=DERIVED_UNIT_ELEMENT(#9538,1.);
#9507=DERIVED_UNIT_ELEMENT(#17700,-3.);
#9508=DERIVED_UNIT_ELEMENT(#9538,1.);
#9509=DERIVED_UNIT_ELEMENT(#17700,-3.);
#9510=DERIVED_UNIT_ELEMENT(#9538,1.);
#9511=DERIVED_UNIT_ELEMENT(#17700,-3.);
#9512=DERIVED_UNIT_ELEMENT(#9538,1.);
#9513=DERIVED_UNIT_ELEMENT(#17700,-3.);
#9514=DERIVED_UNIT_ELEMENT(#9538,1.);
#9515=DERIVED_UNIT_ELEMENT(#17700,-3.);
#9516=DERIVED_UNIT_ELEMENT(#9538,1.);
#9517=DERIVED_UNIT_ELEMENT(#17700,-3.);
#9518=DERIVED_UNIT_ELEMENT(#9538,1.);
#9519=DERIVED_UNIT_ELEMENT(#17700,-3.);
#9520=DERIVED_UNIT_ELEMENT(#9538,1.);
#9521=DERIVED_UNIT_ELEMENT(#17700,-3.);
#9522=DERIVED_UNIT_ELEMENT(#9538,1.);
#9523=DERIVED_UNIT_ELEMENT(#17700,-3.);
#9524=DERIVED_UNIT_ELEMENT(#9538,1.);
#9525=DERIVED_UNIT_ELEMENT(#17700,-3.);
#9526=DERIVED_UNIT_ELEMENT(#9538,1.);
#9527=DERIVED_UNIT_ELEMENT(#17700,-3.);
#9528=DERIVED_UNIT_ELEMENT(#9538,1.);
#9529=DERIVED_UNIT_ELEMENT(#17700,-3.);
#9530=DERIVED_UNIT_ELEMENT(#9538,1.);
#9531=DERIVED_UNIT_ELEMENT(#17700,-3.);
#9532=DERIVED_UNIT_ELEMENT(#9538,1.);
#9533=DERIVED_UNIT_ELEMENT(#17700,-3.);
#9534=DERIVED_UNIT_ELEMENT(#9538,1.);
#9535=DERIVED_UNIT_ELEMENT(#17700,-3.);
#9536=DERIVED_UNIT_ELEMENT(#9538,1.);
#9537=DERIVED_UNIT_ELEMENT(#17700,-3.);
#9538=(
MASS_UNIT()
NAMED_UNIT(*)
SI_UNIT(.KILO.,.GRAM.)
);
#9539=DERIVED_UNIT((#9504,#9505));
#9540=DERIVED_UNIT((#9506,#9507));
#9541=DERIVED_UNIT((#9508,#9509));
#9542=DERIVED_UNIT((#9510,#9511));
#9543=DERIVED_UNIT((#9512,#9513));
#9544=DERIVED_UNIT((#9514,#9515));
#9545=DERIVED_UNIT((#9516,#9517));
#9546=DERIVED_UNIT((#9518,#9519));
#9547=DERIVED_UNIT((#9520,#9521));
#9548=DERIVED_UNIT((#9522,#9523));
#9549=DERIVED_UNIT((#9524,#9525));
#9550=DERIVED_UNIT((#9526,#9527));
#9551=DERIVED_UNIT((#9528,#9529));
#9552=DERIVED_UNIT((#9530,#9531));
#9553=DERIVED_UNIT((#9532,#9533));
#9554=DERIVED_UNIT((#9534,#9535));
#9555=DERIVED_UNIT((#9536,#9537));
#9556=MEASURE_REPRESENTATION_ITEM('density measure',
POSITIVE_RATIO_MEASURE(8030.),#9539);
#9557=MEASURE_REPRESENTATION_ITEM('density measure',
POSITIVE_RATIO_MEASURE(7850.),#9540);
#9558=MEASURE_REPRESENTATION_ITEM('density measure',
POSITIVE_RATIO_MEASURE(7850.),#9541);
#9559=MEASURE_REPRESENTATION_ITEM('density measure',
POSITIVE_RATIO_MEASURE(7850.),#9542);
#9560=MEASURE_REPRESENTATION_ITEM('density measure',
POSITIVE_RATIO_MEASURE(7850.),#9543);
#9561=MEASURE_REPRESENTATION_ITEM('density measure',
POSITIVE_RATIO_MEASURE(7850.),#9544);
#9562=MEASURE_REPRESENTATION_ITEM('density measure',
POSITIVE_RATIO_MEASURE(7850.),#9545);
#9563=MEASURE_REPRESENTATION_ITEM('density measure',
POSITIVE_RATIO_MEASURE(7850.),#9546);
#9564=MEASURE_REPRESENTATION_ITEM('density measure',
POSITIVE_RATIO_MEASURE(7850.),#9547);
#9565=MEASURE_REPRESENTATION_ITEM('density measure',
POSITIVE_RATIO_MEASURE(7850.),#9548);
#9566=MEASURE_REPRESENTATION_ITEM('density measure',
POSITIVE_RATIO_MEASURE(7850.),#9549);
#9567=MEASURE_REPRESENTATION_ITEM('density measure',
POSITIVE_RATIO_MEASURE(7850.),#9550);
#9568=MEASURE_REPRESENTATION_ITEM('density measure',
POSITIVE_RATIO_MEASURE(7850.),#9551);
#9569=MEASURE_REPRESENTATION_ITEM('density measure',
POSITIVE_RATIO_MEASURE(7850.),#9552);
#9570=MEASURE_REPRESENTATION_ITEM('density measure',
POSITIVE_RATIO_MEASURE(7850.),#9553);
#9571=MEASURE_REPRESENTATION_ITEM('density measure',
POSITIVE_RATIO_MEASURE(7850.),#9554);
#9572=MEASURE_REPRESENTATION_ITEM('density measure',
POSITIVE_RATIO_MEASURE(7850.),#9555);
#9573=PROPERTY_DEFINITION_REPRESENTATION(#9658,#9607);
#9574=PROPERTY_DEFINITION_REPRESENTATION(#9659,#9608);
#9575=PROPERTY_DEFINITION_REPRESENTATION(#9660,#9609);
#9576=PROPERTY_DEFINITION_REPRESENTATION(#9661,#9610);
#9577=PROPERTY_DEFINITION_REPRESENTATION(#9662,#9611);
#9578=PROPERTY_DEFINITION_REPRESENTATION(#9663,#9612);
#9579=PROPERTY_DEFINITION_REPRESENTATION(#9664,#9613);
#9580=PROPERTY_DEFINITION_REPRESENTATION(#9665,#9614);
#9581=PROPERTY_DEFINITION_REPRESENTATION(#9666,#9615);
#9582=PROPERTY_DEFINITION_REPRESENTATION(#9667,#9616);
#9583=PROPERTY_DEFINITION_REPRESENTATION(#9668,#9617);
#9584=PROPERTY_DEFINITION_REPRESENTATION(#9669,#9618);
#9585=PROPERTY_DEFINITION_REPRESENTATION(#9670,#9619);
#9586=PROPERTY_DEFINITION_REPRESENTATION(#9671,#9620);
#9587=PROPERTY_DEFINITION_REPRESENTATION(#9672,#9621);
#9588=PROPERTY_DEFINITION_REPRESENTATION(#9673,#9622);
#9589=PROPERTY_DEFINITION_REPRESENTATION(#9674,#9623);
#9590=PROPERTY_DEFINITION_REPRESENTATION(#9675,#9624);
#9591=PROPERTY_DEFINITION_REPRESENTATION(#9676,#9625);
#9592=PROPERTY_DEFINITION_REPRESENTATION(#9677,#9626);
#9593=PROPERTY_DEFINITION_REPRESENTATION(#9678,#9627);
#9594=PROPERTY_DEFINITION_REPRESENTATION(#9679,#9628);
#9595=PROPERTY_DEFINITION_REPRESENTATION(#9680,#9629);
#9596=PROPERTY_DEFINITION_REPRESENTATION(#9681,#9630);
#9597=PROPERTY_DEFINITION_REPRESENTATION(#9682,#9631);
#9598=PROPERTY_DEFINITION_REPRESENTATION(#9683,#9632);
#9599=PROPERTY_DEFINITION_REPRESENTATION(#9684,#9633);
#9600=PROPERTY_DEFINITION_REPRESENTATION(#9685,#9634);
#9601=PROPERTY_DEFINITION_REPRESENTATION(#9686,#9635);
#9602=PROPERTY_DEFINITION_REPRESENTATION(#9687,#9636);
#9603=PROPERTY_DEFINITION_REPRESENTATION(#9688,#9637);
#9604=PROPERTY_DEFINITION_REPRESENTATION(#9689,#9638);
#9605=PROPERTY_DEFINITION_REPRESENTATION(#9690,#9639);
#9606=PROPERTY_DEFINITION_REPRESENTATION(#9691,#9640);
#9607=REPRESENTATION('material name',(#9641),#17678);
#9608=REPRESENTATION('density',(#9556),#17678);
#9609=REPRESENTATION('material name',(#9642),#17679);
#9610=REPRESENTATION('density',(#9557),#17679);
#9611=REPRESENTATION('material name',(#9643),#17680);
#9612=REPRESENTATION('density',(#9558),#17680);
#9613=REPRESENTATION('material name',(#9644),#17683);
#9614=REPRESENTATION('density',(#9559),#17683);
#9615=REPRESENTATION('material name',(#9645),#17684);
#9616=REPRESENTATION('density',(#9560),#17684);
#9617=REPRESENTATION('material name',(#9646),#17685);
#9618=REPRESENTATION('density',(#9561),#17685);
#9619=REPRESENTATION('material name',(#9647),#17686);
#9620=REPRESENTATION('density',(#9562),#17686);
#9621=REPRESENTATION('material name',(#9648),#17687);
#9622=REPRESENTATION('density',(#9563),#17687);
#9623=REPRESENTATION('material name',(#9649),#17688);
#9624=REPRESENTATION('density',(#9564),#17688);
#9625=REPRESENTATION('material name',(#9650),#17689);
#9626=REPRESENTATION('density',(#9565),#17689);
#9627=REPRESENTATION('material name',(#9651),#17691);
#9628=REPRESENTATION('density',(#9566),#17691);
#9629=REPRESENTATION('material name',(#9652),#17692);
#9630=REPRESENTATION('density',(#9567),#17692);
#9631=REPRESENTATION('material name',(#9653),#17693);
#9632=REPRESENTATION('density',(#9568),#17693);
#9633=REPRESENTATION('material name',(#9654),#17694);
#9634=REPRESENTATION('density',(#9569),#17694);
#9635=REPRESENTATION('material name',(#9655),#17695);
#9636=REPRESENTATION('density',(#9570),#17695);
#9637=REPRESENTATION('material name',(#9656),#17696);
#9638=REPRESENTATION('density',(#9571),#17696);
#9639=REPRESENTATION('material name',(#9657),#17697);
#9640=REPRESENTATION('density',(#9572),#17697);
#9641=DESCRIPTIVE_REPRESENTATION_ITEM('Steel 100 HV, Plain',
'Steel 100 HV, Plain');
#9642=DESCRIPTIVE_REPRESENTATION_ITEM('Steel','Steel');
#9643=DESCRIPTIVE_REPRESENTATION_ITEM('Steel','Steel');
#9644=DESCRIPTIVE_REPRESENTATION_ITEM('Steel','Steel');
#9645=DESCRIPTIVE_REPRESENTATION_ITEM('Steel','Steel');
#9646=DESCRIPTIVE_REPRESENTATION_ITEM('Steel','Steel');
#9647=DESCRIPTIVE_REPRESENTATION_ITEM('Steel','Steel');
#9648=DESCRIPTIVE_REPRESENTATION_ITEM('Steel','Steel');
#9649=DESCRIPTIVE_REPRESENTATION_ITEM('Steel','Steel');
#9650=DESCRIPTIVE_REPRESENTATION_ITEM('Steel','Steel');
#9651=DESCRIPTIVE_REPRESENTATION_ITEM('Steel','Steel');
#9652=DESCRIPTIVE_REPRESENTATION_ITEM('Steel','Steel');
#9653=DESCRIPTIVE_REPRESENTATION_ITEM('Steel','Steel');
#9654=DESCRIPTIVE_REPRESENTATION_ITEM('Steel','Steel');
#9655=DESCRIPTIVE_REPRESENTATION_ITEM('Steel','Steel');
#9656=DESCRIPTIVE_REPRESENTATION_ITEM('Steel','Steel');
#9657=DESCRIPTIVE_REPRESENTATION_ITEM('Steel','Steel');
#9658=PROPERTY_DEFINITION('material property','material name',#17842);
#9659=PROPERTY_DEFINITION('material property','density of part',#17842);
#9660=PROPERTY_DEFINITION('material property','material name',#17843);
#9661=PROPERTY_DEFINITION('material property','density of part',#17843);
#9662=PROPERTY_DEFINITION('material property','material name',#17844);
#9663=PROPERTY_DEFINITION('material property','density of part',#17844);
#9664=PROPERTY_DEFINITION('material property','material name',#17847);
#9665=PROPERTY_DEFINITION('material property','density of part',#17847);
#9666=PROPERTY_DEFINITION('material property','material name',#17848);
#9667=PROPERTY_DEFINITION('material property','density of part',#17848);
#9668=PROPERTY_DEFINITION('material property','material name',#17849);
#9669=PROPERTY_DEFINITION('material property','density of part',#17849);
#9670=PROPERTY_DEFINITION('material property','material name',#17850);
#9671=PROPERTY_DEFINITION('material property','density of part',#17850);
#9672=PROPERTY_DEFINITION('material property','material name',#17851);
#9673=PROPERTY_DEFINITION('material property','density of part',#17851);
#9674=PROPERTY_DEFINITION('material property','material name',#17852);
#9675=PROPERTY_DEFINITION('material property','density of part',#17852);
#9676=PROPERTY_DEFINITION('material property','material name',#17853);
#9677=PROPERTY_DEFINITION('material property','density of part',#17853);
#9678=PROPERTY_DEFINITION('material property','material name',#17855);
#9679=PROPERTY_DEFINITION('material property','density of part',#17855);
#9680=PROPERTY_DEFINITION('material property','material name',#17856);
#9681=PROPERTY_DEFINITION('material property','density of part',#17856);
#9682=PROPERTY_DEFINITION('material property','material name',#17857);
#9683=PROPERTY_DEFINITION('material property','density of part',#17857);
#9684=PROPERTY_DEFINITION('material property','material name',#17858);
#9685=PROPERTY_DEFINITION('material property','density of part',#17858);
#9686=PROPERTY_DEFINITION('material property','material name',#17859);
#9687=PROPERTY_DEFINITION('material property','density of part',#17859);
#9688=PROPERTY_DEFINITION('material property','material name',#17860);
#9689=PROPERTY_DEFINITION('material property','density of part',#17860);
#9690=PROPERTY_DEFINITION('material property','material name',#17861);
#9691=PROPERTY_DEFINITION('material property','density of part',#17861);
#9692=AXIS2_PLACEMENT_3D('',#13307,#10608,#10609);
#9693=AXIS2_PLACEMENT_3D('',#13308,#10610,#10611);
#9694=AXIS2_PLACEMENT_3D('',#13309,#10612,#10613);
#9695=AXIS2_PLACEMENT_3D('',#13310,#10614,#10615);
#9696=AXIS2_PLACEMENT_3D('',#13311,#10616,#10617);
#9697=AXIS2_PLACEMENT_3D('',#13312,#10618,#10619);
#9698=AXIS2_PLACEMENT_3D('',#13313,#10620,#10621);
#9699=AXIS2_PLACEMENT_3D('',#13315,#10622,#10623);
#9700=AXIS2_PLACEMENT_3D('',#13318,#10625,#10626);
#9701=AXIS2_PLACEMENT_3D('',#13319,#10627,#10628);
#9702=AXIS2_PLACEMENT_3D('',#13321,#10629,#10630);
#9703=AXIS2_PLACEMENT_3D('',#13324,#10632,#10633);
#9704=AXIS2_PLACEMENT_3D('',#13325,#10634,#10635);
#9705=AXIS2_PLACEMENT_3D('',#13326,#10636,#10637);
#9706=AXIS2_PLACEMENT_3D('',#13327,#10638,#10639);
#9707=AXIS2_PLACEMENT_3D('',#13328,#10640,#10641);
#9708=AXIS2_PLACEMENT_3D('',#13330,#10642,#10643);
#9709=AXIS2_PLACEMENT_3D('',#13333,#10645,#10646);
#9710=AXIS2_PLACEMENT_3D('',#13334,#10647,#10648);
#9711=AXIS2_PLACEMENT_3D('',#13336,#10649,#10650);
#9712=AXIS2_PLACEMENT_3D('',#13339,#10652,#10653);
#9713=AXIS2_PLACEMENT_3D('',#13340,#10654,#10655);
#9714=AXIS2_PLACEMENT_3D('',#13342,#10656,#10657);
#9715=AXIS2_PLACEMENT_3D('',#13345,#10659,#10660);
#9716=AXIS2_PLACEMENT_3D('',#13346,#10661,#10662);
#9717=AXIS2_PLACEMENT_3D('',#13348,#10663,#10664);
#9718=AXIS2_PLACEMENT_3D('',#13351,#10666,#10667);
#9719=AXIS2_PLACEMENT_3D('',#13352,#10668,#10669);
#9720=AXIS2_PLACEMENT_3D('',#13354,#10670,#10671);
#9721=AXIS2_PLACEMENT_3D('',#13357,#10673,#10674);
#9722=AXIS2_PLACEMENT_3D('',#13358,#10675,#10676);
#9723=AXIS2_PLACEMENT_3D('',#13360,#10677,#10678);
#9724=AXIS2_PLACEMENT_3D('',#13363,#10680,#10681);
#9725=AXIS2_PLACEMENT_3D('',#13364,#10682,#10683);
#9726=AXIS2_PLACEMENT_3D('',#13366,#10684,#10685);
#9727=AXIS2_PLACEMENT_3D('',#13369,#10687,#10688);
#9728=AXIS2_PLACEMENT_3D('',#13370,#10689,#10690);
#9729=AXIS2_PLACEMENT_3D('',#13379,#10695,#10696);
#9730=AXIS2_PLACEMENT_3D('',#13385,#10700,#10701);
#9731=AXIS2_PLACEMENT_3D('',#13391,#10705,#10706);
#9732=AXIS2_PLACEMENT_3D('',#13397,#10710,#10711);
#9733=AXIS2_PLACEMENT_3D('',#13403,#10715,#10716);
#9734=AXIS2_PLACEMENT_3D('',#13409,#10720,#10721);
#9735=AXIS2_PLACEMENT_3D('',#13415,#10725,#10726);
#9736=AXIS2_PLACEMENT_3D('',#13418,#10729,#10730);
#9737=AXIS2_PLACEMENT_3D('',#13419,#10731,#10732);
#9738=AXIS2_PLACEMENT_3D('',#13420,#10733,#10734);
#9739=AXIS2_PLACEMENT_3D('',#13421,#10735,#10736);
#9740=AXIS2_PLACEMENT_3D('',#13423,#10737,#10738);
#9741=AXIS2_PLACEMENT_3D('',#13426,#10740,#10741);
#9742=AXIS2_PLACEMENT_3D('',#13428,#10742,#10743);
#9743=AXIS2_PLACEMENT_3D('',#13431,#10745,#10746);
#9744=AXIS2_PLACEMENT_3D('',#13432,#10747,#10748);
#9745=AXIS2_PLACEMENT_3D('',#13433,#10749,#10750);
#9746=AXIS2_PLACEMENT_3D('',#13442,#10755,#10756);
#9747=AXIS2_PLACEMENT_3D('',#13448,#10760,#10761);
#9748=AXIS2_PLACEMENT_3D('',#13452,#10764,#10765);
#9749=AXIS2_PLACEMENT_3D('',#13456,#10768,#10769);
#9750=AXIS2_PLACEMENT_3D('',#13458,#10771,#10772);
#9751=AXIS2_PLACEMENT_3D('',#13459,#10773,#10774);
#9752=AXIS2_PLACEMENT_3D('',#13460,#10775,#10776);
#9753=AXIS2_PLACEMENT_3D('',#13461,#10777,#10778);
#9754=AXIS2_PLACEMENT_3D('',#13462,#10779,#10780);
#9755=AXIS2_PLACEMENT_3D('',#13464,#10781,#10782);
#9756=AXIS2_PLACEMENT_3D('',#13467,#10784,#10785);
#9757=AXIS2_PLACEMENT_3D('',#13468,#10786,#10787);
#9758=AXIS2_PLACEMENT_3D('',#13470,#10788,#10789);
#9759=AXIS2_PLACEMENT_3D('',#13471,#10790,#10791);
#9760=AXIS2_PLACEMENT_3D('',#13473,#10792,#10793);
#9761=AXIS2_PLACEMENT_3D('',#13476,#10795,#10796);
#9762=AXIS2_PLACEMENT_3D('',#13477,#10797,#10798);
#9763=AXIS2_PLACEMENT_3D('',#13479,#10799,#10800);
#9764=AXIS2_PLACEMENT_3D('',#13480,#10801,#10802);
#9765=AXIS2_PLACEMENT_3D('',#13482,#10803,#10804);
#9766=AXIS2_PLACEMENT_3D('',#13485,#10806,#10807);
#9767=AXIS2_PLACEMENT_3D('',#13486,#10808,#10809);
#9768=AXIS2_PLACEMENT_3D('',#13488,#10810,#10811);
#9769=AXIS2_PLACEMENT_3D('',#13489,#10812,#10813);
#9770=AXIS2_PLACEMENT_3D('',#13491,#10814,#10815);
#9771=AXIS2_PLACEMENT_3D('',#13494,#10817,#10818);
#9772=AXIS2_PLACEMENT_3D('',#13495,#10819,#10820);
#9773=AXIS2_PLACEMENT_3D('',#13497,#10821,#10822);
#9774=AXIS2_PLACEMENT_3D('',#13498,#10823,#10824);
#9775=AXIS2_PLACEMENT_3D('',#13500,#10825,#10826);
#9776=AXIS2_PLACEMENT_3D('',#13503,#10828,#10829);
#9777=AXIS2_PLACEMENT_3D('',#13504,#10830,#10831);
#9778=AXIS2_PLACEMENT_3D('',#13506,#10832,#10833);
#9779=AXIS2_PLACEMENT_3D('',#13509,#10835,#10836);
#9780=AXIS2_PLACEMENT_3D('',#13510,#10837,#10838);
#9781=AXIS2_PLACEMENT_3D('',#13512,#10839,#10840);
#9782=AXIS2_PLACEMENT_3D('',#13515,#10842,#10843);
#9783=AXIS2_PLACEMENT_3D('',#13516,#10844,#10845);
#9784=AXIS2_PLACEMENT_3D('',#13518,#10846,#10847);
#9785=AXIS2_PLACEMENT_3D('',#13521,#10849,#10850);
#9786=AXIS2_PLACEMENT_3D('',#13522,#10851,#10852);
#9787=AXIS2_PLACEMENT_3D('',#13524,#10853,#10854);
#9788=AXIS2_PLACEMENT_3D('',#13527,#10856,#10857);
#9789=AXIS2_PLACEMENT_3D('',#13528,#10858,#10859);
#9790=AXIS2_PLACEMENT_3D('',#13529,#10860,#10861);
#9791=AXIS2_PLACEMENT_3D('',#13531,#10862,#10863);
#9792=AXIS2_PLACEMENT_3D('',#13534,#10865,#10866);
#9793=AXIS2_PLACEMENT_3D('',#13535,#10867,#10868);
#9794=AXIS2_PLACEMENT_3D('',#13536,#10869,#10870);
#9795=AXIS2_PLACEMENT_3D('',#13538,#10871,#10872);
#9796=AXIS2_PLACEMENT_3D('',#13541,#10874,#10875);
#9797=AXIS2_PLACEMENT_3D('',#13542,#10876,#10877);
#9798=AXIS2_PLACEMENT_3D('',#13544,#10878,#10879);
#9799=AXIS2_PLACEMENT_3D('',#13546,#10881,#10882);
#9800=AXIS2_PLACEMENT_3D('',#13548,#10883,#10884);
#9801=AXIS2_PLACEMENT_3D('',#13550,#10886,#10887);
#9802=AXIS2_PLACEMENT_3D('',#13552,#10888,#10889);
#9803=AXIS2_PLACEMENT_3D('',#13554,#10891,#10892);
#9804=AXIS2_PLACEMENT_3D('',#13556,#10893,#10894);
#9805=AXIS2_PLACEMENT_3D('',#13558,#10896,#10897);
#9806=AXIS2_PLACEMENT_3D('',#13567,#10902,#10903);
#9807=AXIS2_PLACEMENT_3D('',#13573,#10907,#10908);
#9808=AXIS2_PLACEMENT_3D('',#13577,#10911,#10912);
#9809=AXIS2_PLACEMENT_3D('',#13581,#10915,#10916);
#9810=AXIS2_PLACEMENT_3D('',#13583,#10918,#10919);
#9811=AXIS2_PLACEMENT_3D('',#13584,#10920,#10921);
#9812=AXIS2_PLACEMENT_3D('',#13585,#10922,#10923);
#9813=AXIS2_PLACEMENT_3D('',#13587,#10924,#10925);
#9814=AXIS2_PLACEMENT_3D('',#13590,#10927,#10928);
#9815=AXIS2_PLACEMENT_3D('',#13591,#10929,#10930);
#9816=AXIS2_PLACEMENT_3D('',#13593,#10931,#10932);
#9817=AXIS2_PLACEMENT_3D('',#13596,#10934,#10935);
#9818=AXIS2_PLACEMENT_3D('',#13597,#10936,#10937);
#9819=AXIS2_PLACEMENT_3D('',#13598,#10938,#10939);
#9820=AXIS2_PLACEMENT_3D('',#13600,#10940,#10941);
#9821=AXIS2_PLACEMENT_3D('',#13603,#10943,#10944);
#9822=AXIS2_PLACEMENT_3D('',#13604,#10945,#10946);
#9823=AXIS2_PLACEMENT_3D('',#13606,#10947,#10948);
#9824=AXIS2_PLACEMENT_3D('',#13609,#10950,#10951);
#9825=AXIS2_PLACEMENT_3D('',#13610,#10952,#10953);
#9826=AXIS2_PLACEMENT_3D('',#13611,#10954,#10955);
#9827=AXIS2_PLACEMENT_3D('',#13613,#10956,#10957);
#9828=AXIS2_PLACEMENT_3D('',#13616,#10959,#10960);
#9829=AXIS2_PLACEMENT_3D('',#13617,#10961,#10962);
#9830=AXIS2_PLACEMENT_3D('',#13619,#10963,#10964);
#9831=AXIS2_PLACEMENT_3D('',#13622,#10966,#10967);
#9832=AXIS2_PLACEMENT_3D('',#13623,#10968,#10969);
#9833=AXIS2_PLACEMENT_3D('',#13624,#10970,#10971);
#9834=AXIS2_PLACEMENT_3D('',#13626,#10972,#10973);
#9835=AXIS2_PLACEMENT_3D('',#13629,#10975,#10976);
#9836=AXIS2_PLACEMENT_3D('',#13630,#10977,#10978);
#9837=AXIS2_PLACEMENT_3D('',#13632,#10979,#10980);
#9838=AXIS2_PLACEMENT_3D('',#13635,#10982,#10983);
#9839=AXIS2_PLACEMENT_3D('',#13636,#10984,#10985);
#9840=AXIS2_PLACEMENT_3D('',#13637,#10986,#10987);
#9841=AXIS2_PLACEMENT_3D('',#13639,#10988,#10989);
#9842=AXIS2_PLACEMENT_3D('',#13642,#10991,#10992);
#9843=AXIS2_PLACEMENT_3D('',#13643,#10993,#10994);
#9844=AXIS2_PLACEMENT_3D('',#13645,#10995,#10996);
#9845=AXIS2_PLACEMENT_3D('',#13648,#10998,#10999);
#9846=AXIS2_PLACEMENT_3D('',#13649,#11000,#11001);
#9847=AXIS2_PLACEMENT_3D('',#13650,#11002,#11003);
#9848=AXIS2_PLACEMENT_3D('',#13652,#11004,#11005);
#9849=AXIS2_PLACEMENT_3D('',#13655,#11007,#11008);
#9850=AXIS2_PLACEMENT_3D('',#13656,#11009,#11010);
#9851=AXIS2_PLACEMENT_3D('',#13658,#11011,#11012);
#9852=AXIS2_PLACEMENT_3D('',#13661,#11014,#11015);
#9853=AXIS2_PLACEMENT_3D('',#13662,#11016,#11017);
#9854=AXIS2_PLACEMENT_3D('',#13663,#11018,#11019);
#9855=AXIS2_PLACEMENT_3D('',#13665,#11020,#11021);
#9856=AXIS2_PLACEMENT_3D('',#13668,#11023,#11024);
#9857=AXIS2_PLACEMENT_3D('',#13669,#11025,#11026);
#9858=AXIS2_PLACEMENT_3D('',#13671,#11027,#11028);
#9859=AXIS2_PLACEMENT_3D('',#13674,#11030,#11031);
#9860=AXIS2_PLACEMENT_3D('',#13675,#11032,#11033);
#9861=AXIS2_PLACEMENT_3D('',#13676,#11034,#11035);
#9862=AXIS2_PLACEMENT_3D('',#13678,#11036,#11037);
#9863=AXIS2_PLACEMENT_3D('',#13681,#11039,#11040);
#9864=AXIS2_PLACEMENT_3D('',#13682,#11041,#11042);
#9865=AXIS2_PLACEMENT_3D('',#13684,#11043,#11044);
#9866=AXIS2_PLACEMENT_3D('',#13687,#11046,#11047);
#9867=AXIS2_PLACEMENT_3D('',#13688,#11048,#11049);
#9868=AXIS2_PLACEMENT_3D('',#13689,#11050,#11051);
#9869=AXIS2_PLACEMENT_3D('',#13698,#11056,#11057);
#9870=AXIS2_PLACEMENT_3D('',#13704,#11061,#11062);
#9871=AXIS2_PLACEMENT_3D('',#13909,#11165,#11166);
#9872=AXIS2_PLACEMENT_3D('',#13911,#11167,#11168);
#9873=AXIS2_PLACEMENT_3D('',#13913,#11169,#11170);
#9874=AXIS2_PLACEMENT_3D('',#13915,#11171,#11172);
#9875=AXIS2_PLACEMENT_3D('',#13988,#11209,#11210);
#9876=AXIS2_PLACEMENT_3D('',#13994,#11214,#11215);
#9877=AXIS2_PLACEMENT_3D('',#13998,#11218,#11219);
#9878=AXIS2_PLACEMENT_3D('',#14004,#11223,#11224);
#9879=AXIS2_PLACEMENT_3D('',#14008,#11227,#11228);
#9880=AXIS2_PLACEMENT_3D('',#14014,#11232,#11233);
#9881=AXIS2_PLACEMENT_3D('',#14018,#11236,#11237);
#9882=AXIS2_PLACEMENT_3D('',#14024,#11241,#11242);
#9883=AXIS2_PLACEMENT_3D('',#14028,#11245,#11246);
#9884=AXIS2_PLACEMENT_3D('',#14034,#11250,#11251);
#9885=AXIS2_PLACEMENT_3D('',#14038,#11254,#11255);
#9886=AXIS2_PLACEMENT_3D('',#14044,#11259,#11260);
#9887=AXIS2_PLACEMENT_3D('',#14048,#11263,#11264);
#9888=AXIS2_PLACEMENT_3D('',#14054,#11268,#11269);
#9889=AXIS2_PLACEMENT_3D('',#14058,#11272,#11273);
#9890=AXIS2_PLACEMENT_3D('',#14064,#11277,#11278);
#9891=AXIS2_PLACEMENT_3D('',#14068,#11281,#11282);
#9892=AXIS2_PLACEMENT_3D('',#14074,#11286,#11287);
#9893=AXIS2_PLACEMENT_3D('',#14078,#11290,#11291);
#9894=AXIS2_PLACEMENT_3D('',#14084,#11295,#11296);
#9895=AXIS2_PLACEMENT_3D('',#14088,#11299,#11300);
#9896=AXIS2_PLACEMENT_3D('',#14094,#11304,#11305);
#9897=AXIS2_PLACEMENT_3D('',#14098,#11308,#11309);
#9898=AXIS2_PLACEMENT_3D('',#14104,#11313,#11314);
#9899=AXIS2_PLACEMENT_3D('',#14108,#11317,#11318);
#9900=AXIS2_PLACEMENT_3D('',#14114,#11322,#11323);
#9901=AXIS2_PLACEMENT_3D('',#14118,#11326,#11327);
#9902=AXIS2_PLACEMENT_3D('',#14124,#11331,#11332);
#9903=AXIS2_PLACEMENT_3D('',#14128,#11335,#11336);
#9904=AXIS2_PLACEMENT_3D('',#14134,#11340,#11341);
#9905=AXIS2_PLACEMENT_3D('',#14138,#11344,#11345);
#9906=AXIS2_PLACEMENT_3D('',#14144,#11349,#11350);
#9907=AXIS2_PLACEMENT_3D('',#14148,#11353,#11354);
#9908=AXIS2_PLACEMENT_3D('',#14154,#11358,#11359);
#9909=AXIS2_PLACEMENT_3D('',#14158,#11362,#11363);
#9910=AXIS2_PLACEMENT_3D('',#14164,#11367,#11368);
#9911=AXIS2_PLACEMENT_3D('',#14168,#11371,#11372);
#9912=AXIS2_PLACEMENT_3D('',#14174,#11376,#11377);
#9913=AXIS2_PLACEMENT_3D('',#14178,#11380,#11381);
#9914=AXIS2_PLACEMENT_3D('',#14180,#11382,#11383);
#9915=AXIS2_PLACEMENT_3D('',#14182,#11385,#11386);
#9916=AXIS2_PLACEMENT_3D('',#14184,#11387,#11388);
#9917=AXIS2_PLACEMENT_3D('',#14186,#11390,#11391);
#9918=AXIS2_PLACEMENT_3D('',#14188,#11392,#11393);
#9919=AXIS2_PLACEMENT_3D('',#14190,#11395,#11396);
#9920=AXIS2_PLACEMENT_3D('',#14192,#11397,#11398);
#9921=AXIS2_PLACEMENT_3D('',#14194,#11400,#11401);
#9922=AXIS2_PLACEMENT_3D('',#14200,#11405,#11406);
#9923=AXIS2_PLACEMENT_3D('',#14202,#11408,#11409);
#9924=AXIS2_PLACEMENT_3D('',#14206,#11412,#11413);
#9925=AXIS2_PLACEMENT_3D('',#14210,#11416,#11417);
#9926=AXIS2_PLACEMENT_3D('',#14212,#11419,#11420);
#9927=AXIS2_PLACEMENT_3D('',#14218,#11424,#11425);
#9928=AXIS2_PLACEMENT_3D('',#14222,#11428,#11429);
#9929=AXIS2_PLACEMENT_3D('',#14226,#11432,#11433);
#9930=AXIS2_PLACEMENT_3D('',#14230,#11436,#11437);
#9931=AXIS2_PLACEMENT_3D('',#14234,#11440,#11441);
#9932=AXIS2_PLACEMENT_3D('',#14238,#11444,#11445);
#9933=AXIS2_PLACEMENT_3D('',#14242,#11448,#11449);
#9934=AXIS2_PLACEMENT_3D('',#14246,#11452,#11453);
#9935=AXIS2_PLACEMENT_3D('',#14250,#11456,#11457);
#9936=AXIS2_PLACEMENT_3D('',#14254,#11460,#11461);
#9937=AXIS2_PLACEMENT_3D('',#14258,#11464,#11465);
#9938=AXIS2_PLACEMENT_3D('',#14260,#11467,#11468);
#9939=AXIS2_PLACEMENT_3D('',#14266,#11472,#11473);
#9940=AXIS2_PLACEMENT_3D('',#14268,#11475,#11476);
#9941=AXIS2_PLACEMENT_3D('',#14272,#11479,#11480);
#9942=AXIS2_PLACEMENT_3D('',#14276,#11483,#11484);
#9943=AXIS2_PLACEMENT_3D('',#14278,#11486,#11487);
#9944=AXIS2_PLACEMENT_3D('',#14284,#11491,#11492);
#9945=AXIS2_PLACEMENT_3D('',#14288,#11495,#11496);
#9946=AXIS2_PLACEMENT_3D('',#14292,#11499,#11500);
#9947=AXIS2_PLACEMENT_3D('',#14296,#11503,#11504);
#9948=AXIS2_PLACEMENT_3D('',#14300,#11507,#11508);
#9949=AXIS2_PLACEMENT_3D('',#14304,#11511,#11512);
#9950=AXIS2_PLACEMENT_3D('',#14308,#11515,#11516);
#9951=AXIS2_PLACEMENT_3D('',#14312,#11519,#11520);
#9952=AXIS2_PLACEMENT_3D('',#14316,#11523,#11524);
#9953=AXIS2_PLACEMENT_3D('',#14320,#11527,#11528);
#9954=AXIS2_PLACEMENT_3D('',#14324,#11531,#11532);
#9955=AXIS2_PLACEMENT_3D('',#14326,#11534,#11535);
#9956=AXIS2_PLACEMENT_3D('',#14332,#11539,#11540);
#9957=AXIS2_PLACEMENT_3D('',#14334,#11542,#11543);
#9958=AXIS2_PLACEMENT_3D('',#14338,#11546,#11547);
#9959=AXIS2_PLACEMENT_3D('',#14342,#11550,#11551);
#9960=AXIS2_PLACEMENT_3D('',#14344,#11553,#11554);
#9961=AXIS2_PLACEMENT_3D('',#14350,#11558,#11559);
#9962=AXIS2_PLACEMENT_3D('',#14352,#11561,#11562);
#9963=AXIS2_PLACEMENT_3D('',#14356,#11565,#11566);
#9964=AXIS2_PLACEMENT_3D('',#14360,#11569,#11570);
#9965=AXIS2_PLACEMENT_3D('',#14362,#11572,#11573);
#9966=AXIS2_PLACEMENT_3D('',#14368,#11577,#11578);
#9967=AXIS2_PLACEMENT_3D('',#14372,#11581,#11582);
#9968=AXIS2_PLACEMENT_3D('',#14374,#11584,#11585);
#9969=AXIS2_PLACEMENT_3D('',#14378,#11588,#11589);
#9970=AXIS2_PLACEMENT_3D('',#14380,#11591,#11592);
#9971=AXIS2_PLACEMENT_3D('',#14386,#11596,#11597);
#9972=AXIS2_PLACEMENT_3D('',#14390,#11600,#11601);
#9973=AXIS2_PLACEMENT_3D('',#14392,#11603,#11604);
#9974=AXIS2_PLACEMENT_3D('',#14396,#11607,#11608);
#9975=AXIS2_PLACEMENT_3D('',#14398,#11610,#11611);
#9976=AXIS2_PLACEMENT_3D('',#14404,#11615,#11616);
#9977=AXIS2_PLACEMENT_3D('',#14408,#11619,#11620);
#9978=AXIS2_PLACEMENT_3D('',#14412,#11623,#11624);
#9979=AXIS2_PLACEMENT_3D('',#14416,#11627,#11628);
#9980=AXIS2_PLACEMENT_3D('',#14420,#11631,#11632);
#9981=AXIS2_PLACEMENT_3D('',#14424,#11635,#11636);
#9982=AXIS2_PLACEMENT_3D('',#14428,#11639,#11640);
#9983=AXIS2_PLACEMENT_3D('',#14432,#11643,#11644);
#9984=AXIS2_PLACEMENT_3D('',#14436,#11647,#11648);
#9985=AXIS2_PLACEMENT_3D('',#14440,#11651,#11652);
#9986=AXIS2_PLACEMENT_3D('',#14444,#11655,#11656);
#9987=AXIS2_PLACEMENT_3D('',#14446,#11658,#11659);
#9988=AXIS2_PLACEMENT_3D('',#14452,#11663,#11664);
#9989=AXIS2_PLACEMENT_3D('',#14454,#11666,#11667);
#9990=AXIS2_PLACEMENT_3D('',#14458,#11670,#11671);
#9991=AXIS2_PLACEMENT_3D('',#14462,#11674,#11675);
#9992=AXIS2_PLACEMENT_3D('',#14464,#11677,#11678);
#9993=AXIS2_PLACEMENT_3D('',#14470,#11682,#11683);
#9994=AXIS2_PLACEMENT_3D('',#14472,#11685,#11686);
#9995=AXIS2_PLACEMENT_3D('',#14476,#11689,#11690);
#9996=AXIS2_PLACEMENT_3D('',#14480,#11693,#11694);
#9997=AXIS2_PLACEMENT_3D('',#14482,#11696,#11697);
#9998=AXIS2_PLACEMENT_3D('',#14486,#11700,#11701);
#9999=AXIS2_PLACEMENT_3D('',#14490,#11704,#11705);
#10000=AXIS2_PLACEMENT_3D('',#14494,#11708,#11709);
#10001=AXIS2_PLACEMENT_3D('',#14498,#11712,#11713);
#10002=AXIS2_PLACEMENT_3D('',#14500,#11715,#11716);
#10003=AXIS2_PLACEMENT_3D('',#14504,#11719,#11720);
#10004=AXIS2_PLACEMENT_3D('',#14508,#11723,#11724);
#10005=AXIS2_PLACEMENT_3D('',#14514,#11728,#11729);
#10006=AXIS2_PLACEMENT_3D('',#14516,#11731,#11732);
#10007=AXIS2_PLACEMENT_3D('',#14518,#11734,#11735);
#10008=AXIS2_PLACEMENT_3D('',#14522,#11738,#11739);
#10009=AXIS2_PLACEMENT_3D('',#14526,#11742,#11743);
#10010=AXIS2_PLACEMENT_3D('',#14528,#11745,#11746);
#10011=AXIS2_PLACEMENT_3D('',#14530,#11748,#11749);
#10012=AXIS2_PLACEMENT_3D('',#14534,#11752,#11753);
#10013=AXIS2_PLACEMENT_3D('',#14536,#11755,#11756);
#10014=AXIS2_PLACEMENT_3D('',#14538,#11758,#11759);
#10015=AXIS2_PLACEMENT_3D('',#14542,#11762,#11763);
#10016=AXIS2_PLACEMENT_3D('',#14544,#11765,#11766);
#10017=AXIS2_PLACEMENT_3D('',#14546,#11768,#11769);
#10018=AXIS2_PLACEMENT_3D('',#14551,#11774,#11775);
#10019=AXIS2_PLACEMENT_3D('',#14552,#11776,#11777);
#10020=AXIS2_PLACEMENT_3D('',#14553,#11778,#11779);
#10021=AXIS2_PLACEMENT_3D('',#14554,#11780,#11781);
#10022=AXIS2_PLACEMENT_3D('',#14555,#11782,#11783);
#10023=AXIS2_PLACEMENT_3D('',#14556,#11784,#11785);
#10024=AXIS2_PLACEMENT_3D('',#14558,#11786,#11787);
#10025=AXIS2_PLACEMENT_3D('',#14561,#11789,#11790);
#10026=AXIS2_PLACEMENT_3D('',#14562,#11791,#11792);
#10027=AXIS2_PLACEMENT_3D('',#14564,#11793,#11794);
#10028=AXIS2_PLACEMENT_3D('',#14565,#11795,#11796);
#10029=AXIS2_PLACEMENT_3D('',#14567,#11797,#11798);
#10030=AXIS2_PLACEMENT_3D('',#14570,#11800,#11801);
#10031=AXIS2_PLACEMENT_3D('',#14571,#11802,#11803);
#10032=AXIS2_PLACEMENT_3D('',#14573,#11804,#11805);
#10033=AXIS2_PLACEMENT_3D('',#14574,#11806,#11807);
#10034=AXIS2_PLACEMENT_3D('',#14576,#11808,#11809);
#10035=AXIS2_PLACEMENT_3D('',#14579,#11811,#11812);
#10036=AXIS2_PLACEMENT_3D('',#14580,#11813,#11814);
#10037=AXIS2_PLACEMENT_3D('',#14582,#11815,#11816);
#10038=AXIS2_PLACEMENT_3D('',#14583,#11817,#11818);
#10039=AXIS2_PLACEMENT_3D('',#14585,#11819,#11820);
#10040=AXIS2_PLACEMENT_3D('',#14588,#11822,#11823);
#10041=AXIS2_PLACEMENT_3D('',#14589,#11824,#11825);
#10042=AXIS2_PLACEMENT_3D('',#14591,#11826,#11827);
#10043=AXIS2_PLACEMENT_3D('',#14592,#11828,#11829);
#10044=AXIS2_PLACEMENT_3D('',#14594,#11830,#11831);
#10045=AXIS2_PLACEMENT_3D('',#14597,#11833,#11834);
#10046=AXIS2_PLACEMENT_3D('',#14598,#11835,#11836);
#10047=AXIS2_PLACEMENT_3D('',#14599,#11837,#11838);
#10048=AXIS2_PLACEMENT_3D('',#14601,#11839,#11840);
#10049=AXIS2_PLACEMENT_3D('',#14604,#11842,#11843);
#10050=AXIS2_PLACEMENT_3D('',#14605,#11844,#11845);
#10051=AXIS2_PLACEMENT_3D('',#14606,#11846,#11847);
#10052=AXIS2_PLACEMENT_3D('',#14609,#11849,#11850);
#10053=AXIS2_PLACEMENT_3D('',#14610,#11851,#11852);
#10054=AXIS2_PLACEMENT_3D('',#14613,#11854,#11855);
#10055=AXIS2_PLACEMENT_3D('',#14614,#11856,#11857);
#10056=AXIS2_PLACEMENT_3D('',#14617,#11859,#11860);
#10057=AXIS2_PLACEMENT_3D('',#14618,#11861,#11862);
#10058=AXIS2_PLACEMENT_3D('',#14621,#11864,#11865);
#10059=AXIS2_PLACEMENT_3D('',#14622,#11866,#11867);
#10060=AXIS2_PLACEMENT_3D('',#14624,#11868,#11869);
#10061=AXIS2_PLACEMENT_3D('',#14627,#11871,#11872);
#10062=AXIS2_PLACEMENT_3D('',#14628,#11873,#11874);
#10063=AXIS2_PLACEMENT_3D('',#14637,#11879,#11880);
#10064=AXIS2_PLACEMENT_3D('',#14643,#11884,#11885);
#10065=AXIS2_PLACEMENT_3D('',#14647,#11888,#11889);
#10066=AXIS2_PLACEMENT_3D('',#14651,#11892,#11893);
#10067=AXIS2_PLACEMENT_3D('',#14653,#11895,#11896);
#10068=AXIS2_PLACEMENT_3D('',#14654,#11897,#11898);
#10069=AXIS2_PLACEMENT_3D('',#14655,#11899,#11900);
#10070=AXIS2_PLACEMENT_3D('',#14657,#11901,#11902);
#10071=AXIS2_PLACEMENT_3D('',#14660,#11904,#11905);
#10072=AXIS2_PLACEMENT_3D('',#14661,#11906,#11907);
#10073=AXIS2_PLACEMENT_3D('',#14664,#11909,#11910);
#10074=AXIS2_PLACEMENT_3D('',#14665,#11911,#11912);
#10075=AXIS2_PLACEMENT_3D('',#14666,#11913,#11914);
#10076=AXIS2_PLACEMENT_3D('',#14668,#11915,#11916);
#10077=AXIS2_PLACEMENT_3D('',#14670,#11917,#11918);
#10078=AXIS2_PLACEMENT_3D('',#14671,#11919,#11920);
#10079=AXIS2_PLACEMENT_3D('',#14672,#11921,#11922);
#10080=AXIS2_PLACEMENT_3D('',#14675,#11924,#11925);
#10081=AXIS2_PLACEMENT_3D('',#14676,#11926,#11927);
#10082=AXIS2_PLACEMENT_3D('',#14689,#11934,#11935);
#10083=AXIS2_PLACEMENT_3D('',#14695,#11939,#11940);
#10084=AXIS2_PLACEMENT_3D('',#14699,#11943,#11944);
#10085=AXIS2_PLACEMENT_3D('',#14703,#11947,#11948);
#10086=AXIS2_PLACEMENT_3D('',#14707,#11951,#11952);
#10087=AXIS2_PLACEMENT_3D('',#14711,#11955,#11956);
#10088=AXIS2_PLACEMENT_3D('',#14713,#11958,#11959);
#10089=AXIS2_PLACEMENT_3D('',#14714,#11960,#11961);
#10090=AXIS2_PLACEMENT_3D('',#14715,#11962,#11963);
#10091=AXIS2_PLACEMENT_3D('',#14716,#11964,#11965);
#10092=AXIS2_PLACEMENT_3D('',#14718,#11966,#11967);
#10093=AXIS2_PLACEMENT_3D('',#14721,#11969,#11970);
#10094=AXIS2_PLACEMENT_3D('',#14722,#11971,#11972);
#10095=AXIS2_PLACEMENT_3D('',#14723,#11973,#11974);
#10096=AXIS2_PLACEMENT_3D('',#14724,#11975,#11976);
#10097=AXIS2_PLACEMENT_3D('',#14725,#11977,#11978);
#10098=AXIS2_PLACEMENT_3D('',#14734,#11983,#11984);
#10099=AXIS2_PLACEMENT_3D('',#14740,#11988,#11989);
#10100=AXIS2_PLACEMENT_3D('',#14747,#11993,#11994);
#10101=AXIS2_PLACEMENT_3D('',#14749,#11995,#11996);
#10102=AXIS2_PLACEMENT_3D('',#14751,#11997,#11998);
#10103=AXIS2_PLACEMENT_3D('',#14752,#11999,#12000);
#10104=AXIS2_PLACEMENT_3D('',#14754,#12001,#12002);
#10105=AXIS2_PLACEMENT_3D('',#14756,#12004,#12005);
#10106=AXIS2_PLACEMENT_3D('',#14758,#12006,#12007);
#10107=AXIS2_PLACEMENT_3D('',#14760,#12009,#12010);
#10108=AXIS2_PLACEMENT_3D('',#14762,#12011,#12012);
#10109=AXIS2_PLACEMENT_3D('',#14764,#12014,#12015);
#10110=AXIS2_PLACEMENT_3D('',#14770,#12019,#12020);
#10111=AXIS2_PLACEMENT_3D('',#14774,#12023,#12024);
#10112=AXIS2_PLACEMENT_3D('',#14778,#12027,#12028);
#10113=AXIS2_PLACEMENT_3D('',#14780,#12030,#12031);
#10114=AXIS2_PLACEMENT_3D('',#14781,#12032,#12033);
#10115=AXIS2_PLACEMENT_3D('',#14782,#12034,#12035);
#10116=AXIS2_PLACEMENT_3D('',#14784,#12036,#12037);
#10117=AXIS2_PLACEMENT_3D('',#14786,#12038,#12039);
#10118=AXIS2_PLACEMENT_3D('',#14787,#12040,#12041);
#10119=AXIS2_PLACEMENT_3D('',#14790,#12043,#12044);
#10120=AXIS2_PLACEMENT_3D('',#14791,#12045,#12046);
#10121=AXIS2_PLACEMENT_3D('',#14793,#12047,#12048);
#10122=AXIS2_PLACEMENT_3D('',#14794,#12049,#12050);
#10123=AXIS2_PLACEMENT_3D('',#14797,#12051,#12052);
#10124=AXIS2_PLACEMENT_3D('',#14799,#12054,#12055);
#10125=AXIS2_PLACEMENT_3D('',#14800,#12056,#12057);
#10126=AXIS2_PLACEMENT_3D('',#14802,#12058,#12059);
#10127=AXIS2_PLACEMENT_3D('',#14804,#12060,#12061);
#10128=AXIS2_PLACEMENT_3D('',#14805,#12062,#12063);
#10129=AXIS2_PLACEMENT_3D('',#14806,#12064,#12065);
#10130=AXIS2_PLACEMENT_3D('',#14808,#12067,#12068);
#10131=AXIS2_PLACEMENT_3D('',#14811,#12069,#12070);
#10132=AXIS2_PLACEMENT_3D('',#14813,#12071,#12072);
#10133=AXIS2_PLACEMENT_3D('',#14815,#12073,#12074);
#10134=AXIS2_PLACEMENT_3D('',#14816,#12075,#12076);
#10135=AXIS2_PLACEMENT_3D('',#14817,#12077,#12078);
#10136=AXIS2_PLACEMENT_3D('',#14818,#12079,#12080);
#10137=AXIS2_PLACEMENT_3D('',#14821,#12082,#12083);
#10138=AXIS2_PLACEMENT_3D('',#14822,#12084,#12085);
#10139=AXIS2_PLACEMENT_3D('',#14824,#12086,#12087);
#10140=AXIS2_PLACEMENT_3D('',#14825,#12088,#12089);
#10141=AXIS2_PLACEMENT_3D('',#14827,#12090,#12091);
#10142=AXIS2_PLACEMENT_3D('',#14829,#12093,#12094);
#10143=AXIS2_PLACEMENT_3D('',#14831,#12095,#12096);
#10144=AXIS2_PLACEMENT_3D('',#14832,#12097,#12098);
#10145=AXIS2_PLACEMENT_3D('',#14834,#12100,#12101);
#10146=AXIS2_PLACEMENT_3D('',#14837,#12102,#12103);
#10147=AXIS2_PLACEMENT_3D('',#14838,#12104,#12105);
#10148=AXIS2_PLACEMENT_3D('',#14841,#12106,#12107);
#10149=AXIS2_PLACEMENT_3D('',#14842,#12108,#12109);
#10150=AXIS2_PLACEMENT_3D('',#14845,#12110,#12111);
#10151=AXIS2_PLACEMENT_3D('',#14846,#12112,#12113);
#10152=AXIS2_PLACEMENT_3D('',#14849,#12114,#12115);
#10153=AXIS2_PLACEMENT_3D('',#14850,#12116,#12117);
#10154=AXIS2_PLACEMENT_3D('',#14853,#12118,#12119);
#10155=AXIS2_PLACEMENT_3D('',#14854,#12120,#12121);
#10156=AXIS2_PLACEMENT_3D('',#14857,#12122,#12123);
#10157=AXIS2_PLACEMENT_3D('',#14858,#12124,#12125);
#10158=AXIS2_PLACEMENT_3D('',#14861,#12126,#12127);
#10159=AXIS2_PLACEMENT_3D('',#14862,#12128,#12129);
#10160=AXIS2_PLACEMENT_3D('',#14865,#12130,#12131);
#10161=AXIS2_PLACEMENT_3D('',#14866,#12132,#12133);
#10162=AXIS2_PLACEMENT_3D('',#14892,#12134,#12135);
#10163=AXIS2_PLACEMENT_3D('',#14916,#12136,#12137);
#10164=AXIS2_PLACEMENT_3D('',#14917,#12138,#12139);
#10165=AXIS2_PLACEMENT_3D('',#14919,#12140,#12141);
#10166=AXIS2_PLACEMENT_3D('',#14921,#12142,#12143);
#10167=AXIS2_PLACEMENT_3D('',#14922,#12144,#12145);
#10168=AXIS2_PLACEMENT_3D('',#14923,#12146,#12147);
#10169=AXIS2_PLACEMENT_3D('',#14970,#12148,#12149);
#10170=AXIS2_PLACEMENT_3D('',#14971,#12150,#12151);
#10171=AXIS2_PLACEMENT_3D('',#14973,#12152,#12153);
#10172=AXIS2_PLACEMENT_3D('',#14975,#12154,#12155);
#10173=AXIS2_PLACEMENT_3D('',#14976,#12156,#12157);
#10174=AXIS2_PLACEMENT_3D('',#14977,#12158,#12159);
#10175=AXIS2_PLACEMENT_3D('',#15024,#12160,#12161);
#10176=AXIS2_PLACEMENT_3D('',#15025,#12162,#12163);
#10177=AXIS2_PLACEMENT_3D('',#15027,#12164,#12165);
#10178=AXIS2_PLACEMENT_3D('',#15029,#12166,#12167);
#10179=AXIS2_PLACEMENT_3D('',#15030,#12168,#12169);
#10180=AXIS2_PLACEMENT_3D('',#15031,#12170,#12171);
#10181=AXIS2_PLACEMENT_3D('',#15078,#12172,#12173);
#10182=AXIS2_PLACEMENT_3D('',#15079,#12174,#12175);
#10183=AXIS2_PLACEMENT_3D('',#15081,#12176,#12177);
#10184=AXIS2_PLACEMENT_3D('',#15083,#12178,#12179);
#10185=AXIS2_PLACEMENT_3D('',#15084,#12180,#12181);
#10186=AXIS2_PLACEMENT_3D('',#15085,#12182,#12183);
#10187=AXIS2_PLACEMENT_3D('',#15126,#12184,#12185);
#10188=AXIS2_PLACEMENT_3D('',#15139,#12186,#12187);
#10189=AXIS2_PLACEMENT_3D('',#15141,#12188,#12189);
#10190=AXIS2_PLACEMENT_3D('',#15143,#12190,#12191);
#10191=AXIS2_PLACEMENT_3D('',#15144,#12192,#12193);
#10192=AXIS2_PLACEMENT_3D('',#15145,#12194,#12195);
#10193=AXIS2_PLACEMENT_3D('',#15192,#12196,#12197);
#10194=AXIS2_PLACEMENT_3D('',#15193,#12198,#12199);
#10195=AXIS2_PLACEMENT_3D('',#15195,#12200,#12201);
#10196=AXIS2_PLACEMENT_3D('',#15197,#12202,#12203);
#10197=AXIS2_PLACEMENT_3D('',#15198,#12204,#12205);
#10198=AXIS2_PLACEMENT_3D('',#15199,#12206,#12207);
#10199=AXIS2_PLACEMENT_3D('',#15224,#12208,#12209);
#10200=AXIS2_PLACEMENT_3D('',#15247,#12210,#12211);
#10201=AXIS2_PLACEMENT_3D('',#15249,#12212,#12213);
#10202=AXIS2_PLACEMENT_3D('',#15251,#12214,#12215);
#10203=AXIS2_PLACEMENT_3D('',#15252,#12216,#12217);
#10204=AXIS2_PLACEMENT_3D('',#15253,#12218,#12219);
#10205=AXIS2_PLACEMENT_3D('',#15300,#12220,#12221);
#10206=AXIS2_PLACEMENT_3D('',#15301,#12222,#12223);
#10207=AXIS2_PLACEMENT_3D('',#15302,#12224,#12225);
#10208=AXIS2_PLACEMENT_3D('',#15303,#12226,#12227);
#10209=AXIS2_PLACEMENT_3D('',#15304,#12228,#12229);
#10210=AXIS2_PLACEMENT_3D('',#15330,#12230,#12231);
#10211=AXIS2_PLACEMENT_3D('',#15354,#12232,#12233);
#10212=AXIS2_PLACEMENT_3D('',#15355,#12234,#12235);
#10213=AXIS2_PLACEMENT_3D('',#15372,#12237,#12238);
#10214=AXIS2_PLACEMENT_3D('',#15397,#12239,#12240);
#10215=AXIS2_PLACEMENT_3D('',#15422,#12241,#12242);
#10216=AXIS2_PLACEMENT_3D('',#15446,#12243,#12244);
#10217=AXIS2_PLACEMENT_3D('',#15448,#12245,#12246);
#10218=AXIS2_PLACEMENT_3D('',#15473,#12247,#12248);
#10219=AXIS2_PLACEMENT_3D('',#15498,#12249,#12250);
#10220=AXIS2_PLACEMENT_3D('',#15523,#12251,#12252);
#10221=AXIS2_PLACEMENT_3D('',#15536,#12253,#12254);
#10222=AXIS2_PLACEMENT_3D('',#15538,#12255,#12256);
#10223=AXIS2_PLACEMENT_3D('',#15539,#12257,#12258);
#10224=AXIS2_PLACEMENT_3D('',#15540,#12259,#12260);
#10225=AXIS2_PLACEMENT_3D('',#15564,#12261,#12262);
#10226=AXIS2_PLACEMENT_3D('',#15565,#12263,#12264);
#10227=AXIS2_PLACEMENT_3D('',#15567,#12265,#12266);
#10228=AXIS2_PLACEMENT_3D('',#15568,#12267,#12268);
#10229=AXIS2_PLACEMENT_3D('',#15569,#12269,#12270);
#10230=AXIS2_PLACEMENT_3D('',#15593,#12271,#12272);
#10231=AXIS2_PLACEMENT_3D('',#15594,#12273,#12274);
#10232=AXIS2_PLACEMENT_3D('',#15596,#12275,#12276);
#10233=AXIS2_PLACEMENT_3D('',#15597,#12277,#12278);
#10234=AXIS2_PLACEMENT_3D('',#15598,#12279,#12280);
#10235=AXIS2_PLACEMENT_3D('',#15622,#12281,#12282);
#10236=AXIS2_PLACEMENT_3D('',#15623,#12283,#12284);
#10237=AXIS2_PLACEMENT_3D('',#15625,#12285,#12286);
#10238=AXIS2_PLACEMENT_3D('',#15626,#12287,#12288);
#10239=AXIS2_PLACEMENT_3D('',#15627,#12289,#12290);
#10240=AXIS2_PLACEMENT_3D('',#15642,#12291,#12292);
#10241=AXIS2_PLACEMENT_3D('',#15655,#12293,#12294);
#10242=AXIS2_PLACEMENT_3D('',#15657,#12295,#12296);
#10243=AXIS2_PLACEMENT_3D('',#15658,#12297,#12298);
#10244=AXIS2_PLACEMENT_3D('',#15659,#12299,#12300);
#10245=AXIS2_PLACEMENT_3D('',#15683,#12301,#12302);
#10246=AXIS2_PLACEMENT_3D('',#15684,#12303,#12304);
#10247=AXIS2_PLACEMENT_3D('',#15686,#12305,#12306);
#10248=AXIS2_PLACEMENT_3D('',#15687,#12307,#12308);
#10249=AXIS2_PLACEMENT_3D('',#15688,#12309,#12310);
#10250=AXIS2_PLACEMENT_3D('',#15712,#12311,#12312);
#10251=AXIS2_PLACEMENT_3D('',#15713,#12313,#12314);
#10252=AXIS2_PLACEMENT_3D('',#15716,#12316,#12317);
#10253=AXIS2_PLACEMENT_3D('',#15740,#12318,#12319);
#10254=AXIS2_PLACEMENT_3D('',#15741,#12320,#12321);
#10255=AXIS2_PLACEMENT_3D('',#15742,#12322,#12323);
#10256=AXIS2_PLACEMENT_3D('',#15743,#12324,#12325);
#10257=AXIS2_PLACEMENT_3D('',#15744,#12326,#12327);
#10258=AXIS2_PLACEMENT_3D('',#15745,#12328,#12329);
#10259=AXIS2_PLACEMENT_3D('',#15746,#12330,#12331);
#10260=AXIS2_PLACEMENT_3D('',#15772,#12332,#12333);
#10261=AXIS2_PLACEMENT_3D('',#15796,#12334,#12335);
#10262=AXIS2_PLACEMENT_3D('',#15797,#12336,#12337);
#10263=AXIS2_PLACEMENT_3D('',#15799,#12338,#12339);
#10264=AXIS2_PLACEMENT_3D('',#15801,#12340,#12341);
#10265=AXIS2_PLACEMENT_3D('',#15802,#12342,#12343);
#10266=AXIS2_PLACEMENT_3D('',#15803,#12344,#12345);
#10267=AXIS2_PLACEMENT_3D('',#15850,#12346,#12347);
#10268=AXIS2_PLACEMENT_3D('',#15851,#12348,#12349);
#10269=AXIS2_PLACEMENT_3D('',#15853,#12350,#12351);
#10270=AXIS2_PLACEMENT_3D('',#15855,#12352,#12353);
#10271=AXIS2_PLACEMENT_3D('',#15856,#12354,#12355);
#10272=AXIS2_PLACEMENT_3D('',#15857,#12356,#12357);
#10273=AXIS2_PLACEMENT_3D('',#15904,#12358,#12359);
#10274=AXIS2_PLACEMENT_3D('',#15905,#12360,#12361);
#10275=AXIS2_PLACEMENT_3D('',#15907,#12362,#12363);
#10276=AXIS2_PLACEMENT_3D('',#15909,#12364,#12365);
#10277=AXIS2_PLACEMENT_3D('',#15910,#12366,#12367);
#10278=AXIS2_PLACEMENT_3D('',#15911,#12368,#12369);
#10279=AXIS2_PLACEMENT_3D('',#15952,#12370,#12371);
#10280=AXIS2_PLACEMENT_3D('',#15965,#12372,#12373);
#10281=AXIS2_PLACEMENT_3D('',#15967,#12374,#12375);
#10282=AXIS2_PLACEMENT_3D('',#15969,#12376,#12377);
#10283=AXIS2_PLACEMENT_3D('',#15970,#12378,#12379);
#10284=AXIS2_PLACEMENT_3D('',#15971,#12380,#12381);
#10285=AXIS2_PLACEMENT_3D('',#16018,#12382,#12383);
#10286=AXIS2_PLACEMENT_3D('',#16019,#12384,#12385);
#10287=AXIS2_PLACEMENT_3D('',#16021,#12386,#12387);
#10288=AXIS2_PLACEMENT_3D('',#16023,#12388,#12389);
#10289=AXIS2_PLACEMENT_3D('',#16024,#12390,#12391);
#10290=AXIS2_PLACEMENT_3D('',#16025,#12392,#12393);
#10291=AXIS2_PLACEMENT_3D('',#16072,#12394,#12395);
#10292=AXIS2_PLACEMENT_3D('',#16073,#12396,#12397);
#10293=AXIS2_PLACEMENT_3D('',#16075,#12398,#12399);
#10294=AXIS2_PLACEMENT_3D('',#16077,#12400,#12401);
#10295=AXIS2_PLACEMENT_3D('',#16078,#12402,#12403);
#10296=AXIS2_PLACEMENT_3D('',#16079,#12404,#12405);
#10297=AXIS2_PLACEMENT_3D('',#16104,#12406,#12407);
#10298=AXIS2_PLACEMENT_3D('',#16127,#12408,#12409);
#10299=AXIS2_PLACEMENT_3D('',#16129,#12410,#12411);
#10300=AXIS2_PLACEMENT_3D('',#16131,#12412,#12413);
#10301=AXIS2_PLACEMENT_3D('',#16132,#12414,#12415);
#10302=AXIS2_PLACEMENT_3D('',#16133,#12416,#12417);
#10303=AXIS2_PLACEMENT_3D('',#16180,#12418,#12419);
#10304=AXIS2_PLACEMENT_3D('',#16181,#12420,#12421);
#10305=AXIS2_PLACEMENT_3D('',#16182,#12422,#12423);
#10306=AXIS2_PLACEMENT_3D('',#16183,#12424,#12425);
#10307=AXIS2_PLACEMENT_3D('',#16184,#12426,#12427);
#10308=AXIS2_PLACEMENT_3D('',#16210,#12428,#12429);
#10309=AXIS2_PLACEMENT_3D('',#16234,#12430,#12431);
#10310=AXIS2_PLACEMENT_3D('',#16235,#12432,#12433);
#10311=AXIS2_PLACEMENT_3D('',#16237,#12434,#12435);
#10312=AXIS2_PLACEMENT_3D('',#16262,#12436,#12437);
#10313=AXIS2_PLACEMENT_3D('',#16287,#12438,#12439);
#10314=AXIS2_PLACEMENT_3D('',#16316,#12441,#12442);
#10315=AXIS2_PLACEMENT_3D('',#16341,#12443,#12444);
#10316=AXIS2_PLACEMENT_3D('',#16366,#12445,#12446);
#10317=AXIS2_PLACEMENT_3D('',#16391,#12447,#12448);
#10318=AXIS2_PLACEMENT_3D('',#16415,#12449,#12450);
#10319=AXIS2_PLACEMENT_3D('',#16416,#12451,#12452);
#10320=AXIS2_PLACEMENT_3D('',#16418,#12453,#12454);
#10321=AXIS2_PLACEMENT_3D('',#16419,#12455,#12456);
#10322=AXIS2_PLACEMENT_3D('',#16420,#12457,#12458);
#10323=AXIS2_PLACEMENT_3D('',#16444,#12459,#12460);
#10324=AXIS2_PLACEMENT_3D('',#16445,#12461,#12462);
#10325=AXIS2_PLACEMENT_3D('',#16447,#12463,#12464);
#10326=AXIS2_PLACEMENT_3D('',#16448,#12465,#12466);
#10327=AXIS2_PLACEMENT_3D('',#16449,#12467,#12468);
#10328=AXIS2_PLACEMENT_3D('',#16473,#12469,#12470);
#10329=AXIS2_PLACEMENT_3D('',#16474,#12471,#12472);
#10330=AXIS2_PLACEMENT_3D('',#16476,#12473,#12474);
#10331=AXIS2_PLACEMENT_3D('',#16477,#12475,#12476);
#10332=AXIS2_PLACEMENT_3D('',#16478,#12477,#12478);
#10333=AXIS2_PLACEMENT_3D('',#16493,#12479,#12480);
#10334=AXIS2_PLACEMENT_3D('',#16506,#12481,#12482);
#10335=AXIS2_PLACEMENT_3D('',#16508,#12483,#12484);
#10336=AXIS2_PLACEMENT_3D('',#16509,#12485,#12486);
#10337=AXIS2_PLACEMENT_3D('',#16510,#12487,#12488);
#10338=AXIS2_PLACEMENT_3D('',#16534,#12489,#12490);
#10339=AXIS2_PLACEMENT_3D('',#16535,#12491,#12492);
#10340=AXIS2_PLACEMENT_3D('',#16537,#12493,#12494);
#10341=AXIS2_PLACEMENT_3D('',#16538,#12495,#12496);
#10342=AXIS2_PLACEMENT_3D('',#16539,#12497,#12498);
#10343=AXIS2_PLACEMENT_3D('',#16563,#12499,#12500);
#10344=AXIS2_PLACEMENT_3D('',#16564,#12501,#12502);
#10345=AXIS2_PLACEMENT_3D('',#16566,#12503,#12504);
#10346=AXIS2_PLACEMENT_3D('',#16567,#12505,#12506);
#10347=AXIS2_PLACEMENT_3D('',#16568,#12507,#12508);
#10348=AXIS2_PLACEMENT_3D('',#16592,#12509,#12510);
#10349=AXIS2_PLACEMENT_3D('',#16593,#12511,#12512);
#10350=AXIS2_PLACEMENT_3D('',#16595,#12513,#12514);
#10351=AXIS2_PLACEMENT_3D('',#16619,#12515,#12516);
#10352=AXIS2_PLACEMENT_3D('',#16621,#12518,#12519);
#10353=AXIS2_PLACEMENT_3D('',#16622,#12520,#12521);
#10354=AXIS2_PLACEMENT_3D('',#16623,#12522,#12523);
#10355=AXIS2_PLACEMENT_3D('',#16624,#12524,#12525);
#10356=AXIS2_PLACEMENT_3D('',#16625,#12526,#12527);
#10357=AXIS2_PLACEMENT_3D('',#16626,#12528,#12529);
#10358=AXIS2_PLACEMENT_3D('',#16627,#12530,#12531);
#10359=AXIS2_PLACEMENT_3D('',#16628,#12532,#12533);
#10360=AXIS2_PLACEMENT_3D('',#16629,#12534,#12535);
#10361=AXIS2_PLACEMENT_3D('',#16630,#12536,#12537);
#10362=AXIS2_PLACEMENT_3D('',#16631,#12538,#12539);
#10363=AXIS2_PLACEMENT_3D('',#16632,#12540,#12541);
#10364=AXIS2_PLACEMENT_3D('',#16633,#12542,#12543);
#10365=AXIS2_PLACEMENT_3D('',#16634,#12544,#12545);
#10366=AXIS2_PLACEMENT_3D('',#16635,#12546,#12547);
#10367=AXIS2_PLACEMENT_3D('',#16636,#12548,#12549);
#10368=AXIS2_PLACEMENT_3D('',#16637,#12550,#12551);
#10369=AXIS2_PLACEMENT_3D('',#16638,#12552,#12553);
#10370=AXIS2_PLACEMENT_3D('',#16639,#12554,#12555);
#10371=AXIS2_PLACEMENT_3D('',#16640,#12556,#12557);
#10372=AXIS2_PLACEMENT_3D('',#16641,#12558,#12559);
#10373=AXIS2_PLACEMENT_3D('',#16642,#12560,#12561);
#10374=AXIS2_PLACEMENT_3D('',#16643,#12562,#12563);
#10375=AXIS2_PLACEMENT_3D('',#16644,#12564,#12565);
#10376=AXIS2_PLACEMENT_3D('',#16645,#12566,#12567);
#10377=AXIS2_PLACEMENT_3D('',#16646,#12568,#12569);
#10378=AXIS2_PLACEMENT_3D('',#16647,#12570,#12571);
#10379=AXIS2_PLACEMENT_3D('',#16648,#12572,#12573);
#10380=AXIS2_PLACEMENT_3D('',#16649,#12574,#12575);
#10381=AXIS2_PLACEMENT_3D('',#16650,#12576,#12577);
#10382=AXIS2_PLACEMENT_3D('',#16651,#12578,#12579);
#10383=AXIS2_PLACEMENT_3D('',#16652,#12580,#12581);
#10384=AXIS2_PLACEMENT_3D('',#16653,#12582,#12583);
#10385=AXIS2_PLACEMENT_3D('',#16654,#12584,#12585);
#10386=AXIS2_PLACEMENT_3D('',#16655,#12586,#12587);
#10387=AXIS2_PLACEMENT_3D('',#16656,#12588,#12589);
#10388=AXIS2_PLACEMENT_3D('',#16665,#12594,#12595);
#10389=AXIS2_PLACEMENT_3D('',#16679,#12603,#12604);
#10390=AXIS2_PLACEMENT_3D('',#16691,#12611,#12612);
#10391=AXIS2_PLACEMENT_3D('',#16697,#12616,#12617);
#10392=AXIS2_PLACEMENT_3D('',#16705,#12622,#12623);
#10393=AXIS2_PLACEMENT_3D('',#16715,#12629,#12630);
#10394=AXIS2_PLACEMENT_3D('',#16719,#12633,#12634);
#10395=AXIS2_PLACEMENT_3D('',#16725,#12638,#12639);
#10396=AXIS2_PLACEMENT_3D('',#16729,#12642,#12643);
#10397=AXIS2_PLACEMENT_3D('',#16735,#12647,#12648);
#10398=AXIS2_PLACEMENT_3D('',#16741,#12652,#12653);
#10399=AXIS2_PLACEMENT_3D('',#16743,#12655,#12656);
#10400=AXIS2_PLACEMENT_3D('',#16749,#12660,#12661);
#10401=AXIS2_PLACEMENT_3D('',#16755,#12665,#12666);
#10402=AXIS2_PLACEMENT_3D('',#16761,#12670,#12671);
#10403=AXIS2_PLACEMENT_3D('',#16763,#12673,#12674);
#10404=AXIS2_PLACEMENT_3D('',#16767,#12677,#12678);
#10405=AXIS2_PLACEMENT_3D('',#16771,#12681,#12682);
#10406=AXIS2_PLACEMENT_3D('',#16774,#12685,#12686);
#10407=AXIS2_PLACEMENT_3D('',#16776,#12688,#12689);
#10408=AXIS2_PLACEMENT_3D('',#16777,#12690,#12691);
#10409=AXIS2_PLACEMENT_3D('',#16778,#12692,#12693);
#10410=AXIS2_PLACEMENT_3D('',#16779,#12694,#12695);
#10411=AXIS2_PLACEMENT_3D('',#16788,#12700,#12701);
#10412=AXIS2_PLACEMENT_3D('',#16796,#12706,#12707);
#10413=AXIS2_PLACEMENT_3D('',#16816,#12718,#12719);
#10414=AXIS2_PLACEMENT_3D('',#16825,#12724,#12725);
#10415=AXIS2_PLACEMENT_3D('',#16847,#12737,#12738);
#10416=AXIS2_PLACEMENT_3D('',#16853,#12742,#12743);
#10417=AXIS2_PLACEMENT_3D('',#16859,#12747,#12748);
#10418=AXIS2_PLACEMENT_3D('',#16881,#12760,#12761);
#10419=AXIS2_PLACEMENT_3D('',#16885,#12764,#12765);
#10420=AXIS2_PLACEMENT_3D('',#16888,#12768,#12769);
#10421=AXIS2_PLACEMENT_3D('',#16892,#12772,#12773);
#10422=AXIS2_PLACEMENT_3D('',#16898,#12777,#12778);
#10423=AXIS2_PLACEMENT_3D('',#16904,#12782,#12783);
#10424=AXIS2_PLACEMENT_3D('',#16910,#12787,#12788);
#10425=AXIS2_PLACEMENT_3D('',#16919,#12793,#12794);
#10426=AXIS2_PLACEMENT_3D('',#16922,#12797,#12798);
#10427=AXIS2_PLACEMENT_3D('',#16928,#12802,#12803);
#10428=AXIS2_PLACEMENT_3D('',#16931,#12806,#12807);
#10429=AXIS2_PLACEMENT_3D('',#16934,#12810,#12811);
#10430=AXIS2_PLACEMENT_3D('',#16936,#12813,#12814);
#10431=AXIS2_PLACEMENT_3D('',#16937,#12815,#12816);
#10432=AXIS2_PLACEMENT_3D('',#16938,#12817,#12818);
#10433=AXIS2_PLACEMENT_3D('',#16940,#12820,#12821);
#10434=AXIS2_PLACEMENT_3D('',#16942,#12823,#12824);
#10435=AXIS2_PLACEMENT_3D('',#16946,#12827,#12828);
#10436=AXIS2_PLACEMENT_3D('',#16950,#12831,#12832);
#10437=AXIS2_PLACEMENT_3D('',#16954,#12835,#12836);
#10438=AXIS2_PLACEMENT_3D('',#16958,#12839,#12840);
#10439=AXIS2_PLACEMENT_3D('',#16962,#12843,#12844);
#10440=AXIS2_PLACEMENT_3D('',#16964,#12846,#12847);
#10441=AXIS2_PLACEMENT_3D('',#16968,#12850,#12851);
#10442=AXIS2_PLACEMENT_3D('',#16970,#12853,#12854);
#10443=AXIS2_PLACEMENT_3D('',#16972,#12856,#12857);
#10444=AXIS2_PLACEMENT_3D('',#16973,#12858,#12859);
#10445=AXIS2_PLACEMENT_3D('',#16974,#12860,#12861);
#10446=AXIS2_PLACEMENT_3D('',#16976,#12862,#12863);
#10447=AXIS2_PLACEMENT_3D('',#16979,#12865,#12866);
#10448=AXIS2_PLACEMENT_3D('',#16980,#12867,#12868);
#10449=AXIS2_PLACEMENT_3D('',#16982,#12869,#12870);
#10450=AXIS2_PLACEMENT_3D('',#16985,#12872,#12873);
#10451=AXIS2_PLACEMENT_3D('',#16986,#12874,#12875);
#10452=AXIS2_PLACEMENT_3D('',#16987,#12876,#12877);
#10453=AXIS2_PLACEMENT_3D('',#16996,#12882,#12883);
#10454=AXIS2_PLACEMENT_3D('',#17010,#12891,#12892);
#10455=AXIS2_PLACEMENT_3D('',#17016,#12896,#12897);
#10456=AXIS2_PLACEMENT_3D('',#17022,#12901,#12902);
#10457=AXIS2_PLACEMENT_3D('',#17036,#12910,#12911);
#10458=AXIS2_PLACEMENT_3D('',#17040,#12914,#12915);
#10459=AXIS2_PLACEMENT_3D('',#17046,#12919,#12920);
#10460=AXIS2_PLACEMENT_3D('',#17052,#12924,#12925);
#10461=AXIS2_PLACEMENT_3D('',#17064,#12932,#12933);
#10462=AXIS2_PLACEMENT_3D('',#17068,#12936,#12937);
#10463=AXIS2_PLACEMENT_3D('',#17074,#12941,#12942);
#10464=AXIS2_PLACEMENT_3D('',#17080,#12946,#12947);
#10465=AXIS2_PLACEMENT_3D('',#17082,#12949,#12950);
#10466=AXIS2_PLACEMENT_3D('',#17088,#12954,#12955);
#10467=AXIS2_PLACEMENT_3D('',#17091,#12958,#12959);
#10468=AXIS2_PLACEMENT_3D('',#17095,#12962,#12963);
#10469=AXIS2_PLACEMENT_3D('',#17097,#12965,#12966);
#10470=AXIS2_PLACEMENT_3D('',#17101,#12969,#12970);
#10471=AXIS2_PLACEMENT_3D('',#17105,#12973,#12974);
#10472=AXIS2_PLACEMENT_3D('',#17107,#12976,#12977);
#10473=AXIS2_PLACEMENT_3D('',#17108,#12978,#12979);
#10474=AXIS2_PLACEMENT_3D('',#17109,#12980,#12981);
#10475=AXIS2_PLACEMENT_3D('',#17110,#12982,#12983);
#10476=AXIS2_PLACEMENT_3D('',#17112,#12984,#12985);
#10477=AXIS2_PLACEMENT_3D('',#17115,#12987,#12988);
#10478=AXIS2_PLACEMENT_3D('',#17116,#12989,#12990);
#10479=AXIS2_PLACEMENT_3D('',#17117,#12991,#12992);
#10480=AXIS2_PLACEMENT_3D('',#17118,#12993,#12994);
#10481=AXIS2_PLACEMENT_3D('',#17119,#12995,#12996);
#10482=AXIS2_PLACEMENT_3D('',#17120,#12997,#12998);
#10483=AXIS2_PLACEMENT_3D('',#17121,#12999,#13000);
#10484=AXIS2_PLACEMENT_3D('',#17122,#13001,#13002);
#10485=AXIS2_PLACEMENT_3D('',#17123,#13003,#13004);
#10486=AXIS2_PLACEMENT_3D('',#17124,#13005,#13006);
#10487=AXIS2_PLACEMENT_3D('',#17125,#13007,#13008);
#10488=AXIS2_PLACEMENT_3D('',#17126,#13009,#13010);
#10489=AXIS2_PLACEMENT_3D('',#17127,#13011,#13012);
#10490=AXIS2_PLACEMENT_3D('',#17145,#13013,#13014);
#10491=AXIS2_PLACEMENT_3D('',#17200,#13016,#13017);
#10492=AXIS2_PLACEMENT_3D('',#17210,#13023,#13024);
#10493=AXIS2_PLACEMENT_3D('',#17228,#13025,#13026);
#10494=AXIS2_PLACEMENT_3D('',#17286,#13028,#13029);
#10495=AXIS2_PLACEMENT_3D('',#17296,#13035,#13036);
#10496=AXIS2_PLACEMENT_3D('',#17354,#13038,#13039);
#10497=AXIS2_PLACEMENT_3D('',#17369,#13040,#13041);
#10498=AXIS2_PLACEMENT_3D('',#17372,#13042,#13043);
#10499=AXIS2_PLACEMENT_3D('',#17442,#13045,#13046);
#10500=AXIS2_PLACEMENT_3D('',#17444,#13047,#13048);
#10501=AXIS2_PLACEMENT_3D('',#17448,#13050,#13051);
#10502=AXIS2_PLACEMENT_3D('',#17453,#13054,#13055);
#10503=AXIS2_PLACEMENT_3D('',#17458,#13058,#13059);
#10504=AXIS2_PLACEMENT_3D('',#17461,#13061,#13062);
#10505=AXIS2_PLACEMENT_3D('',#17462,#13063,#13064);
#10506=AXIS2_PLACEMENT_3D('',#17463,#13065,#13066);
#10507=AXIS2_PLACEMENT_3D('',#17467,#13068,#13069);
#10508=AXIS2_PLACEMENT_3D('',#17469,#13071,#13072);
#10509=AXIS2_PLACEMENT_3D('',#17473,#13074,#13075);
#10510=AXIS2_PLACEMENT_3D('',#17475,#13077,#13078);
#10511=AXIS2_PLACEMENT_3D('',#17479,#13081,#13082);
#10512=AXIS2_PLACEMENT_3D('',#17480,#13083,#13084);
#10513=AXIS2_PLACEMENT_3D('',#17481,#13085,#13086);
#10514=AXIS2_PLACEMENT_3D('',#17483,#13087,#13088);
#10515=AXIS2_PLACEMENT_3D('',#17485,#13090,#13091);
#10516=AXIS2_PLACEMENT_3D('',#17487,#13093,#13094);
#10517=AXIS2_PLACEMENT_3D('',#17491,#13097,#13098);
#10518=AXIS2_PLACEMENT_3D('',#17492,#13099,#13100);
#10519=AXIS2_PLACEMENT_3D('',#17495,#13102,#13103);
#10520=AXIS2_PLACEMENT_3D('',#17496,#13104,#13105);
#10521=AXIS2_PLACEMENT_3D('',#17498,#13107,#13108);
#10522=AXIS2_PLACEMENT_3D('',#17499,#13109,#13110);
#10523=AXIS2_PLACEMENT_3D('',#17500,#13111,#13112);
#10524=AXIS2_PLACEMENT_3D('',#17501,#13113,#13114);
#10525=AXIS2_PLACEMENT_3D('',#17503,#13115,#13116);
#10526=AXIS2_PLACEMENT_3D('',#17506,#13118,#13119);
#10527=AXIS2_PLACEMENT_3D('',#17507,#13120,#13121);
#10528=AXIS2_PLACEMENT_3D('',#17508,#13122,#13123);
#10529=AXIS2_PLACEMENT_3D('',#17510,#13124,#13125);
#10530=AXIS2_PLACEMENT_3D('',#17513,#13127,#13128);
#10531=AXIS2_PLACEMENT_3D('',#17514,#13129,#13130);
#10532=AXIS2_PLACEMENT_3D('',#17515,#13131,#13132);
#10533=AXIS2_PLACEMENT_3D('',#17517,#13133,#13134);
#10534=AXIS2_PLACEMENT_3D('',#17520,#13136,#13137);
#10535=AXIS2_PLACEMENT_3D('',#17521,#13138,#13139);
#10536=AXIS2_PLACEMENT_3D('',#17522,#13140,#13141);
#10537=AXIS2_PLACEMENT_3D('',#17524,#13142,#13143);
#10538=AXIS2_PLACEMENT_3D('',#17527,#13145,#13146);
#10539=AXIS2_PLACEMENT_3D('',#17528,#13147,#13148);
#10540=AXIS2_PLACEMENT_3D('',#17529,#13149,#13150);
#10541=AXIS2_PLACEMENT_3D('',#17531,#13151,#13152);
#10542=AXIS2_PLACEMENT_3D('',#17534,#13154,#13155);
#10543=AXIS2_PLACEMENT_3D('',#17535,#13156,#13157);
#10544=AXIS2_PLACEMENT_3D('',#17536,#13158,#13159);
#10545=AXIS2_PLACEMENT_3D('',#17538,#13160,#13161);
#10546=AXIS2_PLACEMENT_3D('',#17541,#13163,#13164);
#10547=AXIS2_PLACEMENT_3D('',#17542,#13165,#13166);
#10548=AXIS2_PLACEMENT_3D('',#17543,#13167,#13168);
#10549=AXIS2_PLACEMENT_3D('',#17545,#13169,#13170);
#10550=AXIS2_PLACEMENT_3D('',#17548,#13172,#13173);
#10551=AXIS2_PLACEMENT_3D('',#17549,#13174,#13175);
#10552=AXIS2_PLACEMENT_3D('',#17550,#13176,#13177);
#10553=AXIS2_PLACEMENT_3D('',#17552,#13178,#13179);
#10554=AXIS2_PLACEMENT_3D('',#17555,#13181,#13182);
#10555=AXIS2_PLACEMENT_3D('',#17556,#13183,#13184);
#10556=AXIS2_PLACEMENT_3D('',#17557,#13185,#13186);
#10557=AXIS2_PLACEMENT_3D('',#17559,#13187,#13188);
#10558=AXIS2_PLACEMENT_3D('',#17562,#13190,#13191);
#10559=AXIS2_PLACEMENT_3D('',#17563,#13192,#13193);
#10560=AXIS2_PLACEMENT_3D('',#17565,#13194,#13195);
#10561=AXIS2_PLACEMENT_3D('',#17568,#13197,#13198);
#10562=AXIS2_PLACEMENT_3D('',#17569,#13199,#13200);
#10563=AXIS2_PLACEMENT_3D('',#17571,#13201,#13202);
#10564=AXIS2_PLACEMENT_3D('',#17574,#13204,#13205);
#10565=AXIS2_PLACEMENT_3D('',#17575,#13206,#13207);
#10566=AXIS2_PLACEMENT_3D('',#17584,#13212,#13213);
#10567=AXIS2_PLACEMENT_3D('',#17590,#13217,#13218);
#10568=AXIS2_PLACEMENT_3D('',#17594,#13221,#13222);
#10569=AXIS2_PLACEMENT_3D('',#17598,#13225,#13226);
#10570=AXIS2_PLACEMENT_3D('',#17600,#13228,#13229);
#10571=AXIS2_PLACEMENT_3D('',#17601,#13230,#13231);
#10572=AXIS2_PLACEMENT_3D('',#17602,#13232,#13233);
#10573=AXIS2_PLACEMENT_3D('',#17604,#13234,#13235);
#10574=AXIS2_PLACEMENT_3D('',#17607,#13237,#13238);
#10575=AXIS2_PLACEMENT_3D('',#17608,#13239,#13240);
#10576=AXIS2_PLACEMENT_3D('',#17609,#13241,#13242);
#10577=AXIS2_PLACEMENT_3D('',#17611,#13243,#13244);
#10578=AXIS2_PLACEMENT_3D('',#17614,#13246,#13247);
#10579=AXIS2_PLACEMENT_3D('',#17615,#13248,#13249);
#10580=AXIS2_PLACEMENT_3D('',#17616,#13250,#13251);
#10581=AXIS2_PLACEMENT_3D('',#17618,#13252,#13253);
#10582=AXIS2_PLACEMENT_3D('',#17619,#13254,#13255);
#10583=AXIS2_PLACEMENT_3D('',#17621,#13256,#13257);
#10584=AXIS2_PLACEMENT_3D('',#17623,#13259,#13260);
#10585=AXIS2_PLACEMENT_3D('',#17624,#13261,#13262);
#10586=AXIS2_PLACEMENT_3D('',#17625,#13263,#13264);
#10587=AXIS2_PLACEMENT_3D('',#17626,#13265,#13266);
#10588=AXIS2_PLACEMENT_3D('',#17627,#13267,#13268);
#10589=AXIS2_PLACEMENT_3D('',#17628,#13269,#13270);
#10590=AXIS2_PLACEMENT_3D('',#17629,#13271,#13272);
#10591=AXIS2_PLACEMENT_3D('',#17630,#13273,#13274);
#10592=AXIS2_PLACEMENT_3D('',#17631,#13275,#13276);
#10593=AXIS2_PLACEMENT_3D('',#17632,#13277,#13278);
#10594=AXIS2_PLACEMENT_3D('',#17633,#13279,#13280);
#10595=AXIS2_PLACEMENT_3D('',#17634,#13281,#13282);
#10596=AXIS2_PLACEMENT_3D('',#17635,#13283,#13284);
#10597=AXIS2_PLACEMENT_3D('',#17636,#13285,#13286);
#10598=AXIS2_PLACEMENT_3D('',#17637,#13287,#13288);
#10599=AXIS2_PLACEMENT_3D('',#17638,#13289,#13290);
#10600=AXIS2_PLACEMENT_3D('',#17639,#13291,#13292);
#10601=AXIS2_PLACEMENT_3D('',#17640,#13293,#13294);
#10602=AXIS2_PLACEMENT_3D('',#17641,#13295,#13296);
#10603=AXIS2_PLACEMENT_3D('',#17642,#13297,#13298);
#10604=AXIS2_PLACEMENT_3D('',#17643,#13299,#13300);
#10605=AXIS2_PLACEMENT_3D('',#17644,#13301,#13302);
#10606=AXIS2_PLACEMENT_3D('',#17645,#13303,#13304);
#10607=AXIS2_PLACEMENT_3D('',#17646,#13305,#13306);
#10608=DIRECTION('axis',(0.,0.,1.));
#10609=DIRECTION('refdir',(1.,0.,0.));
#10610=DIRECTION('axis',(0.,0.,1.));
#10611=DIRECTION('refdir',(1.,0.,0.));
#10612=DIRECTION('axis',(0.,0.,1.));
#10613=DIRECTION('refdir',(1.,0.,0.));
#10614=DIRECTION('axis',(0.,0.,1.));
#10615=DIRECTION('refdir',(1.,0.,0.));
#10616=DIRECTION('axis',(0.,0.,1.));
#10617=DIRECTION('refdir',(1.,0.,0.));
#10618=DIRECTION('axis',(0.,0.,1.));
#10619=DIRECTION('refdir',(1.,0.,0.));
#10620=DIRECTION('center_axis',(0.,0.,1.));
#10621=DIRECTION('ref_axis',(1.,0.,0.));
#10622=DIRECTION('center_axis',(0.,0.,-1.));
#10623=DIRECTION('ref_axis',(1.,0.,0.));
#10624=DIRECTION('',(0.,0.,-1.));
#10625=DIRECTION('center_axis',(0.,0.,-1.));
#10626=DIRECTION('ref_axis',(1.,0.,0.));
#10627=DIRECTION('center_axis',(0.,0.,1.));
#10628=DIRECTION('ref_axis',(1.,0.,0.));
#10629=DIRECTION('center_axis',(0.,0.,1.));
#10630=DIRECTION('ref_axis',(1.,0.,0.));
#10631=DIRECTION('',(0.,0.,-1.));
#10632=DIRECTION('center_axis',(0.,0.,1.));
#10633=DIRECTION('ref_axis',(1.,0.,0.));
#10634=DIRECTION('center_axis',(0.,0.,1.));
#10635=DIRECTION('ref_axis',(1.,0.,0.));
#10636=DIRECTION('center_axis',(0.,0.,1.));
#10637=DIRECTION('ref_axis',(1.,0.,0.));
#10638=DIRECTION('axis',(0.,0.,1.));
#10639=DIRECTION('refdir',(1.,0.,0.));
#10640=DIRECTION('center_axis',(-1.,0.,0.));
#10641=DIRECTION('ref_axis',(0.,1.,0.));
#10642=DIRECTION('center_axis',(-1.,0.,0.));
#10643=DIRECTION('ref_axis',(0.,1.,0.));
#10644=DIRECTION('',(-1.,0.,0.));
#10645=DIRECTION('center_axis',(-1.,0.,0.));
#10646=DIRECTION('ref_axis',(0.,1.,0.));
#10647=DIRECTION('center_axis',(-1.,0.,0.));
#10648=DIRECTION('ref_axis',(0.,1.,0.));
#10649=DIRECTION('center_axis',(-1.,0.,0.));
#10650=DIRECTION('ref_axis',(0.,1.,0.));
#10651=DIRECTION('',(-1.,0.,0.));
#10652=DIRECTION('center_axis',(1.,0.,0.));
#10653=DIRECTION('ref_axis',(0.,1.,0.));
#10654=DIRECTION('center_axis',(-1.,0.,0.));
#10655=DIRECTION('ref_axis',(0.,1.,0.));
#10656=DIRECTION('center_axis',(-1.,0.,0.));
#10657=DIRECTION('ref_axis',(0.,1.,0.));
#10658=DIRECTION('',(-1.,0.,0.));
#10659=DIRECTION('center_axis',(1.,0.,0.));
#10660=DIRECTION('ref_axis',(0.,1.,0.));
#10661=DIRECTION('center_axis',(-1.,0.,0.));
#10662=DIRECTION('ref_axis',(0.,1.,0.));
#10663=DIRECTION('center_axis',(-1.,0.,0.));
#10664=DIRECTION('ref_axis',(0.,1.,0.));
#10665=DIRECTION('',(-1.,0.,0.));
#10666=DIRECTION('center_axis',(1.,0.,0.));
#10667=DIRECTION('ref_axis',(0.,1.,0.));
#10668=DIRECTION('center_axis',(-1.,0.,0.));
#10669=DIRECTION('ref_axis',(0.,1.,0.));
#10670=DIRECTION('center_axis',(-1.,0.,0.));
#10671=DIRECTION('ref_axis',(0.,1.,0.));
#10672=DIRECTION('',(-1.,0.,0.));
#10673=DIRECTION('center_axis',(1.,0.,0.));
#10674=DIRECTION('ref_axis',(0.,1.,0.));
#10675=DIRECTION('center_axis',(-1.,0.,0.));
#10676=DIRECTION('ref_axis',(0.,1.,0.));
#10677=DIRECTION('center_axis',(-1.,0.,0.));
#10678=DIRECTION('ref_axis',(0.,1.,0.));
#10679=DIRECTION('',(-1.,0.,0.));
#10680=DIRECTION('center_axis',(1.,0.,0.));
#10681=DIRECTION('ref_axis',(0.,1.,0.));
#10682=DIRECTION('center_axis',(-1.,0.,0.));
#10683=DIRECTION('ref_axis',(0.,1.,0.));
#10684=DIRECTION('center_axis',(-1.,0.,0.));
#10685=DIRECTION('ref_axis',(0.,1.,0.));
#10686=DIRECTION('',(-1.,0.,0.));
#10687=DIRECTION('center_axis',(1.,0.,0.));
#10688=DIRECTION('ref_axis',(0.,1.,0.));
#10689=DIRECTION('center_axis',(0.,1.,0.));
#10690=DIRECTION('ref_axis',(0.,0.,1.));
#10691=DIRECTION('',(0.,0.,-1.));
#10692=DIRECTION('',(1.,0.,0.));
#10693=DIRECTION('',(0.,0.,1.));
#10694=DIRECTION('',(1.,0.,0.));
#10695=DIRECTION('center_axis',(1.,0.,0.));
#10696=DIRECTION('ref_axis',(0.,0.,-1.));
#10697=DIRECTION('',(0.,-1.,0.));
#10698=DIRECTION('',(0.,1.27305238798632E-16,-1.));
#10699=DIRECTION('',(0.,1.,0.));
#10700=DIRECTION('center_axis',(1.,0.,0.));
#10701=DIRECTION('ref_axis',(0.,0.,-1.));
#10702=DIRECTION('',(0.,1.29526019539602E-16,-1.));
#10703=DIRECTION('',(0.,1.,0.));
#10704=DIRECTION('',(0.,-1.,0.));
#10705=DIRECTION('center_axis',(0.,1.,0.));
#10706=DIRECTION('ref_axis',(0.,0.,1.));
#10707=DIRECTION('',(-1.,0.,0.));
#10708=DIRECTION('',(0.,-1.29526019539602E-16,1.));
#10709=DIRECTION('',(1.,0.,0.));
#10710=DIRECTION('center_axis',(0.,1.,1.29526019539602E-16));
#10711=DIRECTION('ref_axis',(-1.,0.,0.));
#10712=DIRECTION('',(0.,-3.65448412272447E-16,1.));
#10713=DIRECTION('',(1.,0.,0.));
#10714=DIRECTION('',(-1.,0.,0.));
#10715=DIRECTION('center_axis',(0.,0.,-1.));
#10716=DIRECTION('ref_axis',(0.,1.,0.));
#10717=DIRECTION('',(0.,1.,0.));
#10718=DIRECTION('',(0.,1.,0.));
#10719=DIRECTION('',(1.,0.,0.));
#10720=DIRECTION('center_axis',(0.,-1.,0.));
#10721=DIRECTION('ref_axis',(0.,0.,-1.));
#10722=DIRECTION('',(0.,0.,-1.));
#10723=DIRECTION('',(0.,0.,-1.));
#10724=DIRECTION('',(1.,0.,0.));
#10725=DIRECTION('center_axis',(0.,-3.76346788008528E-16,1.));
#10726=DIRECTION('ref_axis',(0.,-1.,-3.76346788008528E-16));
#10727=DIRECTION('',(0.,1.,0.));
#10728=DIRECTION('',(0.,-1.,-3.76346788008528E-16));
#10729=DIRECTION('center_axis',(1.,0.,0.));
#10730=DIRECTION('ref_axis',(0.,0.,-1.));
#10731=DIRECTION('center_axis',(1.,0.,0.));
#10732=DIRECTION('ref_axis',(0.,0.,-1.));
#10733=DIRECTION('axis',(0.,0.,1.));
#10734=DIRECTION('refdir',(1.,0.,0.));
#10735=DIRECTION('center_axis',(0.,1.,0.));
#10736=DIRECTION('ref_axis',(0.,0.,1.));
#10737=DIRECTION('center_axis',(0.,-1.,0.));
#10738=DIRECTION('ref_axis',(0.,0.,1.));
#10739=DIRECTION('',(-1.04972719113862E-16,-0.515038074910054,0.857167300702112));
#10740=DIRECTION('center_axis',(0.,-1.,0.));
#10741=DIRECTION('ref_axis',(-1.,0.,0.));
#10742=DIRECTION('center_axis',(0.,-1.,0.));
#10743=DIRECTION('ref_axis',(-1.,0.,0.));
#10744=DIRECTION('',(0.,-1.,0.));
#10745=DIRECTION('center_axis',(0.,-1.,0.));
#10746=DIRECTION('ref_axis',(-1.,0.,0.));
#10747=DIRECTION('center_axis',(0.,1.,0.));
#10748=DIRECTION('ref_axis',(-1.,0.,0.));
#10749=DIRECTION('center_axis',(0.,-1.,0.));
#10750=DIRECTION('ref_axis',(0.,0.,-1.));
#10751=DIRECTION('',(-1.,0.,0.));
#10752=DIRECTION('',(0.,0.,-1.));
#10753=DIRECTION('',(1.,0.,0.));
#10754=DIRECTION('',(0.,0.,1.));
#10755=DIRECTION('center_axis',(-1.,0.,0.));
#10756=DIRECTION('ref_axis',(0.,0.,1.));
#10757=DIRECTION('',(0.,-1.,0.));
#10758=DIRECTION('',(0.,0.,1.));
#10759=DIRECTION('',(0.,1.,0.));
#10760=DIRECTION('center_axis',(0.,0.,-1.));
#10761=DIRECTION('ref_axis',(-1.,0.,0.));
#10762=DIRECTION('',(-1.,0.,0.));
#10763=DIRECTION('',(0.,1.,0.));
#10764=DIRECTION('center_axis',(1.,0.,0.));
#10765=DIRECTION('ref_axis',(0.,0.,-1.));
#10766=DIRECTION('',(0.,0.,-1.));
#10767=DIRECTION('',(0.,1.,0.));
#10768=DIRECTION('center_axis',(0.,0.,1.));
#10769=DIRECTION('ref_axis',(1.,0.,0.));
#10770=DIRECTION('',(1.,0.,0.));
#10771=DIRECTION('center_axis',(0.,1.,0.));
#10772=DIRECTION('ref_axis',(0.,0.,1.));
#10773=DIRECTION('axis',(0.,0.,1.));
#10774=DIRECTION('refdir',(1.,0.,0.));
#10775=DIRECTION('axis',(0.,0.,1.));
#10776=DIRECTION('refdir',(1.,0.,0.));
#10777=DIRECTION('axis',(0.,0.,1.));
#10778=DIRECTION('refdir',(1.,0.,0.));
#10779=DIRECTION('center_axis',(0.,0.,1.));
#10780=DIRECTION('ref_axis',(-1.,0.,0.));
#10781=DIRECTION('center_axis',(0.,0.,1.));
#10782=DIRECTION('ref_axis',(-1.,0.,0.));
#10783=DIRECTION('',(0.,0.,1.));
#10784=DIRECTION('center_axis',(0.,0.,1.));
#10785=DIRECTION('ref_axis',(-1.,0.,0.));
#10786=DIRECTION('center_axis',(0.,0.,-1.));
#10787=DIRECTION('ref_axis',(-1.,0.,0.));
#10788=DIRECTION('center_axis',(0.,0.,-1.));
#10789=DIRECTION('ref_axis',(1.,0.,0.));
#10790=DIRECTION('center_axis',(0.,0.,1.));
#10791=DIRECTION('ref_axis',(-1.,0.,0.));
#10792=DIRECTION('center_axis',(0.,0.,1.));
#10793=DIRECTION('ref_axis',(-1.,0.,0.));
#10794=DIRECTION('',(0.,0.,1.));
#10795=DIRECTION('center_axis',(0.,0.,1.));
#10796=DIRECTION('ref_axis',(-1.,0.,0.));
#10797=DIRECTION('center_axis',(0.,0.,-1.));
#10798=DIRECTION('ref_axis',(-1.,0.,0.));
#10799=DIRECTION('center_axis',(0.,0.,-1.));
#10800=DIRECTION('ref_axis',(1.,0.,0.));
#10801=DIRECTION('center_axis',(0.,0.,1.));
#10802=DIRECTION('ref_axis',(-1.,0.,0.));
#10803=DIRECTION('center_axis',(0.,0.,1.));
#10804=DIRECTION('ref_axis',(-1.,0.,0.));
#10805=DIRECTION('',(0.,0.,1.));
#10806=DIRECTION('center_axis',(0.,0.,1.));
#10807=DIRECTION('ref_axis',(-1.,0.,0.));
#10808=DIRECTION('center_axis',(0.,0.,-1.));
#10809=DIRECTION('ref_axis',(-1.,0.,0.));
#10810=DIRECTION('center_axis',(0.,0.,-1.));
#10811=DIRECTION('ref_axis',(1.,0.,0.));
#10812=DIRECTION('center_axis',(0.,0.,1.));
#10813=DIRECTION('ref_axis',(-1.,0.,0.));
#10814=DIRECTION('center_axis',(0.,0.,1.));
#10815=DIRECTION('ref_axis',(-1.,0.,0.));
#10816=DIRECTION('',(0.,0.,1.));
#10817=DIRECTION('center_axis',(0.,0.,1.));
#10818=DIRECTION('ref_axis',(-1.,0.,0.));
#10819=DIRECTION('center_axis',(0.,0.,-1.));
#10820=DIRECTION('ref_axis',(-1.,0.,0.));
#10821=DIRECTION('center_axis',(0.,0.,-1.));
#10822=DIRECTION('ref_axis',(1.,0.,0.));
#10823=DIRECTION('center_axis',(0.,0.,-1.));
#10824=DIRECTION('ref_axis',(1.,0.,0.));
#10825=DIRECTION('center_axis',(0.,0.,-1.));
#10826=DIRECTION('ref_axis',(1.,0.,0.));
#10827=DIRECTION('',(0.,0.,-1.));
#10828=DIRECTION('center_axis',(0.,0.,1.));
#10829=DIRECTION('ref_axis',(1.,0.,0.));
#10830=DIRECTION('center_axis',(0.,0.,-1.));
#10831=DIRECTION('ref_axis',(1.,0.,0.));
#10832=DIRECTION('center_axis',(0.,0.,-1.));
#10833=DIRECTION('ref_axis',(1.,0.,0.));
#10834=DIRECTION('',(0.,0.,-1.));
#10835=DIRECTION('center_axis',(0.,0.,1.));
#10836=DIRECTION('ref_axis',(1.,0.,0.));
#10837=DIRECTION('center_axis',(0.,0.,-1.));
#10838=DIRECTION('ref_axis',(1.,0.,0.));
#10839=DIRECTION('center_axis',(0.,0.,-1.));
#10840=DIRECTION('ref_axis',(1.,0.,0.));
#10841=DIRECTION('',(0.,0.,-1.));
#10842=DIRECTION('center_axis',(0.,0.,1.));
#10843=DIRECTION('ref_axis',(1.,0.,0.));
#10844=DIRECTION('center_axis',(0.,0.,-1.));
#10845=DIRECTION('ref_axis',(1.,0.,0.));
#10846=DIRECTION('center_axis',(0.,0.,-1.));
#10847=DIRECTION('ref_axis',(1.,0.,0.));
#10848=DIRECTION('',(0.,0.,-1.));
#10849=DIRECTION('center_axis',(0.,0.,1.));
#10850=DIRECTION('ref_axis',(1.,0.,0.));
#10851=DIRECTION('center_axis',(0.,0.,-1.));
#10852=DIRECTION('ref_axis',(1.,0.,0.));
#10853=DIRECTION('center_axis',(0.,0.,-1.));
#10854=DIRECTION('ref_axis',(1.,0.,0.));
#10855=DIRECTION('',(0.,0.,-1.));
#10856=DIRECTION('center_axis',(0.,0.,-1.));
#10857=DIRECTION('ref_axis',(1.,0.,0.));
#10858=DIRECTION('center_axis',(0.,0.,1.));
#10859=DIRECTION('ref_axis',(1.,0.,0.));
#10860=DIRECTION('center_axis',(0.,0.,-1.));
#10861=DIRECTION('ref_axis',(1.,0.,0.));
#10862=DIRECTION('center_axis',(0.,0.,-1.));
#10863=DIRECTION('ref_axis',(1.,0.,0.));
#10864=DIRECTION('',(0.,0.,-1.));
#10865=DIRECTION('center_axis',(0.,0.,-1.));
#10866=DIRECTION('ref_axis',(1.,0.,0.));
#10867=DIRECTION('center_axis',(0.,0.,1.));
#10868=DIRECTION('ref_axis',(1.,0.,0.));
#10869=DIRECTION('center_axis',(0.,0.,-1.));
#10870=DIRECTION('ref_axis',(1.,0.,0.));
#10871=DIRECTION('center_axis',(0.,0.,-1.));
#10872=DIRECTION('ref_axis',(1.,0.,0.));
#10873=DIRECTION('',(0.,0.,-1.));
#10874=DIRECTION('center_axis',(0.,0.,1.));
#10875=DIRECTION('ref_axis',(1.,0.,0.));
#10876=DIRECTION('center_axis',(0.,0.,-1.));
#10877=DIRECTION('ref_axis',(1.,0.,0.));
#10878=DIRECTION('center_axis',(0.,0.,-1.));
#10879=DIRECTION('ref_axis',(1.,0.,0.));
#10880=DIRECTION('',(0.,0.,-1.));
#10881=DIRECTION('center_axis',(0.,0.,-1.));
#10882=DIRECTION('ref_axis',(1.,0.,0.));
#10883=DIRECTION('center_axis',(0.,0.,-1.));
#10884=DIRECTION('ref_axis',(1.,0.,0.));
#10885=DIRECTION('',(0.,0.,-1.));
#10886=DIRECTION('center_axis',(0.,0.,-1.));
#10887=DIRECTION('ref_axis',(1.,0.,0.));
#10888=DIRECTION('center_axis',(0.,0.,-1.));
#10889=DIRECTION('ref_axis',(1.,0.,0.));
#10890=DIRECTION('',(0.,0.,-1.));
#10891=DIRECTION('center_axis',(0.,0.,-1.));
#10892=DIRECTION('ref_axis',(1.,0.,0.));
#10893=DIRECTION('center_axis',(0.,0.,-1.));
#10894=DIRECTION('ref_axis',(1.,0.,0.));
#10895=DIRECTION('',(0.,0.,-1.));
#10896=DIRECTION('center_axis',(0.,0.,-1.));
#10897=DIRECTION('ref_axis',(-1.,0.,0.));
#10898=DIRECTION('',(-1.,0.,0.));
#10899=DIRECTION('',(0.,1.,0.));
#10900=DIRECTION('',(1.,0.,0.));
#10901=DIRECTION('',(0.,-1.,0.));
#10902=DIRECTION('center_axis',(-1.,0.,0.));
#10903=DIRECTION('ref_axis',(0.,-1.,0.));
#10904=DIRECTION('',(0.,0.,-1.));
#10905=DIRECTION('',(0.,-1.,0.));
#10906=DIRECTION('',(0.,0.,1.));
#10907=DIRECTION('center_axis',(0.,1.,0.));
#10908=DIRECTION('ref_axis',(-1.,0.,0.));
#10909=DIRECTION('',(-1.,0.,0.));
#10910=DIRECTION('',(0.,0.,1.));
#10911=DIRECTION('center_axis',(1.,0.,0.));
#10912=DIRECTION('ref_axis',(0.,1.,0.));
#10913=DIRECTION('',(0.,1.,0.));
#10914=DIRECTION('',(0.,0.,1.));
#10915=DIRECTION('center_axis',(0.,-1.,0.));
#10916=DIRECTION('ref_axis',(1.,0.,0.));
#10917=DIRECTION('',(1.,0.,0.));
#10918=DIRECTION('center_axis',(0.,0.,1.));
#10919=DIRECTION('ref_axis',(1.,0.,0.));
#10920=DIRECTION('axis',(0.,0.,1.));
#10921=DIRECTION('refdir',(1.,0.,0.));
#10922=DIRECTION('center_axis',(0.,1.,0.));
#10923=DIRECTION('ref_axis',(0.,0.,-1.));
#10924=DIRECTION('center_axis',(0.,1.,0.));
#10925=DIRECTION('ref_axis',(0.,0.,-1.));
#10926=DIRECTION('',(0.,1.,0.));
#10927=DIRECTION('center_axis',(0.,1.,0.));
#10928=DIRECTION('ref_axis',(0.,0.,-1.));
#10929=DIRECTION('center_axis',(0.,1.,0.));
#10930=DIRECTION('ref_axis',(0.,0.,-1.));
#10931=DIRECTION('center_axis',(0.,1.,0.));
#10932=DIRECTION('ref_axis',(0.,0.,-1.));
#10933=DIRECTION('',(0.,1.,0.));
#10934=DIRECTION('center_axis',(0.,-1.,0.));
#10935=DIRECTION('ref_axis',(0.,0.,-1.));
#10936=DIRECTION('center_axis',(0.,1.,0.));
#10937=DIRECTION('ref_axis',(0.,0.,-1.));
#10938=DIRECTION('center_axis',(0.,1.,0.));
#10939=DIRECTION('ref_axis',(0.,0.,-1.));
#10940=DIRECTION('center_axis',(0.,1.,0.));
#10941=DIRECTION('ref_axis',(0.,0.,-1.));
#10942=DIRECTION('',(0.,1.,0.));
#10943=DIRECTION('center_axis',(0.,1.,0.));
#10944=DIRECTION('ref_axis',(0.,0.,-1.));
#10945=DIRECTION('center_axis',(0.,1.,0.));
#10946=DIRECTION('ref_axis',(0.,0.,-1.));
#10947=DIRECTION('center_axis',(0.,1.,0.));
#10948=DIRECTION('ref_axis',(0.,0.,-1.));
#10949=DIRECTION('',(0.,1.,0.));
#10950=DIRECTION('center_axis',(0.,-1.,0.));
#10951=DIRECTION('ref_axis',(0.,0.,-1.));
#10952=DIRECTION('center_axis',(0.,1.,0.));
#10953=DIRECTION('ref_axis',(0.,0.,-1.));
#10954=DIRECTION('center_axis',(0.,1.,0.));
#10955=DIRECTION('ref_axis',(0.,0.,-1.));
#10956=DIRECTION('center_axis',(0.,1.,0.));
#10957=DIRECTION('ref_axis',(0.,0.,-1.));
#10958=DIRECTION('',(0.,1.,0.));
#10959=DIRECTION('center_axis',(0.,1.,0.));
#10960=DIRECTION('ref_axis',(0.,0.,-1.));
#10961=DIRECTION('center_axis',(0.,1.,0.));
#10962=DIRECTION('ref_axis',(0.,0.,-1.));
#10963=DIRECTION('center_axis',(0.,1.,0.));
#10964=DIRECTION('ref_axis',(0.,0.,-1.));
#10965=DIRECTION('',(0.,1.,0.));
#10966=DIRECTION('center_axis',(0.,-1.,0.));
#10967=DIRECTION('ref_axis',(0.,0.,-1.));
#10968=DIRECTION('center_axis',(0.,1.,0.));
#10969=DIRECTION('ref_axis',(0.,0.,-1.));
#10970=DIRECTION('center_axis',(0.,1.,0.));
#10971=DIRECTION('ref_axis',(0.,0.,-1.));
#10972=DIRECTION('center_axis',(0.,1.,0.));
#10973=DIRECTION('ref_axis',(0.,0.,-1.));
#10974=DIRECTION('',(0.,1.,0.));
#10975=DIRECTION('center_axis',(0.,1.,0.));
#10976=DIRECTION('ref_axis',(0.,0.,-1.));
#10977=DIRECTION('center_axis',(0.,1.,0.));
#10978=DIRECTION('ref_axis',(0.,0.,-1.));
#10979=DIRECTION('center_axis',(0.,1.,0.));
#10980=DIRECTION('ref_axis',(0.,0.,-1.));
#10981=DIRECTION('',(0.,1.,0.));
#10982=DIRECTION('center_axis',(0.,-1.,0.));
#10983=DIRECTION('ref_axis',(0.,0.,-1.));
#10984=DIRECTION('center_axis',(0.,1.,0.));
#10985=DIRECTION('ref_axis',(0.,0.,-1.));
#10986=DIRECTION('center_axis',(0.,1.,0.));
#10987=DIRECTION('ref_axis',(0.,0.,-1.));
#10988=DIRECTION('center_axis',(0.,1.,0.));
#10989=DIRECTION('ref_axis',(0.,0.,-1.));
#10990=DIRECTION('',(0.,1.,0.));
#10991=DIRECTION('center_axis',(0.,-1.,0.));
#10992=DIRECTION('ref_axis',(0.,0.,-1.));
#10993=DIRECTION('center_axis',(0.,1.,0.));
#10994=DIRECTION('ref_axis',(0.,0.,-1.));
#10995=DIRECTION('center_axis',(0.,1.,0.));
#10996=DIRECTION('ref_axis',(0.,0.,-1.));
#10997=DIRECTION('',(0.,1.,0.));
#10998=DIRECTION('center_axis',(0.,1.,0.));
#10999=DIRECTION('ref_axis',(0.,0.,-1.));
#11000=DIRECTION('center_axis',(0.,1.,0.));
#11001=DIRECTION('ref_axis',(0.,0.,-1.));
#11002=DIRECTION('center_axis',(0.,1.,0.));
#11003=DIRECTION('ref_axis',(0.,0.,-1.));
#11004=DIRECTION('center_axis',(0.,1.,0.));
#11005=DIRECTION('ref_axis',(0.,0.,-1.));
#11006=DIRECTION('',(0.,1.,0.));
#11007=DIRECTION('center_axis',(0.,-1.,0.));
#11008=DIRECTION('ref_axis',(0.,0.,-1.));
#11009=DIRECTION('center_axis',(0.,1.,0.));
#11010=DIRECTION('ref_axis',(0.,0.,-1.));
#11011=DIRECTION('center_axis',(0.,1.,0.));
#11012=DIRECTION('ref_axis',(0.,0.,-1.));
#11013=DIRECTION('',(0.,1.,0.));
#11014=DIRECTION('center_axis',(0.,1.,0.));
#11015=DIRECTION('ref_axis',(0.,0.,-1.));
#11016=DIRECTION('center_axis',(0.,1.,0.));
#11017=DIRECTION('ref_axis',(0.,0.,-1.));
#11018=DIRECTION('center_axis',(0.,1.,0.));
#11019=DIRECTION('ref_axis',(0.,0.,-1.));
#11020=DIRECTION('center_axis',(0.,1.,0.));
#11021=DIRECTION('ref_axis',(0.,0.,-1.));
#11022=DIRECTION('',(0.,1.,0.));
#11023=DIRECTION('center_axis',(0.,-1.,0.));
#11024=DIRECTION('ref_axis',(0.,0.,-1.));
#11025=DIRECTION('center_axis',(0.,1.,0.));
#11026=DIRECTION('ref_axis',(0.,0.,-1.));
#11027=DIRECTION('center_axis',(0.,1.,0.));
#11028=DIRECTION('ref_axis',(0.,0.,-1.));
#11029=DIRECTION('',(0.,1.,0.));
#11030=DIRECTION('center_axis',(0.,1.,0.));
#11031=DIRECTION('ref_axis',(0.,0.,-1.));
#11032=DIRECTION('center_axis',(0.,1.,0.));
#11033=DIRECTION('ref_axis',(0.,0.,-1.));
#11034=DIRECTION('center_axis',(0.,1.,0.));
#11035=DIRECTION('ref_axis',(0.,0.,-1.));
#11036=DIRECTION('center_axis',(0.,1.,0.));
#11037=DIRECTION('ref_axis',(0.,0.,-1.));
#11038=DIRECTION('',(0.,1.,0.));
#11039=DIRECTION('center_axis',(0.,-1.,0.));
#11040=DIRECTION('ref_axis',(0.,0.,-1.));
#11041=DIRECTION('center_axis',(0.,1.,0.));
#11042=DIRECTION('ref_axis',(0.,0.,-1.));
#11043=DIRECTION('center_axis',(0.,1.,0.));
#11044=DIRECTION('ref_axis',(0.,0.,-1.));
#11045=DIRECTION('',(0.,1.,0.));
#11046=DIRECTION('center_axis',(0.,1.,0.));
#11047=DIRECTION('ref_axis',(0.,0.,-1.));
#11048=DIRECTION('center_axis',(0.,1.,0.));
#11049=DIRECTION('ref_axis',(0.,0.,-1.));
#11050=DIRECTION('center_axis',(0.707106781186546,-0.707106781186549,0.));
#11051=DIRECTION('ref_axis',(0.,0.,-1.));
#11052=DIRECTION('',(0.707106781186549,0.707106781186546,0.));
#11053=DIRECTION('',(0.,0.,1.));
#11054=DIRECTION('',(-0.707106781186549,-0.707106781186546,0.));
#11055=DIRECTION('',(0.,0.,-1.));
#11056=DIRECTION('center_axis',(-1.,0.,0.));
#11057=DIRECTION('ref_axis',(0.,1.,0.));
#11058=DIRECTION('',(0.,-1.,0.));
#11059=DIRECTION('',(0.,0.,-1.));
#11060=DIRECTION('',(0.,1.,0.));
#11061=DIRECTION('center_axis',(0.,0.,-1.));
#11062=DIRECTION('ref_axis',(-1.,0.,0.));
#11063=DIRECTION('',(-1.,0.,0.));
#11064=DIRECTION('',(0.,1.,0.));
#11065=DIRECTION('',(1.,0.,0.));
#11066=DIRECTION('',(0.,-1.,0.));
#11067=DIRECTION('',(0.707106781186548,0.707106781186548,0.));
#11068=DIRECTION('',(-1.,0.,0.));
#11069=DIRECTION('',(0.707106781186548,-0.707106781186548,0.));
#11070=DIRECTION('',(1.,0.,0.));
#11071=DIRECTION('',(0.707106781186548,0.707106781186548,0.));
#11072=DIRECTION('',(-1.,0.,0.));
#11073=DIRECTION('',(0.707106781186547,-0.707106781186548,0.));
#11074=DIRECTION('',(0.,1.,0.));
#11075=DIRECTION('',(1.,0.,0.));
#11076=DIRECTION('',(0.,-1.,0.));
#11077=DIRECTION('',(0.707106781186548,0.707106781186547,0.));
#11078=DIRECTION('',(-1.,0.,0.));
#11079=DIRECTION('',(0.707106781186548,-0.707106781186548,0.));
#11080=DIRECTION('',(1.,0.,0.));
#11081=DIRECTION('',(0.707106781186548,0.707106781186548,0.));
#11082=DIRECTION('',(-1.,0.,0.));
#11083=DIRECTION('',(0.707106781186547,-0.707106781186548,0.));
#11084=DIRECTION('',(0.,1.,0.));
#11085=DIRECTION('',(1.,0.,0.));
#11086=DIRECTION('',(0.,-1.,0.));
#11087=DIRECTION('',(0.707106781186548,0.707106781186547,0.));
#11088=DIRECTION('',(-1.,0.,0.));
#11089=DIRECTION('',(0.707106781186548,-0.707106781186548,0.));
#11090=DIRECTION('',(1.,0.,0.));
#11091=DIRECTION('',(0.707106781186548,0.707106781186548,0.));
#11092=DIRECTION('',(-1.,0.,0.));
#11093=DIRECTION('',(0.707106781186547,-0.707106781186548,0.));
#11094=DIRECTION('',(0.,1.,0.));
#11095=DIRECTION('',(1.,0.,0.));
#11096=DIRECTION('',(0.,-1.,0.));
#11097=DIRECTION('',(0.707106781186548,0.707106781186548,0.));
#11098=DIRECTION('',(-1.,0.,0.));
#11099=DIRECTION('',(0.707106781186548,-0.707106781186548,0.));
#11100=DIRECTION('',(1.,0.,0.));
#11101=DIRECTION('',(0.707106781186548,0.707106781186548,0.));
#11102=DIRECTION('',(-1.,0.,0.));
#11103=DIRECTION('',(0.707106781186547,-0.707106781186548,0.));
#11104=DIRECTION('',(0.,1.,0.));
#11105=DIRECTION('',(1.,0.,0.));
#11106=DIRECTION('',(0.,-1.,0.));
#11107=DIRECTION('',(-1.,0.,0.));
#11108=DIRECTION('',(0.707106781186548,-0.707106781186547,0.));
#11109=DIRECTION('',(0.,1.,0.));
#11110=DIRECTION('',(-0.707106781186548,-0.707106781186548,0.));
#11111=DIRECTION('',(0.,-1.,0.));
#11112=DIRECTION('',(0.707106781186548,-0.707106781186548,0.));
#11113=DIRECTION('',(0.,1.,0.));
#11114=DIRECTION('',(-0.707106781186549,-0.707106781186546,0.));
#11115=DIRECTION('',(1.,0.,0.));
#11116=DIRECTION('',(0.,-1.,0.));
#11117=DIRECTION('',(-1.,0.,0.));
#11118=DIRECTION('',(0.,1.,0.));
#11119=DIRECTION('',(-0.707106781186548,-0.707106781186548,0.));
#11120=DIRECTION('',(1.,0.,0.));
#11121=DIRECTION('',(-0.707106781186548,0.707106781186548,0.));
#11122=DIRECTION('',(-1.,0.,0.));
#11123=DIRECTION('',(-0.707106781186548,-0.707106781186548,0.));
#11124=DIRECTION('',(1.,0.,0.));
#11125=DIRECTION('',(-0.707106781186547,0.707106781186548,0.));
#11126=DIRECTION('',(0.,-1.,0.));
#11127=DIRECTION('',(-1.,0.,0.));
#11128=DIRECTION('',(0.,1.,0.));
#11129=DIRECTION('',(-0.707106781186548,-0.707106781186547,0.));
#11130=DIRECTION('',(1.,0.,0.));
#11131=DIRECTION('',(-0.707106781186548,0.707106781186548,0.));
#11132=DIRECTION('',(-1.,0.,0.));
#11133=DIRECTION('',(-0.707106781186548,-0.707106781186548,0.));
#11134=DIRECTION('',(1.,0.,0.));
#11135=DIRECTION('',(-0.707106781186547,0.707106781186548,0.));
#11136=DIRECTION('',(0.,-1.,0.));
#11137=DIRECTION('',(-1.,0.,0.));
#11138=DIRECTION('',(0.,1.,0.));
#11139=DIRECTION('',(-0.707106781186548,-0.707106781186547,0.));
#11140=DIRECTION('',(1.,0.,0.));
#11141=DIRECTION('',(-0.707106781186548,0.707106781186548,0.));
#11142=DIRECTION('',(-1.,0.,0.));
#11143=DIRECTION('',(-0.707106781186548,-0.707106781186548,0.));
#11144=DIRECTION('',(1.,0.,0.));
#11145=DIRECTION('',(-0.707106781186547,0.707106781186548,0.));
#11146=DIRECTION('',(0.,-1.,0.));
#11147=DIRECTION('',(-1.,0.,0.));
#11148=DIRECTION('',(0.,1.,0.));
#11149=DIRECTION('',(-0.707106781186548,-0.707106781186548,0.));
#11150=DIRECTION('',(1.,0.,0.));
#11151=DIRECTION('',(-0.707106781186548,0.707106781186548,0.));
#11152=DIRECTION('',(-1.,0.,0.));
#11153=DIRECTION('',(-0.707106781186548,-0.707106781186548,0.));
#11154=DIRECTION('',(1.,0.,0.));
#11155=DIRECTION('',(-0.707106781186547,0.707106781186548,0.));
#11156=DIRECTION('',(0.,-1.,0.));
#11157=DIRECTION('',(-1.,0.,0.));
#11158=DIRECTION('',(0.,1.,0.));
#11159=DIRECTION('',(1.,0.,0.));
#11160=DIRECTION('',(-0.707106781186548,0.707106781186548,0.));
#11161=DIRECTION('',(0.,-1.,0.));
#11162=DIRECTION('',(0.707106781186548,0.707106781186548,0.));
#11163=DIRECTION('',(0.,1.,0.));
#11164=DIRECTION('',(-0.707106781186548,0.707106781186548,0.));
#11165=DIRECTION('center_axis',(0.,0.,1.));
#11166=DIRECTION('ref_axis',(1.,0.,0.));
#11167=DIRECTION('center_axis',(0.,0.,1.));
#11168=DIRECTION('ref_axis',(1.,0.,0.));
#11169=DIRECTION('center_axis',(0.,0.,1.));
#11170=DIRECTION('ref_axis',(1.,0.,0.));
#11171=DIRECTION('center_axis',(0.,0.,1.));
#11172=DIRECTION('ref_axis',(1.,0.,0.));
#11173=DIRECTION('',(0.,1.,0.));
#11174=DIRECTION('',(-0.707106781186548,-0.707106781186548,0.));
#11175=DIRECTION('',(0.,-1.,0.));
#11176=DIRECTION('',(0.707106781186548,-0.707106781186548,0.));
#11177=DIRECTION('',(0.,1.,0.));
#11178=DIRECTION('',(1.,0.,0.));
#11179=DIRECTION('',(0.,-1.,0.));
#11180=DIRECTION('',(0.707106781186548,0.707106781186548,0.));
#11181=DIRECTION('',(0.,1.,0.));
#11182=DIRECTION('',(-0.707106781186548,0.707106781186548,0.));
#11183=DIRECTION('',(0.,-1.,0.));
#11184=DIRECTION('',(-1.,0.,0.));
#11185=DIRECTION('',(0.,-1.,0.));
#11186=DIRECTION('',(0.707106781186548,0.707106781186548,0.));
#11187=DIRECTION('',(0.,1.,0.));
#11188=DIRECTION('',(-0.707106781186548,0.707106781186548,0.));
#11189=DIRECTION('',(0.,-1.,0.));
#11190=DIRECTION('',(-1.,0.,0.));
#11191=DIRECTION('',(0.,1.,0.));
#11192=DIRECTION('',(-0.707106781186548,-0.707106781186548,0.));
#11193=DIRECTION('',(0.,-1.,0.));
#11194=DIRECTION('',(0.707106781186548,-0.707106781186548,0.));
#11195=DIRECTION('',(0.,1.,0.));
#11196=DIRECTION('',(1.,0.,0.));
#11197=DIRECTION('',(0.,-1.,0.));
#11198=DIRECTION('',(0.707106781186548,0.707106781186548,0.));
#11199=DIRECTION('',(0.,1.,0.));
#11200=DIRECTION('',(-0.707106781186548,0.707106781186548,0.));
#11201=DIRECTION('',(0.,-1.,0.));
#11202=DIRECTION('',(-1.,0.,0.));
#11203=DIRECTION('',(0.,1.,0.));
#11204=DIRECTION('',(-0.707106781186548,-0.707106781186548,0.));
#11205=DIRECTION('',(0.,-1.,0.));
#11206=DIRECTION('',(0.707106781186548,-0.707106781186548,0.));
#11207=DIRECTION('',(0.,1.,0.));
#11208=DIRECTION('',(1.,0.,0.));
#11209=DIRECTION('center_axis',(0.707106781186548,0.707106781186548,0.));
#11210=DIRECTION('ref_axis',(0.,0.,-1.));
#11211=DIRECTION('',(0.,0.,1.));
#11212=DIRECTION('',(0.707106781186548,-0.707106781186548,0.));
#11213=DIRECTION('',(0.,0.,-1.));
#11214=DIRECTION('center_axis',(0.,-1.,0.));
#11215=DIRECTION('ref_axis',(-1.,0.,0.));
#11216=DIRECTION('',(0.,0.,-1.));
#11217=DIRECTION('',(-1.,0.,0.));
#11218=DIRECTION('center_axis',(0.707106781186548,0.707106781186547,0.));
#11219=DIRECTION('ref_axis',(0.,0.,-1.));
#11220=DIRECTION('',(0.,0.,1.));
#11221=DIRECTION('',(0.707106781186547,-0.707106781186548,0.));
#11222=DIRECTION('',(0.,0.,-1.));
#11223=DIRECTION('center_axis',(0.,-1.,0.));
#11224=DIRECTION('ref_axis',(-1.,0.,0.));
#11225=DIRECTION('',(0.,0.,-1.));
#11226=DIRECTION('',(-1.,0.,0.));
#11227=DIRECTION('center_axis',(-0.707106781186548,0.707106781186548,0.));
#11228=DIRECTION('ref_axis',(0.,0.,1.));
#11229=DIRECTION('',(0.,0.,1.));
#11230=DIRECTION('',(0.707106781186548,0.707106781186548,0.));
#11231=DIRECTION('',(0.,0.,-1.));
#11232=DIRECTION('center_axis',(1.,0.,0.));
#11233=DIRECTION('ref_axis',(0.,-1.,0.));
#11234=DIRECTION('',(0.,0.,-1.));
#11235=DIRECTION('',(0.,-1.,0.));
#11236=DIRECTION('center_axis',(-0.707106781186547,0.707106781186548,0.));
#11237=DIRECTION('ref_axis',(0.,0.,1.));
#11238=DIRECTION('',(0.,0.,1.));
#11239=DIRECTION('',(0.707106781186548,0.707106781186547,0.));
#11240=DIRECTION('',(0.,0.,-1.));
#11241=DIRECTION('center_axis',(1.,0.,0.));
#11242=DIRECTION('ref_axis',(0.,-1.,0.));
#11243=DIRECTION('',(0.,0.,-1.));
#11244=DIRECTION('',(0.,-1.,0.));
#11245=DIRECTION('center_axis',(-0.707106781186547,0.707106781186548,0.));
#11246=DIRECTION('ref_axis',(0.,0.,1.));
#11247=DIRECTION('',(0.,0.,1.));
#11248=DIRECTION('',(0.707106781186548,0.707106781186547,0.));
#11249=DIRECTION('',(0.,0.,-1.));
#11250=DIRECTION('center_axis',(1.,0.,0.));
#11251=DIRECTION('ref_axis',(0.,-1.,0.));
#11252=DIRECTION('',(0.,0.,-1.));
#11253=DIRECTION('',(0.,-1.,0.));
#11254=DIRECTION('center_axis',(0.707106781186548,0.707106781186547,0.));
#11255=DIRECTION('ref_axis',(0.,0.,-1.));
#11256=DIRECTION('',(0.,0.,1.));
#11257=DIRECTION('',(0.707106781186547,-0.707106781186548,0.));
#11258=DIRECTION('',(0.,0.,-1.));
#11259=DIRECTION('center_axis',(0.,-1.,0.));
#11260=DIRECTION('ref_axis',(-1.,0.,0.));
#11261=DIRECTION('',(0.,0.,-1.));
#11262=DIRECTION('',(-1.,0.,0.));
#11263=DIRECTION('center_axis',(0.707106781186548,0.707106781186547,0.));
#11264=DIRECTION('ref_axis',(0.,0.,-1.));
#11265=DIRECTION('',(0.,0.,1.));
#11266=DIRECTION('',(0.707106781186547,-0.707106781186548,0.));
#11267=DIRECTION('',(0.,0.,-1.));
#11268=DIRECTION('center_axis',(0.,-1.,0.));
#11269=DIRECTION('ref_axis',(-1.,0.,0.));
#11270=DIRECTION('',(0.,0.,-1.));
#11271=DIRECTION('',(-1.,0.,0.));
#11272=DIRECTION('center_axis',(0.707106781186548,0.707106781186547,0.));
#11273=DIRECTION('ref_axis',(0.,0.,-1.));
#11274=DIRECTION('',(0.,0.,1.));
#11275=DIRECTION('',(0.707106781186547,-0.707106781186548,0.));
#11276=DIRECTION('',(0.,0.,-1.));
#11277=DIRECTION('center_axis',(0.,-1.,0.));
#11278=DIRECTION('ref_axis',(-1.,0.,0.));
#11279=DIRECTION('',(0.,0.,-1.));
#11280=DIRECTION('',(-1.,0.,0.));
#11281=DIRECTION('center_axis',(-0.707106781186548,0.707106781186548,0.));
#11282=DIRECTION('ref_axis',(0.,0.,1.));
#11283=DIRECTION('',(0.,0.,1.));
#11284=DIRECTION('',(0.707106781186548,0.707106781186548,0.));
#11285=DIRECTION('',(0.,0.,-1.));
#11286=DIRECTION('center_axis',(1.,0.,0.));
#11287=DIRECTION('ref_axis',(0.,-1.,0.));
#11288=DIRECTION('',(0.,0.,-1.));
#11289=DIRECTION('',(0.,-1.,0.));
#11290=DIRECTION('center_axis',(-0.707106781186546,0.707106781186549,0.));
#11291=DIRECTION('ref_axis',(0.,0.,1.));
#11292=DIRECTION('',(0.,0.,1.));
#11293=DIRECTION('',(0.707106781186549,0.707106781186546,0.));
#11294=DIRECTION('',(0.,0.,-1.));
#11295=DIRECTION('center_axis',(1.,0.,0.));
#11296=DIRECTION('ref_axis',(0.,-1.,0.));
#11297=DIRECTION('',(0.,0.,-1.));
#11298=DIRECTION('',(0.,-1.,0.));
#11299=DIRECTION('center_axis',(-0.707106781186547,-0.707106781186548,0.));
#11300=DIRECTION('ref_axis',(0.,0.,1.));
#11301=DIRECTION('',(0.,0.,1.));
#11302=DIRECTION('',(-0.707106781186548,0.707106781186547,0.));
#11303=DIRECTION('',(0.,0.,-1.));
#11304=DIRECTION('center_axis',(0.,1.,0.));
#11305=DIRECTION('ref_axis',(1.,0.,0.));
#11306=DIRECTION('',(0.,0.,-1.));
#11307=DIRECTION('',(1.,0.,0.));
#11308=DIRECTION('center_axis',(-0.707106781186548,-0.707106781186547,0.));
#11309=DIRECTION('ref_axis',(0.,0.,1.));
#11310=DIRECTION('',(0.,0.,1.));
#11311=DIRECTION('',(-0.707106781186547,0.707106781186548,0.));
#11312=DIRECTION('',(0.,0.,-1.));
#11313=DIRECTION('center_axis',(0.,1.,0.));
#11314=DIRECTION('ref_axis',(1.,0.,0.));
#11315=DIRECTION('',(0.,0.,-1.));
#11316=DIRECTION('',(1.,0.,0.));
#11317=DIRECTION('center_axis',(-0.707106781186548,-0.707106781186547,0.));
#11318=DIRECTION('ref_axis',(0.,0.,1.));
#11319=DIRECTION('',(0.,0.,1.));
#11320=DIRECTION('',(-0.707106781186547,0.707106781186548,0.));
#11321=DIRECTION('',(0.,0.,-1.));
#11322=DIRECTION('center_axis',(0.,1.,0.));
#11323=DIRECTION('ref_axis',(1.,0.,0.));
#11324=DIRECTION('',(0.,0.,-1.));
#11325=DIRECTION('',(1.,0.,0.));
#11326=DIRECTION('center_axis',(-0.707106781186548,-0.707106781186547,0.));
#11327=DIRECTION('ref_axis',(0.,0.,1.));
#11328=DIRECTION('',(0.,0.,1.));
#11329=DIRECTION('',(-0.707106781186547,0.707106781186548,0.));
#11330=DIRECTION('',(0.,0.,-1.));
#11331=DIRECTION('center_axis',(0.,1.,0.));
#11332=DIRECTION('ref_axis',(1.,0.,0.));
#11333=DIRECTION('',(0.,0.,-1.));
#11334=DIRECTION('',(1.,0.,0.));
#11335=DIRECTION('center_axis',(-0.707106781186548,-0.707106781186547,0.));
#11336=DIRECTION('ref_axis',(0.,0.,1.));
#11337=DIRECTION('',(0.,0.,1.));
#11338=DIRECTION('',(-0.707106781186547,0.707106781186548,0.));
#11339=DIRECTION('',(0.,0.,-1.));
#11340=DIRECTION('center_axis',(0.,1.,0.));
#11341=DIRECTION('ref_axis',(1.,0.,0.));
#11342=DIRECTION('',(0.,0.,-1.));
#11343=DIRECTION('',(1.,0.,0.));
#11344=DIRECTION('center_axis',(0.707106781186548,-0.707106781186548,0.));
#11345=DIRECTION('ref_axis',(0.,0.,-1.));
#11346=DIRECTION('',(0.,0.,1.));
#11347=DIRECTION('',(-0.707106781186548,-0.707106781186548,0.));
#11348=DIRECTION('',(0.,0.,-1.));
#11349=DIRECTION('center_axis',(-1.,0.,0.));
#11350=DIRECTION('ref_axis',(0.,1.,0.));
#11351=DIRECTION('',(0.,0.,-1.));
#11352=DIRECTION('',(0.,1.,0.));
#11353=DIRECTION('center_axis',(0.707106781186547,-0.707106781186548,0.));
#11354=DIRECTION('ref_axis',(0.,0.,-1.));
#11355=DIRECTION('',(0.,0.,1.));
#11356=DIRECTION('',(-0.707106781186548,-0.707106781186547,0.));
#11357=DIRECTION('',(0.,0.,-1.));
#11358=DIRECTION('center_axis',(-1.,0.,0.));
#11359=DIRECTION('ref_axis',(0.,1.,0.));
#11360=DIRECTION('',(0.,0.,-1.));
#11361=DIRECTION('',(0.,1.,0.));
#11362=DIRECTION('center_axis',(0.707106781186547,-0.707106781186548,0.));
#11363=DIRECTION('ref_axis',(0.,0.,-1.));
#11364=DIRECTION('',(0.,0.,1.));
#11365=DIRECTION('',(-0.707106781186548,-0.707106781186547,0.));
#11366=DIRECTION('',(0.,0.,-1.));
#11367=DIRECTION('center_axis',(-1.,0.,0.));
#11368=DIRECTION('ref_axis',(0.,1.,0.));
#11369=DIRECTION('',(0.,0.,-1.));
#11370=DIRECTION('',(0.,1.,0.));
#11371=DIRECTION('center_axis',(0.707106781186548,-0.707106781186548,0.));
#11372=DIRECTION('ref_axis',(0.,0.,-1.));
#11373=DIRECTION('',(0.,0.,1.));
#11374=DIRECTION('',(-0.707106781186548,-0.707106781186548,0.));
#11375=DIRECTION('',(0.,0.,-1.));
#11376=DIRECTION('center_axis',(0.,1.,0.));
#11377=DIRECTION('ref_axis',(1.,0.,0.));
#11378=DIRECTION('',(1.,0.,0.));
#11379=DIRECTION('',(0.,0.,-1.));
#11380=DIRECTION('center_axis',(0.,0.,-1.));
#11381=DIRECTION('ref_axis',(1.,0.,0.));
#11382=DIRECTION('center_axis',(0.,0.,-1.));
#11383=DIRECTION('ref_axis',(1.,0.,0.));
#11384=DIRECTION('',(0.,0.,-1.));
#11385=DIRECTION('center_axis',(0.,0.,-1.));
#11386=DIRECTION('ref_axis',(1.,0.,0.));
#11387=DIRECTION('center_axis',(0.,0.,-1.));
#11388=DIRECTION('ref_axis',(1.,0.,0.));
#11389=DIRECTION('',(0.,0.,-1.));
#11390=DIRECTION('center_axis',(0.,0.,-1.));
#11391=DIRECTION('ref_axis',(1.,0.,0.));
#11392=DIRECTION('center_axis',(0.,0.,-1.));
#11393=DIRECTION('ref_axis',(1.,0.,0.));
#11394=DIRECTION('',(0.,0.,-1.));
#11395=DIRECTION('center_axis',(0.,0.,-1.));
#11396=DIRECTION('ref_axis',(1.,0.,0.));
#11397=DIRECTION('center_axis',(0.,0.,-1.));
#11398=DIRECTION('ref_axis',(1.,0.,0.));
#11399=DIRECTION('',(0.,0.,-1.));
#11400=DIRECTION('center_axis',(0.,-1.,0.));
#11401=DIRECTION('ref_axis',(-1.,0.,0.));
#11402=DIRECTION('',(0.,0.,-1.));
#11403=DIRECTION('',(-1.,0.,0.));
#11404=DIRECTION('',(0.,0.,-1.));
#11405=DIRECTION('center_axis',(0.707106781186548,-0.707106781186548,0.));
#11406=DIRECTION('ref_axis',(-0.707106781186548,-0.707106781186548,0.));
#11407=DIRECTION('',(-0.707106781186548,-0.707106781186548,0.));
#11408=DIRECTION('center_axis',(1.,0.,0.));
#11409=DIRECTION('ref_axis',(0.,-1.,0.));
#11410=DIRECTION('',(0.,-1.,0.));
#11411=DIRECTION('',(0.,0.,1.));
#11412=DIRECTION('center_axis',(0.,1.,0.));
#11413=DIRECTION('ref_axis',(1.,0.,0.));
#11414=DIRECTION('',(1.,0.,0.));
#11415=DIRECTION('',(0.,0.,-1.));
#11416=DIRECTION('center_axis',(-0.707106781186548,-0.707106781186548,0.));
#11417=DIRECTION('ref_axis',(-0.707106781186548,0.707106781186548,0.));
#11418=DIRECTION('',(-0.707106781186548,0.707106781186548,0.));
#11419=DIRECTION('center_axis',(1.,0.,0.));
#11420=DIRECTION('ref_axis',(0.,-1.,0.));
#11421=DIRECTION('',(0.,0.,-1.));
#11422=DIRECTION('',(0.,-1.,0.));
#11423=DIRECTION('',(0.,0.,-1.));
#11424=DIRECTION('center_axis',(-0.707106781186548,0.707106781186548,0.));
#11425=DIRECTION('ref_axis',(0.707106781186548,0.707106781186548,0.));
#11426=DIRECTION('',(0.707106781186548,0.707106781186548,0.));
#11427=DIRECTION('',(0.,0.,-1.));
#11428=DIRECTION('center_axis',(-1.,0.,0.));
#11429=DIRECTION('ref_axis',(0.,1.,0.));
#11430=DIRECTION('',(0.,1.,0.));
#11431=DIRECTION('',(0.,0.,-1.));
#11432=DIRECTION('center_axis',(-0.707106781186548,-0.707106781186548,0.));
#11433=DIRECTION('ref_axis',(-0.707106781186548,0.707106781186548,0.));
#11434=DIRECTION('',(-0.707106781186548,0.707106781186548,0.));
#11435=DIRECTION('',(0.,0.,-1.));
#11436=DIRECTION('center_axis',(1.,0.,0.));
#11437=DIRECTION('ref_axis',(0.,-1.,0.));
#11438=DIRECTION('',(0.,-1.,0.));
#11439=DIRECTION('',(0.,0.,-1.));
#11440=DIRECTION('center_axis',(0.,-1.,0.));
#11441=DIRECTION('ref_axis',(-1.,0.,0.));
#11442=DIRECTION('',(-1.,0.,0.));
#11443=DIRECTION('',(0.,0.,-1.));
#11444=DIRECTION('center_axis',(-1.,0.,0.));
#11445=DIRECTION('ref_axis',(0.,1.,0.));
#11446=DIRECTION('',(0.,1.,0.));
#11447=DIRECTION('',(0.,0.,-1.));
#11448=DIRECTION('center_axis',(0.707106781186548,-0.707106781186548,0.));
#11449=DIRECTION('ref_axis',(-0.707106781186548,-0.707106781186548,0.));
#11450=DIRECTION('',(-0.707106781186548,-0.707106781186548,0.));
#11451=DIRECTION('',(0.,0.,-1.));
#11452=DIRECTION('center_axis',(1.,0.,0.));
#11453=DIRECTION('ref_axis',(0.,-1.,0.));
#11454=DIRECTION('',(0.,-1.,0.));
#11455=DIRECTION('',(0.,0.,-1.));
#11456=DIRECTION('center_axis',(0.707106781186548,0.707106781186548,0.));
#11457=DIRECTION('ref_axis',(0.707106781186548,-0.707106781186548,0.));
#11458=DIRECTION('',(0.707106781186548,-0.707106781186548,0.));
#11459=DIRECTION('',(0.,0.,-1.));
#11460=DIRECTION('center_axis',(-1.,0.,0.));
#11461=DIRECTION('ref_axis',(0.,1.,0.));
#11462=DIRECTION('',(0.,1.,0.));
#11463=DIRECTION('',(0.,0.,-1.));
#11464=DIRECTION('center_axis',(0.,1.,0.));
#11465=DIRECTION('ref_axis',(1.,0.,0.));
#11466=DIRECTION('',(1.,0.,0.));
#11467=DIRECTION('center_axis',(0.,-1.,0.));
#11468=DIRECTION('ref_axis',(-1.,0.,0.));
#11469=DIRECTION('',(0.,0.,-1.));
#11470=DIRECTION('',(-1.,0.,0.));
#11471=DIRECTION('',(0.,0.,-1.));
#11472=DIRECTION('center_axis',(0.707106781186548,-0.707106781186548,0.));
#11473=DIRECTION('ref_axis',(-0.707106781186548,-0.707106781186548,0.));
#11474=DIRECTION('',(-0.707106781186548,-0.707106781186548,0.));
#11475=DIRECTION('center_axis',(1.,0.,0.));
#11476=DIRECTION('ref_axis',(0.,-1.,0.));
#11477=DIRECTION('',(0.,-1.,0.));
#11478=DIRECTION('',(0.,0.,1.));
#11479=DIRECTION('center_axis',(0.,1.,0.));
#11480=DIRECTION('ref_axis',(1.,0.,0.));
#11481=DIRECTION('',(1.,0.,0.));
#11482=DIRECTION('',(0.,0.,-1.));
#11483=DIRECTION('center_axis',(-0.707106781186548,-0.707106781186548,0.));
#11484=DIRECTION('ref_axis',(-0.707106781186548,0.707106781186548,0.));
#11485=DIRECTION('',(-0.707106781186548,0.707106781186548,0.));
#11486=DIRECTION('center_axis',(-1.,0.,0.));
#11487=DIRECTION('ref_axis',(0.,1.,0.));
#11488=DIRECTION('',(0.,0.,-1.));
#11489=DIRECTION('',(0.,1.,0.));
#11490=DIRECTION('',(0.,0.,-1.));
#11491=DIRECTION('center_axis',(0.707106781186548,-0.707106781186548,0.));
#11492=DIRECTION('ref_axis',(-0.707106781186548,-0.707106781186548,0.));
#11493=DIRECTION('',(-0.707106781186548,-0.707106781186548,0.));
#11494=DIRECTION('',(0.,0.,-1.));
#11495=DIRECTION('center_axis',(1.,0.,0.));
#11496=DIRECTION('ref_axis',(0.,-1.,0.));
#11497=DIRECTION('',(0.,-1.,0.));
#11498=DIRECTION('',(0.,0.,-1.));
#11499=DIRECTION('center_axis',(0.707106781186548,0.707106781186548,0.));
#11500=DIRECTION('ref_axis',(0.707106781186548,-0.707106781186548,0.));
#11501=DIRECTION('',(0.707106781186548,-0.707106781186548,0.));
#11502=DIRECTION('',(0.,0.,-1.));
#11503=DIRECTION('center_axis',(-1.,0.,0.));
#11504=DIRECTION('ref_axis',(0.,1.,0.));
#11505=DIRECTION('',(0.,1.,0.));
#11506=DIRECTION('',(0.,0.,-1.));
#11507=DIRECTION('center_axis',(0.,1.,0.));
#11508=DIRECTION('ref_axis',(1.,0.,0.));
#11509=DIRECTION('',(1.,0.,0.));
#11510=DIRECTION('',(0.,0.,-1.));
#11511=DIRECTION('center_axis',(1.,0.,0.));
#11512=DIRECTION('ref_axis',(0.,-1.,0.));
#11513=DIRECTION('',(0.,-1.,0.));
#11514=DIRECTION('',(0.,0.,-1.));
#11515=DIRECTION('center_axis',(-0.707106781186548,0.707106781186548,0.));
#11516=DIRECTION('ref_axis',(0.707106781186548,0.707106781186548,0.));
#11517=DIRECTION('',(0.707106781186548,0.707106781186548,0.));
#11518=DIRECTION('',(0.,0.,-1.));
#11519=DIRECTION('center_axis',(-1.,0.,0.));
#11520=DIRECTION('ref_axis',(0.,1.,0.));
#11521=DIRECTION('',(0.,1.,0.));
#11522=DIRECTION('',(0.,0.,-1.));
#11523=DIRECTION('center_axis',(-0.707106781186548,-0.707106781186548,0.));
#11524=DIRECTION('ref_axis',(-0.707106781186548,0.707106781186548,0.));
#11525=DIRECTION('',(-0.707106781186548,0.707106781186548,0.));
#11526=DIRECTION('',(0.,0.,-1.));
#11527=DIRECTION('center_axis',(1.,0.,0.));
#11528=DIRECTION('ref_axis',(0.,-1.,0.));
#11529=DIRECTION('',(0.,-1.,0.));
#11530=DIRECTION('',(0.,0.,-1.));
#11531=DIRECTION('center_axis',(0.,-1.,0.));
#11532=DIRECTION('ref_axis',(-1.,0.,0.));
#11533=DIRECTION('',(-1.,0.,0.));
#11534=DIRECTION('center_axis',(0.,1.,0.));
#11535=DIRECTION('ref_axis',(1.,0.,0.));
#11536=DIRECTION('',(0.,0.,-1.));
#11537=DIRECTION('',(1.,0.,0.));
#11538=DIRECTION('',(0.,0.,-1.));
#11539=DIRECTION('center_axis',(-0.707106781186548,0.707106781186548,0.));
#11540=DIRECTION('ref_axis',(0.707106781186548,0.707106781186548,0.));
#11541=DIRECTION('',(0.707106781186548,0.707106781186548,0.));
#11542=DIRECTION('center_axis',(-1.,0.,0.));
#11543=DIRECTION('ref_axis',(0.,1.,0.));
#11544=DIRECTION('',(0.,1.,0.));
#11545=DIRECTION('',(0.,0.,1.));
#11546=DIRECTION('center_axis',(0.,-1.,0.));
#11547=DIRECTION('ref_axis',(-1.,0.,0.));
#11548=DIRECTION('',(-1.,0.,0.));
#11549=DIRECTION('',(0.,0.,-1.));
#11550=DIRECTION('center_axis',(0.707106781186548,0.707106781186548,0.));
#11551=DIRECTION('ref_axis',(0.707106781186548,-0.707106781186548,0.));
#11552=DIRECTION('',(0.707106781186548,-0.707106781186548,0.));
#11553=DIRECTION('center_axis',(0.,-1.,0.));
#11554=DIRECTION('ref_axis',(-1.,0.,0.));
#11555=DIRECTION('',(0.,0.,-1.));
#11556=DIRECTION('',(-1.,0.,0.));
#11557=DIRECTION('',(0.,0.,-1.));
#11558=DIRECTION('center_axis',(0.707106781186548,-0.707106781186548,0.));
#11559=DIRECTION('ref_axis',(-0.707106781186548,-0.707106781186548,0.));
#11560=DIRECTION('',(-0.707106781186548,-0.707106781186548,0.));
#11561=DIRECTION('center_axis',(1.,0.,0.));
#11562=DIRECTION('ref_axis',(0.,-1.,0.));
#11563=DIRECTION('',(0.,-1.,0.));
#11564=DIRECTION('',(0.,0.,1.));
#11565=DIRECTION('center_axis',(-1.,0.,0.));
#11566=DIRECTION('ref_axis',(0.,1.,0.));
#11567=DIRECTION('',(0.,0.,-1.));
#11568=DIRECTION('',(0.,1.,0.));
#11569=DIRECTION('center_axis',(-0.707106781186548,-0.707106781186548,0.));
#11570=DIRECTION('ref_axis',(-0.707106781186548,0.707106781186548,0.));
#11571=DIRECTION('',(-0.707106781186548,0.707106781186548,0.));
#11572=DIRECTION('center_axis',(-0.707106781186548,-0.707106781186548,0.));
#11573=DIRECTION('ref_axis',(-0.707106781186548,0.707106781186548,0.));
#11574=DIRECTION('',(0.,0.,-1.));
#11575=DIRECTION('',(-0.707106781186548,0.707106781186548,0.));
#11576=DIRECTION('',(0.,0.,-1.));
#11577=DIRECTION('center_axis',(0.,-1.,0.));
#11578=DIRECTION('ref_axis',(-1.,0.,0.));
#11579=DIRECTION('',(-1.,0.,0.));
#11580=DIRECTION('',(0.,0.,-1.));
#11581=DIRECTION('center_axis',(0.707106781186548,-0.707106781186548,0.));
#11582=DIRECTION('ref_axis',(-0.707106781186548,-0.707106781186548,0.));
#11583=DIRECTION('',(-0.707106781186548,-0.707106781186548,0.));
#11584=DIRECTION('center_axis',(1.,0.,0.));
#11585=DIRECTION('ref_axis',(0.,-1.,0.));
#11586=DIRECTION('',(0.,-1.,0.));
#11587=DIRECTION('',(0.,0.,1.));
#11588=DIRECTION('center_axis',(0.,1.,0.));
#11589=DIRECTION('ref_axis',(1.,0.,0.));
#11590=DIRECTION('',(1.,0.,0.));
#11591=DIRECTION('center_axis',(0.707106781186548,0.707106781186548,0.));
#11592=DIRECTION('ref_axis',(0.707106781186548,-0.707106781186548,0.));
#11593=DIRECTION('',(0.,0.,-1.));
#11594=DIRECTION('',(0.707106781186548,-0.707106781186548,0.));
#11595=DIRECTION('',(0.,0.,-1.));
#11596=DIRECTION('center_axis',(0.,1.,0.));
#11597=DIRECTION('ref_axis',(1.,0.,0.));
#11598=DIRECTION('',(1.,0.,0.));
#11599=DIRECTION('',(0.,0.,-1.));
#11600=DIRECTION('center_axis',(-0.707106781186548,0.707106781186548,0.));
#11601=DIRECTION('ref_axis',(0.707106781186548,0.707106781186548,0.));
#11602=DIRECTION('',(0.707106781186548,0.707106781186548,0.));
#11603=DIRECTION('center_axis',(-1.,0.,0.));
#11604=DIRECTION('ref_axis',(0.,1.,0.));
#11605=DIRECTION('',(0.,1.,0.));
#11606=DIRECTION('',(0.,0.,1.));
#11607=DIRECTION('center_axis',(0.,-1.,0.));
#11608=DIRECTION('ref_axis',(-1.,0.,0.));
#11609=DIRECTION('',(-1.,0.,0.));
#11610=DIRECTION('center_axis',(-1.,0.,0.));
#11611=DIRECTION('ref_axis',(0.,1.,0.));
#11612=DIRECTION('',(0.,0.,-1.));
#11613=DIRECTION('',(0.,1.,0.));
#11614=DIRECTION('',(0.,0.,-1.));
#11615=DIRECTION('center_axis',(0.707106781186548,-0.707106781186548,0.));
#11616=DIRECTION('ref_axis',(-0.707106781186548,-0.707106781186548,0.));
#11617=DIRECTION('',(-0.707106781186548,-0.707106781186548,0.));
#11618=DIRECTION('',(0.,0.,-1.));
#11619=DIRECTION('center_axis',(1.,0.,0.));
#11620=DIRECTION('ref_axis',(0.,-1.,0.));
#11621=DIRECTION('',(0.,-1.,0.));
#11622=DIRECTION('',(0.,0.,-1.));
#11623=DIRECTION('center_axis',(0.707106781186548,0.707106781186548,0.));
#11624=DIRECTION('ref_axis',(0.707106781186548,-0.707106781186548,0.));
#11625=DIRECTION('',(0.707106781186548,-0.707106781186548,0.));
#11626=DIRECTION('',(0.,0.,-1.));
#11627=DIRECTION('center_axis',(-1.,0.,0.));
#11628=DIRECTION('ref_axis',(0.,1.,0.));
#11629=DIRECTION('',(0.,1.,0.));
#11630=DIRECTION('',(0.,0.,-1.));
#11631=DIRECTION('center_axis',(0.,1.,0.));
#11632=DIRECTION('ref_axis',(1.,0.,0.));
#11633=DIRECTION('',(1.,0.,0.));
#11634=DIRECTION('',(0.,0.,-1.));
#11635=DIRECTION('center_axis',(1.,0.,0.));
#11636=DIRECTION('ref_axis',(0.,-1.,0.));
#11637=DIRECTION('',(0.,-1.,0.));
#11638=DIRECTION('',(0.,0.,-1.));
#11639=DIRECTION('center_axis',(-0.707106781186548,0.707106781186548,0.));
#11640=DIRECTION('ref_axis',(0.707106781186548,0.707106781186548,0.));
#11641=DIRECTION('',(0.707106781186548,0.707106781186548,0.));
#11642=DIRECTION('',(0.,0.,-1.));
#11643=DIRECTION('center_axis',(-1.,0.,0.));
#11644=DIRECTION('ref_axis',(0.,1.,0.));
#11645=DIRECTION('',(0.,1.,0.));
#11646=DIRECTION('',(0.,0.,-1.));
#11647=DIRECTION('center_axis',(-0.707106781186548,-0.707106781186548,0.));
#11648=DIRECTION('ref_axis',(-0.707106781186548,0.707106781186548,0.));
#11649=DIRECTION('',(-0.707106781186548,0.707106781186548,0.));
#11650=DIRECTION('',(0.,0.,-1.));
#11651=DIRECTION('center_axis',(1.,0.,0.));
#11652=DIRECTION('ref_axis',(0.,-1.,0.));
#11653=DIRECTION('',(0.,-1.,0.));
#11654=DIRECTION('',(0.,0.,-1.));
#11655=DIRECTION('center_axis',(0.,-1.,0.));
#11656=DIRECTION('ref_axis',(-1.,0.,0.));
#11657=DIRECTION('',(-1.,0.,0.));
#11658=DIRECTION('center_axis',(0.,1.,0.));
#11659=DIRECTION('ref_axis',(1.,0.,0.));
#11660=DIRECTION('',(0.,0.,-1.));
#11661=DIRECTION('',(1.,0.,0.));
#11662=DIRECTION('',(0.,0.,-1.));
#11663=DIRECTION('center_axis',(-0.707106781186548,0.707106781186548,0.));
#11664=DIRECTION('ref_axis',(0.707106781186548,0.707106781186548,0.));
#11665=DIRECTION('',(0.707106781186548,0.707106781186548,0.));
#11666=DIRECTION('center_axis',(-1.,0.,0.));
#11667=DIRECTION('ref_axis',(0.,1.,0.));
#11668=DIRECTION('',(0.,1.,0.));
#11669=DIRECTION('',(0.,0.,1.));
#11670=DIRECTION('center_axis',(0.,-1.,0.));
#11671=DIRECTION('ref_axis',(-1.,0.,0.));
#11672=DIRECTION('',(-1.,0.,0.));
#11673=DIRECTION('',(0.,0.,-1.));
#11674=DIRECTION('center_axis',(0.707106781186548,0.707106781186548,0.));
#11675=DIRECTION('ref_axis',(0.707106781186548,-0.707106781186548,0.));
#11676=DIRECTION('',(0.707106781186548,-0.707106781186548,0.));
#11677=DIRECTION('center_axis',(0.,1.,0.));
#11678=DIRECTION('ref_axis',(1.,0.,0.));
#11679=DIRECTION('',(0.,0.,-1.));
#11680=DIRECTION('',(1.,0.,0.));
#11681=DIRECTION('',(0.,0.,-1.));
#11682=DIRECTION('center_axis',(-0.707106781186548,0.707106781186548,0.));
#11683=DIRECTION('ref_axis',(0.707106781186548,0.707106781186548,0.));
#11684=DIRECTION('',(0.707106781186548,0.707106781186548,0.));
#11685=DIRECTION('center_axis',(-1.,0.,0.));
#11686=DIRECTION('ref_axis',(0.,1.,0.));
#11687=DIRECTION('',(0.,1.,0.));
#11688=DIRECTION('',(0.,0.,1.));
#11689=DIRECTION('center_axis',(0.,-1.,0.));
#11690=DIRECTION('ref_axis',(-1.,0.,0.));
#11691=DIRECTION('',(-1.,0.,0.));
#11692=DIRECTION('',(0.,0.,-1.));
#11693=DIRECTION('center_axis',(0.707106781186548,0.707106781186548,0.));
#11694=DIRECTION('ref_axis',(0.707106781186548,-0.707106781186548,0.));
#11695=DIRECTION('',(0.707106781186548,-0.707106781186548,0.));
#11696=DIRECTION('center_axis',(0.707106781186548,0.707106781186548,0.));
#11697=DIRECTION('ref_axis',(0.707106781186548,-0.707106781186548,0.));
#11698=DIRECTION('',(0.,0.,-1.));
#11699=DIRECTION('',(0.707106781186548,-0.707106781186548,0.));
#11700=DIRECTION('center_axis',(0.,1.,0.));
#11701=DIRECTION('ref_axis',(1.,0.,0.));
#11702=DIRECTION('',(1.,0.,0.));
#11703=DIRECTION('',(0.,0.,1.));
#11704=DIRECTION('center_axis',(-1.,0.,0.));
#11705=DIRECTION('ref_axis',(0.,1.,0.));
#11706=DIRECTION('',(0.,1.,0.));
#11707=DIRECTION('',(0.,0.,-1.));
#11708=DIRECTION('center_axis',(0.707106781186548,-0.707106781186548,0.));
#11709=DIRECTION('ref_axis',(-0.707106781186548,-0.707106781186548,0.));
#11710=DIRECTION('',(-0.707106781186548,-0.707106781186548,0.));
#11711=DIRECTION('',(0.,0.,-1.));
#11712=DIRECTION('center_axis',(1.,0.,0.));
#11713=DIRECTION('ref_axis',(0.,-1.,0.));
#11714=DIRECTION('',(0.,-1.,0.));
#11715=DIRECTION('center_axis',(-0.707106781186548,-0.707106781186548,0.));
#11716=DIRECTION('ref_axis',(-0.707106781186548,0.707106781186548,0.));
#11717=DIRECTION('',(0.,0.,-1.));
#11718=DIRECTION('',(-0.707106781186548,0.707106781186548,0.));
#11719=DIRECTION('center_axis',(0.,-1.,0.));
#11720=DIRECTION('ref_axis',(-1.,0.,0.));
#11721=DIRECTION('',(-1.,0.,0.));
#11722=DIRECTION('',(0.,0.,1.));
#11723=DIRECTION('center_axis',(-0.707106781186548,0.707106781186548,0.));
#11724=DIRECTION('ref_axis',(0.707106781186548,0.707106781186548,0.));
#11725=DIRECTION('',(0.,0.,-1.));
#11726=DIRECTION('',(0.707106781186548,0.707106781186548,0.));
#11727=DIRECTION('',(0.,0.,-1.));
#11728=DIRECTION('center_axis',(-1.,0.,0.));
#11729=DIRECTION('ref_axis',(0.,1.,0.));
#11730=DIRECTION('',(0.,1.,0.));
#11731=DIRECTION('center_axis',(1.,0.,0.));
#11732=DIRECTION('ref_axis',(0.,-1.,0.));
#11733=DIRECTION('',(0.,-1.,0.));
#11734=DIRECTION('center_axis',(0.,1.,0.));
#11735=DIRECTION('ref_axis',(-1.,0.,0.));
#11736=DIRECTION('',(0.,0.,1.));
#11737=DIRECTION('',(-1.,0.,0.));
#11738=DIRECTION('center_axis',(0.,1.,0.));
#11739=DIRECTION('ref_axis',(-1.,0.,0.));
#11740=DIRECTION('',(-1.,0.,0.));
#11741=DIRECTION('',(0.,0.,1.));
#11742=DIRECTION('center_axis',(0.,1.,0.));
#11743=DIRECTION('ref_axis',(-1.,0.,0.));
#11744=DIRECTION('',(-1.,0.,0.));
#11745=DIRECTION('center_axis',(0.,1.,0.));
#11746=DIRECTION('ref_axis',(-1.,0.,0.));
#11747=DIRECTION('',(-1.,0.,0.));
#11748=DIRECTION('center_axis',(0.,-1.,0.));
#11749=DIRECTION('ref_axis',(1.,0.,0.));
#11750=DIRECTION('',(0.,0.,1.));
#11751=DIRECTION('',(1.,0.,0.));
#11752=DIRECTION('center_axis',(0.,-1.,0.));
#11753=DIRECTION('ref_axis',(1.,0.,0.));
#11754=DIRECTION('',(1.,0.,0.));
#11755=DIRECTION('center_axis',(0.,-1.,0.));
#11756=DIRECTION('ref_axis',(1.,0.,0.));
#11757=DIRECTION('',(1.,0.,0.));
#11758=DIRECTION('center_axis',(0.,-1.,0.));
#11759=DIRECTION('ref_axis',(1.,0.,0.));
#11760=DIRECTION('',(1.,0.,0.));
#11761=DIRECTION('',(0.,0.,-1.));
#11762=DIRECTION('center_axis',(-1.,0.,0.));
#11763=DIRECTION('ref_axis',(0.,-1.,0.));
#11764=DIRECTION('',(0.,-1.,0.));
#11765=DIRECTION('center_axis',(1.,0.,0.));
#11766=DIRECTION('ref_axis',(0.,1.,0.));
#11767=DIRECTION('',(0.,1.,0.));
#11768=DIRECTION('center_axis',(0.,0.,1.));
#11769=DIRECTION('ref_axis',(1.,0.,0.));
#11770=DIRECTION('',(1.,0.,0.));
#11771=DIRECTION('',(0.,1.,0.));
#11772=DIRECTION('',(-1.,0.,0.));
#11773=DIRECTION('',(0.,-1.,0.));
#11774=DIRECTION('center_axis',(-1.,0.,0.));
#11775=DIRECTION('ref_axis',(0.,-1.,0.));
#11776=DIRECTION('center_axis',(0.,1.,0.));
#11777=DIRECTION('ref_axis',(-1.,0.,0.));
#11778=DIRECTION('center_axis',(1.,0.,0.));
#11779=DIRECTION('ref_axis',(0.,1.,0.));
#11780=DIRECTION('center_axis',(0.,-1.,0.));
#11781=DIRECTION('ref_axis',(1.,0.,0.));
#11782=DIRECTION('axis',(0.,0.,1.));
#11783=DIRECTION('refdir',(1.,0.,0.));
#11784=DIRECTION('center_axis',(0.,0.,-1.));
#11785=DIRECTION('ref_axis',(1.,0.,0.));
#11786=DIRECTION('center_axis',(0.,0.,-1.));
#11787=DIRECTION('ref_axis',(1.,0.,0.));
#11788=DIRECTION('',(0.,0.,-1.));
#11789=DIRECTION('center_axis',(0.,0.,-1.));
#11790=DIRECTION('ref_axis',(1.,0.,0.));
#11791=DIRECTION('center_axis',(0.,0.,1.));
#11792=DIRECTION('ref_axis',(1.,0.,0.));
#11793=DIRECTION('center_axis',(0.,0.,1.));
#11794=DIRECTION('ref_axis',(1.,0.,0.));
#11795=DIRECTION('center_axis',(0.,0.,-1.));
#11796=DIRECTION('ref_axis',(1.,0.,0.));
#11797=DIRECTION('center_axis',(0.,0.,-1.));
#11798=DIRECTION('ref_axis',(1.,0.,0.));
#11799=DIRECTION('',(0.,0.,-1.));
#11800=DIRECTION('center_axis',(0.,0.,-1.));
#11801=DIRECTION('ref_axis',(1.,0.,0.));
#11802=DIRECTION('center_axis',(0.,0.,1.));
#11803=DIRECTION('ref_axis',(1.,0.,0.));
#11804=DIRECTION('center_axis',(0.,0.,1.));
#11805=DIRECTION('ref_axis',(1.,0.,0.));
#11806=DIRECTION('center_axis',(0.,0.,-1.));
#11807=DIRECTION('ref_axis',(1.,0.,0.));
#11808=DIRECTION('center_axis',(0.,0.,-1.));
#11809=DIRECTION('ref_axis',(1.,0.,0.));
#11810=DIRECTION('',(0.,0.,-1.));
#11811=DIRECTION('center_axis',(0.,0.,-1.));
#11812=DIRECTION('ref_axis',(1.,0.,0.));
#11813=DIRECTION('center_axis',(0.,0.,1.));
#11814=DIRECTION('ref_axis',(1.,0.,0.));
#11815=DIRECTION('center_axis',(0.,0.,1.));
#11816=DIRECTION('ref_axis',(1.,0.,0.));
#11817=DIRECTION('center_axis',(0.,0.,-1.));
#11818=DIRECTION('ref_axis',(1.,0.,0.));
#11819=DIRECTION('center_axis',(0.,0.,-1.));
#11820=DIRECTION('ref_axis',(1.,0.,0.));
#11821=DIRECTION('',(0.,0.,-1.));
#11822=DIRECTION('center_axis',(0.,0.,-1.));
#11823=DIRECTION('ref_axis',(1.,0.,0.));
#11824=DIRECTION('center_axis',(0.,0.,1.));
#11825=DIRECTION('ref_axis',(1.,0.,0.));
#11826=DIRECTION('center_axis',(0.,0.,1.));
#11827=DIRECTION('ref_axis',(1.,0.,0.));
#11828=DIRECTION('center_axis',(0.,0.,1.));
#11829=DIRECTION('ref_axis',(-1.,0.,0.));
#11830=DIRECTION('center_axis',(0.,0.,1.));
#11831=DIRECTION('ref_axis',(-1.,0.,0.));
#11832=DIRECTION('',(0.,0.,1.));
#11833=DIRECTION('center_axis',(0.,0.,1.));
#11834=DIRECTION('ref_axis',(-1.,0.,0.));
#11835=DIRECTION('center_axis',(0.,0.,-1.));
#11836=DIRECTION('ref_axis',(-1.,0.,0.));
#11837=DIRECTION('center_axis',(0.,0.,1.));
#11838=DIRECTION('ref_axis',(-1.,0.,0.));
#11839=DIRECTION('center_axis',(0.,0.,1.));
#11840=DIRECTION('ref_axis',(-1.,0.,0.));
#11841=DIRECTION('',(0.,0.,1.));
#11842=DIRECTION('center_axis',(0.,0.,1.));
#11843=DIRECTION('ref_axis',(-1.,0.,0.));
#11844=DIRECTION('center_axis',(0.,0.,-1.));
#11845=DIRECTION('ref_axis',(-1.,0.,0.));
#11846=DIRECTION('center_axis',(0.,0.,-1.));
#11847=DIRECTION('ref_axis',(1.,0.,0.));
#11848=DIRECTION('',(0.,0.,-1.));
#11849=DIRECTION('center_axis',(0.,0.,1.));
#11850=DIRECTION('ref_axis',(1.,0.,0.));
#11851=DIRECTION('center_axis',(0.,0.,-1.));
#11852=DIRECTION('ref_axis',(1.,0.,0.));
#11853=DIRECTION('',(0.,0.,-1.));
#11854=DIRECTION('center_axis',(0.,0.,1.));
#11855=DIRECTION('ref_axis',(1.,0.,0.));
#11856=DIRECTION('center_axis',(0.,0.,-1.));
#11857=DIRECTION('ref_axis',(1.,0.,0.));
#11858=DIRECTION('',(0.,0.,-1.));
#11859=DIRECTION('center_axis',(0.,0.,1.));
#11860=DIRECTION('ref_axis',(1.,0.,0.));
#11861=DIRECTION('center_axis',(0.,0.,-1.));
#11862=DIRECTION('ref_axis',(1.,0.,0.));
#11863=DIRECTION('',(0.,0.,-1.));
#11864=DIRECTION('center_axis',(0.,0.,1.));
#11865=DIRECTION('ref_axis',(1.,0.,0.));
#11866=DIRECTION('center_axis',(0.,0.,-1.));
#11867=DIRECTION('ref_axis',(1.,0.,0.));
#11868=DIRECTION('center_axis',(0.,0.,-1.));
#11869=DIRECTION('ref_axis',(1.,0.,0.));
#11870=DIRECTION('',(0.,0.,-1.));
#11871=DIRECTION('center_axis',(0.,0.,1.));
#11872=DIRECTION('ref_axis',(1.,0.,0.));
#11873=DIRECTION('center_axis',(0.,0.,-1.));
#11874=DIRECTION('ref_axis',(-1.,0.,0.));
#11875=DIRECTION('',(1.,0.,0.));
#11876=DIRECTION('',(0.,-1.,0.));
#11877=DIRECTION('',(-1.,0.,0.));
#11878=DIRECTION('',(0.,1.,0.));
#11879=DIRECTION('center_axis',(1.,0.,0.));
#11880=DIRECTION('ref_axis',(0.,1.,0.));
#11881=DIRECTION('',(0.,0.,-1.));
#11882=DIRECTION('',(0.,1.,0.));
#11883=DIRECTION('',(0.,0.,1.));
#11884=DIRECTION('center_axis',(0.,-1.,0.));
#11885=DIRECTION('ref_axis',(1.,0.,0.));
#11886=DIRECTION('',(1.,0.,0.));
#11887=DIRECTION('',(0.,0.,1.));
#11888=DIRECTION('center_axis',(-1.,0.,0.));
#11889=DIRECTION('ref_axis',(0.,-1.,0.));
#11890=DIRECTION('',(0.,-1.,0.));
#11891=DIRECTION('',(0.,0.,1.));
#11892=DIRECTION('center_axis',(0.,1.,0.));
#11893=DIRECTION('ref_axis',(-1.,0.,0.));
#11894=DIRECTION('',(-1.,0.,0.));
#11895=DIRECTION('center_axis',(0.,0.,1.));
#11896=DIRECTION('ref_axis',(1.,0.,0.));
#11897=DIRECTION('axis',(0.,0.,1.));
#11898=DIRECTION('refdir',(1.,0.,0.));
#11899=DIRECTION('center_axis',(0.,0.,1.));
#11900=DIRECTION('ref_axis',(-1.,0.,0.));
#11901=DIRECTION('center_axis',(0.,0.,1.));
#11902=DIRECTION('ref_axis',(-1.,0.,0.));
#11903=DIRECTION('',(0.707106781186547,-8.65956056235493E-17,0.707106781186547));
#11904=DIRECTION('center_axis',(0.,0.,-1.));
#11905=DIRECTION('ref_axis',(-1.,0.,0.));
#11906=DIRECTION('center_axis',(0.,0.,-1.));
#11907=DIRECTION('ref_axis',(-1.,0.,0.));
#11908=DIRECTION('',(0.,0.,1.));
#11909=DIRECTION('center_axis',(0.,0.,1.));
#11910=DIRECTION('ref_axis',(-1.,0.,0.));
#11911=DIRECTION('center_axis',(0.,0.,-1.));
#11912=DIRECTION('ref_axis',(-1.,0.,0.));
#11913=DIRECTION('center_axis',(0.,0.,1.));
#11914=DIRECTION('ref_axis',(1.,0.,0.));
#11915=DIRECTION('center_axis',(0.,0.,-1.));
#11916=DIRECTION('ref_axis',(1.,0.,0.));
#11917=DIRECTION('center_axis',(0.,-1.,0.));
#11918=DIRECTION('ref_axis',(-1.,0.,0.));
#11919=DIRECTION('center_axis',(0.,0.,1.));
#11920=DIRECTION('ref_axis',(1.,0.,0.));
#11921=DIRECTION('center_axis',(0.,0.,1.));
#11922=DIRECTION('ref_axis',(1.,0.,0.));
#11923=DIRECTION('',(0.,0.,-1.));
#11924=DIRECTION('center_axis',(0.,0.,-1.));
#11925=DIRECTION('ref_axis',(1.,0.,0.));
#11926=DIRECTION('center_axis',(0.,0.,1.));
#11927=DIRECTION('ref_axis',(1.,0.,0.));
#11928=DIRECTION('',(0.866025403784439,0.5,0.));
#11929=DIRECTION('',(0.866025403784439,-0.5,0.));
#11930=DIRECTION('',(0.,-1.,0.));
#11931=DIRECTION('',(-0.866025403784439,-0.5,0.));
#11932=DIRECTION('',(-0.866025403784439,0.5,0.));
#11933=DIRECTION('',(0.,1.,0.));
#11934=DIRECTION('center_axis',(-0.5,0.866025403784439,0.));
#11935=DIRECTION('ref_axis',(0.866025403784439,0.5,0.));
#11936=DIRECTION('',(0.,0.,-1.));
#11937=DIRECTION('',(0.866025403784439,0.5,0.));
#11938=DIRECTION('',(0.,0.,-1.));
#11939=DIRECTION('center_axis',(-1.,0.,0.));
#11940=DIRECTION('ref_axis',(0.,1.,0.));
#11941=DIRECTION('',(0.,0.,-1.));
#11942=DIRECTION('',(0.,1.,0.));
#11943=DIRECTION('center_axis',(-0.5,-0.866025403784439,0.));
#11944=DIRECTION('ref_axis',(-0.866025403784439,0.5,0.));
#11945=DIRECTION('',(0.,0.,-1.));
#11946=DIRECTION('',(-0.866025403784439,0.5,0.));
#11947=DIRECTION('center_axis',(0.5,-0.866025403784439,0.));
#11948=DIRECTION('ref_axis',(-0.866025403784439,-0.5,0.));
#11949=DIRECTION('',(0.,0.,-1.));
#11950=DIRECTION('',(-0.866025403784439,-0.5,0.));
#11951=DIRECTION('center_axis',(1.,0.,0.));
#11952=DIRECTION('ref_axis',(0.,-1.,0.));
#11953=DIRECTION('',(0.,0.,-1.));
#11954=DIRECTION('',(0.,-1.,0.));
#11955=DIRECTION('center_axis',(0.5,0.866025403784439,0.));
#11956=DIRECTION('ref_axis',(0.866025403784439,-0.5,0.));
#11957=DIRECTION('',(0.866025403784439,-0.5,0.));
#11958=DIRECTION('center_axis',(0.,0.,-1.));
#11959=DIRECTION('ref_axis',(-1.,0.,0.));
#11960=DIRECTION('center_axis',(0.,0.,1.));
#11961=DIRECTION('ref_axis',(1.,0.,0.));
#11962=DIRECTION('axis',(0.,0.,1.));
#11963=DIRECTION('refdir',(1.,0.,0.));
#11964=DIRECTION('center_axis',(0.,0.,1.));
#11965=DIRECTION('ref_axis',(1.,0.,0.));
#11966=DIRECTION('center_axis',(0.,0.,1.));
#11967=DIRECTION('ref_axis',(1.,0.,0.));
#11968=DIRECTION('',(0.,0.,-1.));
#11969=DIRECTION('center_axis',(0.,0.,1.));
#11970=DIRECTION('ref_axis',(1.,0.,0.));
#11971=DIRECTION('center_axis',(0.,0.,1.));
#11972=DIRECTION('ref_axis',(1.,0.,0.));
#11973=DIRECTION('center_axis',(0.,0.,1.));
#11974=DIRECTION('ref_axis',(1.,0.,0.));
#11975=DIRECTION('axis',(0.,0.,1.));
#11976=DIRECTION('refdir',(1.,0.,0.));
#11977=DIRECTION('center_axis',(0.,1.,0.));
#11978=DIRECTION('ref_axis',(1.,0.,0.));
#11979=DIRECTION('',(-1.,0.,0.));
#11980=DIRECTION('',(0.,0.,-1.));
#11981=DIRECTION('',(1.,0.,0.));
#11982=DIRECTION('',(0.,0.,-1.));
#11983=DIRECTION('center_axis',(0.,0.,-1.));
#11984=DIRECTION('ref_axis',(-1.,0.,0.));
#11985=DIRECTION('',(0.,1.,0.));
#11986=DIRECTION('',(0.,-1.,0.));
#11987=DIRECTION('',(-1.,0.,0.));
#11988=DIRECTION('center_axis',(0.,0.,1.));
#11989=DIRECTION('ref_axis',(1.,0.,0.));
#11990=DIRECTION('',(0.,1.,0.));
#11991=DIRECTION('',(1.,0.,0.));
#11992=DIRECTION('',(0.,-1.,0.));
#11993=DIRECTION('center_axis',(0.,0.,1.));
#11994=DIRECTION('ref_axis',(1.,0.,0.));
#11995=DIRECTION('center_axis',(0.,0.,1.));
#11996=DIRECTION('ref_axis',(1.,0.,0.));
#11997=DIRECTION('center_axis',(0.,0.,1.));
#11998=DIRECTION('ref_axis',(1.,0.,0.));
#11999=DIRECTION('center_axis',(0.,0.,1.));
#12000=DIRECTION('ref_axis',(1.,0.,0.));
#12001=DIRECTION('center_axis',(0.,0.,-1.));
#12002=DIRECTION('ref_axis',(1.,0.,0.));
#12003=DIRECTION('',(0.,0.,-1.));
#12004=DIRECTION('center_axis',(0.,0.,1.));
#12005=DIRECTION('ref_axis',(1.,0.,0.));
#12006=DIRECTION('center_axis',(0.,0.,-1.));
#12007=DIRECTION('ref_axis',(1.,0.,0.));
#12008=DIRECTION('',(0.,0.,-1.));
#12009=DIRECTION('center_axis',(0.,0.,1.));
#12010=DIRECTION('ref_axis',(1.,0.,0.));
#12011=DIRECTION('center_axis',(0.,0.,-1.));
#12012=DIRECTION('ref_axis',(1.,0.,0.));
#12013=DIRECTION('',(0.,0.,-1.));
#12014=DIRECTION('center_axis',(-1.,0.,0.));
#12015=DIRECTION('ref_axis',(0.,-1.,0.));
#12016=DIRECTION('',(0.,0.,-1.));
#12017=DIRECTION('',(0.,-1.,0.));
#12018=DIRECTION('',(0.,0.,1.));
#12019=DIRECTION('center_axis',(0.,1.,0.));
#12020=DIRECTION('ref_axis',(-1.,0.,0.));
#12021=DIRECTION('',(-1.,0.,0.));
#12022=DIRECTION('',(0.,0.,1.));
#12023=DIRECTION('center_axis',(1.,0.,0.));
#12024=DIRECTION('ref_axis',(0.,1.,0.));
#12025=DIRECTION('',(0.,1.,0.));
#12026=DIRECTION('',(0.,0.,1.));
#12027=DIRECTION('center_axis',(0.,-1.,0.));
#12028=DIRECTION('ref_axis',(1.,0.,0.));
#12029=DIRECTION('',(1.,0.,0.));
#12030=DIRECTION('center_axis',(0.,0.,1.));
#12031=DIRECTION('ref_axis',(1.,0.,0.));
#12032=DIRECTION('axis',(0.,0.,1.));
#12033=DIRECTION('refdir',(1.,0.,0.));
#12034=DIRECTION('center_axis',(1.,0.,0.));
#12035=DIRECTION('ref_axis',(0.,0.,-1.));
#12036=DIRECTION('center_axis',(1.,0.,0.));
#12037=DIRECTION('ref_axis',(0.,0.,-1.));
#12038=DIRECTION('center_axis',(1.,0.,0.));
#12039=DIRECTION('ref_axis',(0.,0.,-1.));
#12040=DIRECTION('center_axis',(1.,0.,0.));
#12041=DIRECTION('ref_axis',(0.,1.,0.));
#12042=DIRECTION('',(-1.,0.,0.));
#12043=DIRECTION('center_axis',(1.,0.,0.));
#12044=DIRECTION('ref_axis',(0.,0.,-1.));
#12045=DIRECTION('center_axis',(-1.,0.,0.));
#12046=DIRECTION('ref_axis',(0.,0.,1.));
#12047=DIRECTION('center_axis',(1.,0.,0.));
#12048=DIRECTION('ref_axis',(0.,0.,-1.));
#12049=DIRECTION('center_axis',(1.,0.,0.));
#12050=DIRECTION('ref_axis',(0.,1.,0.));
#12051=DIRECTION('center_axis',(1.,0.,0.));
#12052=DIRECTION('ref_axis',(0.,0.,-1.));
#12053=DIRECTION('',(-1.,0.,0.));
#12054=DIRECTION('center_axis',(1.,0.,0.));
#12055=DIRECTION('ref_axis',(0.,0.,-1.));
#12056=DIRECTION('center_axis',(1.,0.,0.));
#12057=DIRECTION('ref_axis',(0.,0.,-1.));
#12058=DIRECTION('center_axis',(0.,-1.,0.));
#12059=DIRECTION('ref_axis',(0.,0.,1.));
#12060=DIRECTION('center_axis',(1.,0.,0.));
#12061=DIRECTION('ref_axis',(0.,0.,-1.));
#12062=DIRECTION('center_axis',(1.,0.,0.));
#12063=DIRECTION('ref_axis',(0.,0.,-1.));
#12064=DIRECTION('center_axis',(1.,0.,0.));
#12065=DIRECTION('ref_axis',(0.,1.,0.));
#12066=DIRECTION('',(-1.,0.,0.));
#12067=DIRECTION('center_axis',(1.,0.,0.));
#12068=DIRECTION('ref_axis',(0.,0.,-1.));
#12069=DIRECTION('center_axis',(1.,0.,0.));
#12070=DIRECTION('ref_axis',(0.,0.,-1.));
#12071=DIRECTION('center_axis',(0.,-1.,0.));
#12072=DIRECTION('ref_axis',(0.,0.,1.));
#12073=DIRECTION('center_axis',(1.,0.,0.));
#12074=DIRECTION('ref_axis',(0.,0.,-1.));
#12075=DIRECTION('center_axis',(1.,0.,0.));
#12076=DIRECTION('ref_axis',(0.,0.,-1.));
#12077=DIRECTION('center_axis',(1.,0.,0.));
#12078=DIRECTION('ref_axis',(0.,0.,-1.));
#12079=DIRECTION('center_axis',(1.,0.,0.));
#12080=DIRECTION('ref_axis',(0.,1.,0.));
#12081=DIRECTION('',(-1.,0.,0.));
#12082=DIRECTION('center_axis',(1.,0.,0.));
#12083=DIRECTION('ref_axis',(0.,0.,-1.));
#12084=DIRECTION('center_axis',(-1.,0.,0.));
#12085=DIRECTION('ref_axis',(0.,0.,1.));
#12086=DIRECTION('center_axis',(1.,0.,0.));
#12087=DIRECTION('ref_axis',(0.,0.,-1.));
#12088=DIRECTION('center_axis',(1.,0.,0.));
#12089=DIRECTION('ref_axis',(0.,1.,0.));
#12090=DIRECTION('center_axis',(1.,0.,0.));
#12091=DIRECTION('ref_axis',(0.,0.,-1.));
#12092=DIRECTION('',(-1.,0.,0.));
#12093=DIRECTION('center_axis',(1.,0.,0.));
#12094=DIRECTION('ref_axis',(0.,0.,-1.));
#12095=DIRECTION('center_axis',(1.,0.,0.));
#12096=DIRECTION('ref_axis',(0.,0.,-1.));
#12097=DIRECTION('center_axis',(1.,0.,0.));
#12098=DIRECTION('ref_axis',(0.,1.,0.));
#12099=DIRECTION('',(-1.,0.,0.));
#12100=DIRECTION('center_axis',(0.,0.,1.));
#12101=DIRECTION('ref_axis',(1.,0.,0.));
#12102=DIRECTION('center_axis',(0.,-1.,0.));
#12103=DIRECTION('ref_axis',(-1.,0.,0.));
#12104=DIRECTION('center_axis',(0.,-0.70710678118655,0.707106781186545));
#12105=DIRECTION('ref_axis',(1.,0.,0.));
#12106=DIRECTION('center_axis',(0.,-0.707106781186548,-0.707106781186548));
#12107=DIRECTION('ref_axis',(-1.,0.,0.));
#12108=DIRECTION('center_axis',(0.,-1.,0.));
#12109=DIRECTION('ref_axis',(1.,0.,0.));
#12110=DIRECTION('center_axis',(0.,-6.12323399573677E-17,-1.));
#12111=DIRECTION('ref_axis',(-1.,0.,0.));
#12112=DIRECTION('center_axis',(0.,-0.70710678118655,-0.707106781186545));
#12113=DIRECTION('ref_axis',(1.,0.,0.));
#12114=DIRECTION('center_axis',(0.,0.707106781186547,-0.707106781186548));
#12115=DIRECTION('ref_axis',(-1.,0.,0.));
#12116=DIRECTION('center_axis',(0.,0.,-1.));
#12117=DIRECTION('ref_axis',(1.,0.,0.));
#12118=DIRECTION('center_axis',(0.,1.,-1.22464679914735E-16));
#12119=DIRECTION('ref_axis',(-1.,0.,0.));
#12120=DIRECTION('center_axis',(0.,0.707106781186549,-0.707106781186546));
#12121=DIRECTION('ref_axis',(1.,0.,0.));
#12122=DIRECTION('center_axis',(0.,0.707106781186548,0.707106781186547));
#12123=DIRECTION('ref_axis',(-1.,0.,0.));
#12124=DIRECTION('center_axis',(0.,1.,0.));
#12125=DIRECTION('ref_axis',(1.,0.,0.));
#12126=DIRECTION('center_axis',(0.,1.83697019872103E-16,1.));
#12127=DIRECTION('ref_axis',(-1.,0.,0.));
#12128=DIRECTION('center_axis',(0.,0.70710678118655,0.707106781186545));
#12129=DIRECTION('ref_axis',(1.,0.,0.));
#12130=DIRECTION('center_axis',(0.,-0.707106781186547,0.707106781186548));
#12131=DIRECTION('ref_axis',(-1.,0.,0.));
#12132=DIRECTION('center_axis',(0.,0.,1.));
#12133=DIRECTION('ref_axis',(1.,0.,0.));
#12134=DIRECTION('center_axis',(1.,0.,0.));
#12135=DIRECTION('ref_axis',(0.,0.,-1.));
#12136=DIRECTION('center_axis',(1.,0.,0.));
#12137=DIRECTION('ref_axis',(0.,0.,-1.));
#12138=DIRECTION('center_axis',(-1.,0.,0.));
#12139=DIRECTION('ref_axis',(0.,0.,1.));
#12140=DIRECTION('center_axis',(1.,0.,0.));
#12141=DIRECTION('ref_axis',(0.,1.,0.));
#12142=DIRECTION('center_axis',(-1.,0.,0.));
#12143=DIRECTION('ref_axis',(0.,0.,-1.));
#12144=DIRECTION('center_axis',(-1.,0.,0.));
#12145=DIRECTION('ref_axis',(0.,1.,0.));
#12146=DIRECTION('center_axis',(0.,0.707106781186546,0.707106781186549));
#12147=DIRECTION('ref_axis',(1.,0.,0.));
#12148=DIRECTION('center_axis',(1.,0.,0.));
#12149=DIRECTION('ref_axis',(0.,0.,-1.));
#12150=DIRECTION('center_axis',(-1.,0.,0.));
#12151=DIRECTION('ref_axis',(0.,0.,1.));
#12152=DIRECTION('center_axis',(1.,0.,0.));
#12153=DIRECTION('ref_axis',(0.,1.,0.));
#12154=DIRECTION('center_axis',(-1.,0.,0.));
#12155=DIRECTION('ref_axis',(0.,0.,-1.));
#12156=DIRECTION('center_axis',(-1.,0.,0.));
#12157=DIRECTION('ref_axis',(0.,1.,0.));
#12158=DIRECTION('center_axis',(0.,1.,0.));
#12159=DIRECTION('ref_axis',(1.,0.,0.));
#12160=DIRECTION('center_axis',(1.,0.,0.));
#12161=DIRECTION('ref_axis',(0.,0.,-1.));
#12162=DIRECTION('center_axis',(-1.,0.,0.));
#12163=DIRECTION('ref_axis',(0.,0.,1.));
#12164=DIRECTION('center_axis',(1.,0.,0.));
#12165=DIRECTION('ref_axis',(0.,1.,0.));
#12166=DIRECTION('center_axis',(-1.,0.,0.));
#12167=DIRECTION('ref_axis',(0.,0.,-1.));
#12168=DIRECTION('center_axis',(-1.,0.,0.));
#12169=DIRECTION('ref_axis',(0.,1.,0.));
#12170=DIRECTION('center_axis',(0.,0.707106781186546,-0.707106781186549));
#12171=DIRECTION('ref_axis',(1.,0.,0.));
#12172=DIRECTION('center_axis',(1.,0.,0.));
#12173=DIRECTION('ref_axis',(0.,0.,-1.));
#12174=DIRECTION('center_axis',(-1.,0.,0.));
#12175=DIRECTION('ref_axis',(0.,0.,1.));
#12176=DIRECTION('center_axis',(1.,0.,0.));
#12177=DIRECTION('ref_axis',(0.,1.,0.));
#12178=DIRECTION('center_axis',(-1.,0.,0.));
#12179=DIRECTION('ref_axis',(0.,0.,-1.));
#12180=DIRECTION('center_axis',(-1.,0.,0.));
#12181=DIRECTION('ref_axis',(0.,1.,0.));
#12182=DIRECTION('center_axis',(0.,0.,-1.));
#12183=DIRECTION('ref_axis',(1.,0.,0.));
#12184=DIRECTION('center_axis',(1.,0.,0.));
#12185=DIRECTION('ref_axis',(0.,0.,-1.));
#12186=DIRECTION('center_axis',(-1.,0.,0.));
#12187=DIRECTION('ref_axis',(0.,0.,1.));
#12188=DIRECTION('center_axis',(1.,0.,0.));
#12189=DIRECTION('ref_axis',(0.,1.,0.));
#12190=DIRECTION('center_axis',(-1.,0.,0.));
#12191=DIRECTION('ref_axis',(0.,0.,-1.));
#12192=DIRECTION('center_axis',(-1.,0.,0.));
#12193=DIRECTION('ref_axis',(0.,1.,0.));
#12194=DIRECTION('center_axis',(0.,-0.707106781186546,-0.707106781186549));
#12195=DIRECTION('ref_axis',(1.,0.,0.));
#12196=DIRECTION('center_axis',(1.,0.,0.));
#12197=DIRECTION('ref_axis',(0.,0.,-1.));
#12198=DIRECTION('center_axis',(-1.,0.,0.));
#12199=DIRECTION('ref_axis',(0.,0.,1.));
#12200=DIRECTION('center_axis',(1.,0.,0.));
#12201=DIRECTION('ref_axis',(0.,1.,0.));
#12202=DIRECTION('center_axis',(-1.,0.,0.));
#12203=DIRECTION('ref_axis',(0.,0.,-1.));
#12204=DIRECTION('center_axis',(-1.,0.,0.));
#12205=DIRECTION('ref_axis',(0.,1.,0.));
#12206=DIRECTION('center_axis',(0.,-1.,0.));
#12207=DIRECTION('ref_axis',(1.,0.,0.));
#12208=DIRECTION('center_axis',(1.,0.,0.));
#12209=DIRECTION('ref_axis',(0.,0.,-1.));
#12210=DIRECTION('center_axis',(-1.,0.,0.));
#12211=DIRECTION('ref_axis',(0.,0.,1.));
#12212=DIRECTION('center_axis',(-1.,0.,0.));
#12213=DIRECTION('ref_axis',(0.,1.,0.));
#12214=DIRECTION('center_axis',(-1.,0.,0.));
#12215=DIRECTION('ref_axis',(0.,0.,-1.));
#12216=DIRECTION('center_axis',(1.,0.,0.));
#12217=DIRECTION('ref_axis',(0.,1.,0.));
#12218=DIRECTION('center_axis',(0.,-0.707106781186546,0.707106781186549));
#12219=DIRECTION('ref_axis',(1.,0.,0.));
#12220=DIRECTION('center_axis',(1.,0.,0.));
#12221=DIRECTION('ref_axis',(0.,0.,-1.));
#12222=DIRECTION('center_axis',(-1.,0.,0.));
#12223=DIRECTION('ref_axis',(0.,0.,1.));
#12224=DIRECTION('center_axis',(1.,0.,0.));
#12225=DIRECTION('ref_axis',(0.,1.,0.));
#12226=DIRECTION('center_axis',(-1.,0.,0.));
#12227=DIRECTION('ref_axis',(0.,1.,0.));
#12228=DIRECTION('center_axis',(0.,0.,1.));
#12229=DIRECTION('ref_axis',(1.,0.,0.));
#12230=DIRECTION('center_axis',(1.,0.,0.));
#12231=DIRECTION('ref_axis',(0.,0.,-1.));
#12232=DIRECTION('center_axis',(1.,0.,0.));
#12233=DIRECTION('ref_axis',(0.,0.,-1.));
#12234=DIRECTION('center_axis',(1.,0.,0.));
#12235=DIRECTION('ref_axis',(0.,1.,0.));
#12236=DIRECTION('',(-1.,0.,0.));
#12237=DIRECTION('center_axis',(1.,0.,0.));
#12238=DIRECTION('ref_axis',(0.,0.,-1.));
#12239=DIRECTION('center_axis',(1.,0.,0.));
#12240=DIRECTION('ref_axis',(0.,0.,-1.));
#12241=DIRECTION('center_axis',(1.,0.,0.));
#12242=DIRECTION('ref_axis',(0.,0.,-1.));
#12243=DIRECTION('center_axis',(1.,0.,0.));
#12244=DIRECTION('ref_axis',(0.,0.,-1.));
#12245=DIRECTION('center_axis',(1.,0.,0.));
#12246=DIRECTION('ref_axis',(0.,0.,-1.));
#12247=DIRECTION('center_axis',(1.,0.,0.));
#12248=DIRECTION('ref_axis',(0.,0.,-1.));
#12249=DIRECTION('center_axis',(1.,0.,0.));
#12250=DIRECTION('ref_axis',(0.,0.,-1.));
#12251=DIRECTION('center_axis',(1.,0.,0.));
#12252=DIRECTION('ref_axis',(0.,0.,-1.));
#12253=DIRECTION('center_axis',(-1.,0.,0.));
#12254=DIRECTION('ref_axis',(0.,0.,1.));
#12255=DIRECTION('center_axis',(1.,0.,0.));
#12256=DIRECTION('ref_axis',(0.,0.,-1.));
#12257=DIRECTION('center_axis',(1.,0.,0.));
#12258=DIRECTION('ref_axis',(0.,0.,-1.));
#12259=DIRECTION('center_axis',(0.,0.70710678118655,0.707106781186545));
#12260=DIRECTION('ref_axis',(1.,0.,0.));
#12261=DIRECTION('center_axis',(1.,0.,0.));
#12262=DIRECTION('ref_axis',(0.,0.,-1.));
#12263=DIRECTION('center_axis',(-1.,0.,0.));
#12264=DIRECTION('ref_axis',(0.,0.,1.));
#12265=DIRECTION('center_axis',(1.,0.,0.));
#12266=DIRECTION('ref_axis',(0.,0.,-1.));
#12267=DIRECTION('center_axis',(1.,0.,0.));
#12268=DIRECTION('ref_axis',(0.,0.,-1.));
#12269=DIRECTION('center_axis',(0.,1.,0.));
#12270=DIRECTION('ref_axis',(1.,0.,0.));
#12271=DIRECTION('center_axis',(1.,0.,0.));
#12272=DIRECTION('ref_axis',(0.,0.,-1.));
#12273=DIRECTION('center_axis',(-1.,0.,0.));
#12274=DIRECTION('ref_axis',(0.,0.,1.));
#12275=DIRECTION('center_axis',(1.,0.,0.));
#12276=DIRECTION('ref_axis',(0.,0.,-1.));
#12277=DIRECTION('center_axis',(1.,0.,0.));
#12278=DIRECTION('ref_axis',(0.,0.,-1.));
#12279=DIRECTION('center_axis',(0.,0.707106781186549,-0.707106781186546));
#12280=DIRECTION('ref_axis',(1.,0.,0.));
#12281=DIRECTION('center_axis',(1.,0.,0.));
#12282=DIRECTION('ref_axis',(0.,0.,-1.));
#12283=DIRECTION('center_axis',(-1.,0.,0.));
#12284=DIRECTION('ref_axis',(0.,0.,1.));
#12285=DIRECTION('center_axis',(1.,0.,0.));
#12286=DIRECTION('ref_axis',(0.,0.,-1.));
#12287=DIRECTION('center_axis',(1.,0.,0.));
#12288=DIRECTION('ref_axis',(0.,0.,-1.));
#12289=DIRECTION('center_axis',(0.,0.,-1.));
#12290=DIRECTION('ref_axis',(1.,0.,0.));
#12291=DIRECTION('center_axis',(1.,0.,0.));
#12292=DIRECTION('ref_axis',(0.,0.,-1.));
#12293=DIRECTION('center_axis',(-1.,0.,0.));
#12294=DIRECTION('ref_axis',(0.,0.,1.));
#12295=DIRECTION('center_axis',(1.,0.,0.));
#12296=DIRECTION('ref_axis',(0.,0.,-1.));
#12297=DIRECTION('center_axis',(1.,0.,0.));
#12298=DIRECTION('ref_axis',(0.,0.,-1.));
#12299=DIRECTION('center_axis',(0.,-0.70710678118655,-0.707106781186545));
#12300=DIRECTION('ref_axis',(1.,0.,0.));
#12301=DIRECTION('center_axis',(1.,0.,0.));
#12302=DIRECTION('ref_axis',(0.,0.,-1.));
#12303=DIRECTION('center_axis',(-1.,0.,0.));
#12304=DIRECTION('ref_axis',(0.,0.,1.));
#12305=DIRECTION('center_axis',(1.,0.,0.));
#12306=DIRECTION('ref_axis',(0.,0.,-1.));
#12307=DIRECTION('center_axis',(1.,0.,0.));
#12308=DIRECTION('ref_axis',(0.,0.,-1.));
#12309=DIRECTION('center_axis',(0.,-1.,0.));
#12310=DIRECTION('ref_axis',(1.,0.,0.));
#12311=DIRECTION('center_axis',(1.,0.,0.));
#12312=DIRECTION('ref_axis',(0.,0.,-1.));
#12313=DIRECTION('center_axis',(1.,0.,0.));
#12314=DIRECTION('ref_axis',(0.,1.,0.));
#12315=DIRECTION('',(-1.,0.,0.));
#12316=DIRECTION('center_axis',(1.,0.,0.));
#12317=DIRECTION('ref_axis',(0.,0.,-1.));
#12318=DIRECTION('center_axis',(1.,0.,0.));
#12319=DIRECTION('ref_axis',(0.,0.,-1.));
#12320=DIRECTION('center_axis',(-1.,0.,0.));
#12321=DIRECTION('ref_axis',(0.,0.,1.));
#12322=DIRECTION('center_axis',(1.,0.,0.));
#12323=DIRECTION('ref_axis',(0.,0.,-1.));
#12324=DIRECTION('center_axis',(0.,-0.70710678118655,0.707106781186545));
#12325=DIRECTION('ref_axis',(1.,0.,0.));
#12326=DIRECTION('center_axis',(1.,0.,0.));
#12327=DIRECTION('ref_axis',(0.,0.,-1.));
#12328=DIRECTION('center_axis',(-1.,0.,0.));
#12329=DIRECTION('ref_axis',(0.,0.,1.));
#12330=DIRECTION('center_axis',(0.,0.707106781186546,0.707106781186549));
#12331=DIRECTION('ref_axis',(1.,0.,0.));
#12332=DIRECTION('center_axis',(-1.,0.,0.));
#12333=DIRECTION('ref_axis',(0.,0.,1.));
#12334=DIRECTION('center_axis',(-1.,0.,0.));
#12335=DIRECTION('ref_axis',(0.,0.,1.));
#12336=DIRECTION('center_axis',(1.,0.,0.));
#12337=DIRECTION('ref_axis',(0.,0.,-1.));
#12338=DIRECTION('center_axis',(1.,0.,0.));
#12339=DIRECTION('ref_axis',(0.,1.,0.));
#12340=DIRECTION('center_axis',(1.,0.,0.));
#12341=DIRECTION('ref_axis',(0.,0.,1.));
#12342=DIRECTION('center_axis',(-1.,0.,0.));
#12343=DIRECTION('ref_axis',(0.,1.,0.));
#12344=DIRECTION('center_axis',(0.,1.,0.));
#12345=DIRECTION('ref_axis',(1.,0.,0.));
#12346=DIRECTION('center_axis',(-1.,0.,0.));
#12347=DIRECTION('ref_axis',(0.,0.,1.));
#12348=DIRECTION('center_axis',(1.,0.,0.));
#12349=DIRECTION('ref_axis',(0.,0.,-1.));
#12350=DIRECTION('center_axis',(1.,0.,0.));
#12351=DIRECTION('ref_axis',(0.,1.,0.));
#12352=DIRECTION('center_axis',(1.,0.,0.));
#12353=DIRECTION('ref_axis',(0.,0.,1.));
#12354=DIRECTION('center_axis',(-1.,0.,0.));
#12355=DIRECTION('ref_axis',(0.,1.,0.));
#12356=DIRECTION('center_axis',(0.,0.707106781186546,-0.707106781186549));
#12357=DIRECTION('ref_axis',(1.,0.,0.));
#12358=DIRECTION('center_axis',(-1.,0.,0.));
#12359=DIRECTION('ref_axis',(0.,0.,1.));
#12360=DIRECTION('center_axis',(1.,0.,0.));
#12361=DIRECTION('ref_axis',(0.,0.,-1.));
#12362=DIRECTION('center_axis',(1.,0.,0.));
#12363=DIRECTION('ref_axis',(0.,1.,0.));
#12364=DIRECTION('center_axis',(1.,0.,0.));
#12365=DIRECTION('ref_axis',(0.,0.,1.));
#12366=DIRECTION('center_axis',(-1.,0.,0.));
#12367=DIRECTION('ref_axis',(0.,1.,0.));
#12368=DIRECTION('center_axis',(0.,0.,-1.));
#12369=DIRECTION('ref_axis',(1.,0.,0.));
#12370=DIRECTION('center_axis',(-1.,0.,0.));
#12371=DIRECTION('ref_axis',(0.,0.,1.));
#12372=DIRECTION('center_axis',(1.,0.,0.));
#12373=DIRECTION('ref_axis',(0.,0.,-1.));
#12374=DIRECTION('center_axis',(1.,0.,0.));
#12375=DIRECTION('ref_axis',(0.,1.,0.));
#12376=DIRECTION('center_axis',(1.,0.,0.));
#12377=DIRECTION('ref_axis',(0.,0.,1.));
#12378=DIRECTION('center_axis',(-1.,0.,0.));
#12379=DIRECTION('ref_axis',(0.,1.,0.));
#12380=DIRECTION('center_axis',(0.,-0.707106781186546,-0.707106781186549));
#12381=DIRECTION('ref_axis',(1.,0.,0.));
#12382=DIRECTION('center_axis',(-1.,0.,0.));
#12383=DIRECTION('ref_axis',(0.,0.,1.));
#12384=DIRECTION('center_axis',(1.,0.,0.));
#12385=DIRECTION('ref_axis',(0.,0.,-1.));
#12386=DIRECTION('center_axis',(1.,0.,0.));
#12387=DIRECTION('ref_axis',(0.,1.,0.));
#12388=DIRECTION('center_axis',(1.,0.,0.));
#12389=DIRECTION('ref_axis',(0.,0.,1.));
#12390=DIRECTION('center_axis',(-1.,0.,0.));
#12391=DIRECTION('ref_axis',(0.,1.,0.));
#12392=DIRECTION('center_axis',(0.,-1.,0.));
#12393=DIRECTION('ref_axis',(1.,0.,0.));
#12394=DIRECTION('center_axis',(-1.,0.,0.));
#12395=DIRECTION('ref_axis',(0.,0.,1.));
#12396=DIRECTION('center_axis',(1.,0.,0.));
#12397=DIRECTION('ref_axis',(0.,0.,-1.));
#12398=DIRECTION('center_axis',(1.,0.,0.));
#12399=DIRECTION('ref_axis',(0.,1.,0.));
#12400=DIRECTION('center_axis',(1.,0.,0.));
#12401=DIRECTION('ref_axis',(0.,0.,1.));
#12402=DIRECTION('center_axis',(-1.,0.,0.));
#12403=DIRECTION('ref_axis',(0.,1.,0.));
#12404=DIRECTION('center_axis',(0.,-0.707106781186546,0.707106781186549));
#12405=DIRECTION('ref_axis',(1.,0.,0.));
#12406=DIRECTION('center_axis',(-1.,0.,0.));
#12407=DIRECTION('ref_axis',(0.,0.,1.));
#12408=DIRECTION('center_axis',(1.,0.,0.));
#12409=DIRECTION('ref_axis',(0.,0.,-1.));
#12410=DIRECTION('center_axis',(-1.,0.,0.));
#12411=DIRECTION('ref_axis',(0.,1.,0.));
#12412=DIRECTION('center_axis',(1.,0.,0.));
#12413=DIRECTION('ref_axis',(0.,0.,1.));
#12414=DIRECTION('center_axis',(1.,0.,0.));
#12415=DIRECTION('ref_axis',(0.,1.,0.));
#12416=DIRECTION('center_axis',(0.,0.,1.));
#12417=DIRECTION('ref_axis',(1.,0.,0.));
#12418=DIRECTION('center_axis',(-1.,0.,0.));
#12419=DIRECTION('ref_axis',(0.,0.,1.));
#12420=DIRECTION('center_axis',(1.,0.,0.));
#12421=DIRECTION('ref_axis',(0.,0.,-1.));
#12422=DIRECTION('center_axis',(1.,0.,0.));
#12423=DIRECTION('ref_axis',(0.,1.,0.));
#12424=DIRECTION('center_axis',(-1.,0.,0.));
#12425=DIRECTION('ref_axis',(0.,1.,0.));
#12426=DIRECTION('center_axis',(0.,0.70710678118655,0.707106781186545));
#12427=DIRECTION('ref_axis',(1.,0.,0.));
#12428=DIRECTION('center_axis',(-1.,0.,0.));
#12429=DIRECTION('ref_axis',(0.,0.,1.));
#12430=DIRECTION('center_axis',(-1.,0.,0.));
#12431=DIRECTION('ref_axis',(0.,0.,1.));
#12432=DIRECTION('center_axis',(1.,0.,0.));
#12433=DIRECTION('ref_axis',(0.,1.,0.));
#12434=DIRECTION('center_axis',(1.,0.,0.));
#12435=DIRECTION('ref_axis',(0.,0.,-1.));
#12436=DIRECTION('center_axis',(1.,0.,0.));
#12437=DIRECTION('ref_axis',(0.,0.,-1.));
#12438=DIRECTION('center_axis',(1.,0.,0.));
#12439=DIRECTION('ref_axis',(0.,0.,-1.));
#12440=DIRECTION('',(-1.,0.,0.));
#12441=DIRECTION('center_axis',(1.,0.,0.));
#12442=DIRECTION('ref_axis',(0.,0.,-1.));
#12443=DIRECTION('center_axis',(1.,0.,0.));
#12444=DIRECTION('ref_axis',(0.,0.,-1.));
#12445=DIRECTION('center_axis',(1.,0.,0.));
#12446=DIRECTION('ref_axis',(0.,0.,-1.));
#12447=DIRECTION('center_axis',(1.,0.,0.));
#12448=DIRECTION('ref_axis',(0.,0.,-1.));
#12449=DIRECTION('center_axis',(1.,0.,0.));
#12450=DIRECTION('ref_axis',(0.,0.,-1.));
#12451=DIRECTION('center_axis',(1.,0.,0.));
#12452=DIRECTION('ref_axis',(0.,0.,-1.));
#12453=DIRECTION('center_axis',(1.,0.,0.));
#12454=DIRECTION('ref_axis',(0.,0.,-1.));
#12455=DIRECTION('center_axis',(-1.,0.,0.));
#12456=DIRECTION('ref_axis',(0.,0.,1.));
#12457=DIRECTION('center_axis',(0.,1.,0.));
#12458=DIRECTION('ref_axis',(1.,0.,0.));
#12459=DIRECTION('center_axis',(-1.,0.,0.));
#12460=DIRECTION('ref_axis',(0.,0.,1.));
#12461=DIRECTION('center_axis',(1.,0.,0.));
#12462=DIRECTION('ref_axis',(0.,0.,-1.));
#12463=DIRECTION('center_axis',(1.,0.,0.));
#12464=DIRECTION('ref_axis',(0.,0.,-1.));
#12465=DIRECTION('center_axis',(-1.,0.,0.));
#12466=DIRECTION('ref_axis',(0.,0.,1.));
#12467=DIRECTION('center_axis',(0.,0.707106781186549,-0.707106781186546));
#12468=DIRECTION('ref_axis',(1.,0.,0.));
#12469=DIRECTION('center_axis',(-1.,0.,0.));
#12470=DIRECTION('ref_axis',(0.,0.,1.));
#12471=DIRECTION('center_axis',(1.,0.,0.));
#12472=DIRECTION('ref_axis',(0.,0.,-1.));
#12473=DIRECTION('center_axis',(1.,0.,0.));
#12474=DIRECTION('ref_axis',(0.,0.,-1.));
#12475=DIRECTION('center_axis',(-1.,0.,0.));
#12476=DIRECTION('ref_axis',(0.,0.,1.));
#12477=DIRECTION('center_axis',(0.,0.,-1.));
#12478=DIRECTION('ref_axis',(1.,0.,0.));
#12479=DIRECTION('center_axis',(-1.,0.,0.));
#12480=DIRECTION('ref_axis',(0.,0.,1.));
#12481=DIRECTION('center_axis',(1.,0.,0.));
#12482=DIRECTION('ref_axis',(0.,0.,-1.));
#12483=DIRECTION('center_axis',(1.,0.,0.));
#12484=DIRECTION('ref_axis',(0.,0.,-1.));
#12485=DIRECTION('center_axis',(-1.,0.,0.));
#12486=DIRECTION('ref_axis',(0.,0.,1.));
#12487=DIRECTION('center_axis',(0.,-0.70710678118655,-0.707106781186545));
#12488=DIRECTION('ref_axis',(1.,0.,0.));
#12489=DIRECTION('center_axis',(-1.,0.,0.));
#12490=DIRECTION('ref_axis',(0.,0.,1.));
#12491=DIRECTION('center_axis',(1.,0.,0.));
#12492=DIRECTION('ref_axis',(0.,0.,-1.));
#12493=DIRECTION('center_axis',(1.,0.,0.));
#12494=DIRECTION('ref_axis',(0.,0.,-1.));
#12495=DIRECTION('center_axis',(-1.,0.,0.));
#12496=DIRECTION('ref_axis',(0.,0.,1.));
#12497=DIRECTION('center_axis',(0.,-1.,0.));
#12498=DIRECTION('ref_axis',(1.,0.,0.));
#12499=DIRECTION('center_axis',(-1.,0.,0.));
#12500=DIRECTION('ref_axis',(0.,0.,1.));
#12501=DIRECTION('center_axis',(1.,0.,0.));
#12502=DIRECTION('ref_axis',(0.,0.,-1.));
#12503=DIRECTION('center_axis',(1.,0.,0.));
#12504=DIRECTION('ref_axis',(0.,0.,-1.));
#12505=DIRECTION('center_axis',(-1.,0.,0.));
#12506=DIRECTION('ref_axis',(0.,0.,1.));
#12507=DIRECTION('center_axis',(0.,-0.70710678118655,0.707106781186545));
#12508=DIRECTION('ref_axis',(1.,0.,0.));
#12509=DIRECTION('center_axis',(-1.,0.,0.));
#12510=DIRECTION('ref_axis',(0.,0.,1.));
#12511=DIRECTION('center_axis',(1.,0.,0.));
#12512=DIRECTION('ref_axis',(0.,1.,0.));
#12513=DIRECTION('center_axis',(1.,0.,0.));
#12514=DIRECTION('ref_axis',(0.,0.,-1.));
#12515=DIRECTION('center_axis',(1.,0.,0.));
#12516=DIRECTION('ref_axis',(0.,0.,-1.));
#12517=DIRECTION('',(-1.,0.,0.));
#12518=DIRECTION('center_axis',(1.,0.,0.));
#12519=DIRECTION('ref_axis',(0.,0.,-1.));
#12520=DIRECTION('center_axis',(-1.,0.,0.));
#12521=DIRECTION('ref_axis',(0.,0.,1.));
#12522=DIRECTION('center_axis',(0.,0.,1.));
#12523=DIRECTION('ref_axis',(1.,0.,0.));
#12524=DIRECTION('center_axis',(-1.,0.,0.));
#12525=DIRECTION('ref_axis',(0.,0.,1.));
#12526=DIRECTION('center_axis',(1.,0.,0.));
#12527=DIRECTION('ref_axis',(0.,0.,-1.));
#12528=DIRECTION('',(2.10919705667189E-19,0.,1.));
#12529=DIRECTION('',(1.,-1.0602517642E-53,2.71050543121376E-20));
#12530=DIRECTION('',(0.,0.,1.));
#12531=DIRECTION('',(1.,0.,0.));
#12532=DIRECTION('',(-1.,1.22464679914735E-16,1.71867493477761E-19));
#12533=DIRECTION('',(1.71867493477761E-19,-3.91163059309429E-34,1.));
#12534=DIRECTION('',(-3.49720252756924E-15,-4.28257957921529E-31,-1.));
#12535=DIRECTION('',(-1.,-1.22464679914735E-16,3.49720252756924E-15));
#12536=DIRECTION('',(-3.49720252756924E-15,-2.2204460492503E-16,-1.));
#12537=DIRECTION('',(-1.,-1.22464679914735E-16,3.49720252756924E-15));
#12538=DIRECTION('',(-3.49720252756924E-15,-2.22044604925028E-16,-0.999999999999999));
#12539=DIRECTION('',(-1.,-1.22464679914736E-16,3.49720252756924E-15));
#12540=DIRECTION('',(-3.49720252756924E-15,-3.885780586188E-16,-0.999999999999999));
#12541=DIRECTION('',(-1.,-1.22464679914736E-16,3.49720252756925E-15));
#12542=DIRECTION('',(1.7186749347776E-19,-3.91163059309427E-34,0.999999999999995));
#12543=DIRECTION('',(1.,3.94430452610507E-31,-7.86046575051993E-19));
#12544=DIRECTION('',(1.51928766983389E-64,-3.91163059309429E-34,1.));
#12545=DIRECTION('',(1.,3.94430452610506E-31,-2.40741243048404E-35));
#12546=DIRECTION('',(-3.23556230657058E-32,-3.91163858957928E-34,0.999999999999998));
#12547=DIRECTION('',(1.,3.82104500966428E-31,3.23556230657059E-32));
#12548=DIRECTION('',(3.94115193091355E-46,-1.77635683940025E-15,0.999999999999998));
#12549=DIRECTION('',(1.,3.94430452610506E-31,-2.40741243041302E-35));
#12550=DIRECTION('',(-7.16445939312053E-32,-1.97606390164211E-31,0.999999999999998));
#12551=DIRECTION('',(1.,3.88267476788467E-31,7.16445939312061E-32));
#12552=DIRECTION('',(-1.38777878078145E-17,7.82080373433838E-34,1.));
#12553=DIRECTION('',(1.,6.0268335130331E-67,-1.54074395550979E-33));
#12554=DIRECTION('',(-1.38777878078145E-17,-2.77555756156289E-17,1.));
#12555=DIRECTION('',(1.,6.0268335130331E-67,-1.54074395550979E-33));
#12556=DIRECTION('',(2.10919705667189E-19,2.6727647100922E-50,1.));
#12557=DIRECTION('',(1.,0.,2.71050543121376E-20));
#12558=DIRECTION('',(0.,0.,1.));
#12559=DIRECTION('',(1.,0.,0.));
#12560=DIRECTION('',(-0.906307787036648,0.422618261740705,1.29013244519557E-17));
#12561=DIRECTION('',(1.26909481872E-17,-3.31130812770305E-18,0.999999999999999));
#12562=DIRECTION('',(-3.49720252756924E-15,-4.28257957921529E-31,-1.));
#12563=DIRECTION('',(-1.,-1.22464679914735E-16,3.49720252756924E-15));
#12564=DIRECTION('',(-3.49720252756924E-15,-2.2204460492503E-16,-1.));
#12565=DIRECTION('',(-1.,-1.22464679914735E-16,3.49720252756924E-15));
#12566=DIRECTION('',(-3.49720252756924E-15,-2.22044604925028E-16,-0.999999999999999));
#12567=DIRECTION('',(-1.,-1.22464679914736E-16,3.49720252756924E-15));
#12568=DIRECTION('',(-3.49720252756924E-15,-3.885780586188E-16,-0.999999999999999));
#12569=DIRECTION('',(-1.,-1.22464679914736E-16,3.49720252756925E-15));
#12570=DIRECTION('',(1.7186749347776E-19,-3.91163059309427E-34,0.999999999999995));
#12571=DIRECTION('',(1.,3.94430452610507E-31,-7.86046575051993E-19));
#12572=DIRECTION('',(0.,-3.91163059309429E-34,1.));
#12573=DIRECTION('',(1.,3.94430452610506E-31,-2.40741243048404E-35));
#12574=DIRECTION('',(0.,-7.77156117237608E-16,0.999999999999998));
#12575=DIRECTION('',(1.,3.94430452610506E-31,-2.40741243048405E-35));
#12576=DIRECTION('',(0.,-1.77635683940025E-15,0.999999999999998));
#12577=DIRECTION('',(1.,3.94430452610506E-31,-2.40741243048405E-35));
#12578=DIRECTION('',(0.,-1.72084568816899E-15,0.999999999999998));
#12579=DIRECTION('',(1.,3.94430452610506E-31,-2.40741243048405E-35));
#12580=DIRECTION('',(-1.38777878078145E-17,7.82080373433838E-34,1.));
#12581=DIRECTION('',(1.,1.23259516440783E-32,-1.54074395550979E-33));
#12582=DIRECTION('',(-1.38777878078145E-17,-2.77555756156289E-17,1.));
#12583=DIRECTION('',(1.,2.46519032881566E-32,-3.0814849722837E-33));
#12584=DIRECTION('axis',(0.,0.,1.));
#12585=DIRECTION('refdir',(1.,0.,0.));
#12586=DIRECTION('axis',(0.,0.,1.));
#12587=DIRECTION('refdir',(1.,0.,0.));
#12588=DIRECTION('center_axis',(0.707106781186548,0.,-0.707106781186548));
#12589=DIRECTION('ref_axis',(-0.707106781186548,0.,-0.707106781186548));
#12590=DIRECTION('',(0.707106781186548,0.,0.707106781186548));
#12591=DIRECTION('',(0.,-1.,0.));
#12592=DIRECTION('',(-0.707106781186548,0.,-0.707106781186548));
#12593=DIRECTION('',(0.,1.,0.));
#12594=DIRECTION('center_axis',(0.,1.,0.));
#12595=DIRECTION('ref_axis',(1.,0.,0.));
#12596=DIRECTION('',(0.,0.,1.));
#12597=DIRECTION('',(0.707106781186548,0.,-0.707106781186548));
#12598=DIRECTION('',(-1.,0.,0.));
#12599=DIRECTION('',(0.707106781186548,0.,0.707106781186548));
#12600=DIRECTION('',(0.,0.,-1.));
#12601=DIRECTION('',(-0.707106781186548,0.,0.707106781186548));
#12602=DIRECTION('',(1.,0.,0.));
#12603=DIRECTION('center_axis',(1.,0.,0.));
#12604=DIRECTION('ref_axis',(0.,0.,-1.));
#12605=DIRECTION('',(0.,0.,-1.));
#12606=DIRECTION('',(0.,-1.,0.));
#12607=DIRECTION('',(0.,0.,1.));
#12608=DIRECTION('',(0.,1.,0.));
#12609=DIRECTION('',(0.,0.,-1.));
#12610=DIRECTION('',(0.,1.,0.));
#12611=DIRECTION('center_axis',(-0.707106781186548,0.,-0.707106781186548));
#12612=DIRECTION('ref_axis',(-0.707106781186548,0.,0.707106781186548));
#12613=DIRECTION('',(0.707106781186548,0.,-0.707106781186548));
#12614=DIRECTION('',(0.,-1.,0.));
#12615=DIRECTION('',(0.,1.,0.));
#12616=DIRECTION('center_axis',(0.,1.,0.));
#12617=DIRECTION('ref_axis',(0.,0.,1.));
#12618=DIRECTION('',(0.,0.,1.));
#12619=DIRECTION('',(1.,0.,0.));
#12620=DIRECTION('',(0.,0.,-1.));
#12621=DIRECTION('',(-1.,0.,0.));
#12622=DIRECTION('center_axis',(-1.,0.,0.));
#12623=DIRECTION('ref_axis',(0.,0.,1.));
#12624=DIRECTION('',(0.,-1.,0.));
#12625=DIRECTION('',(0.,0.,1.));
#12626=DIRECTION('',(0.,-1.,0.));
#12627=DIRECTION('',(0.,0.,-1.));
#12628=DIRECTION('',(0.,1.,0.));
#12629=DIRECTION('center_axis',(-0.707106781186548,0.,0.707106781186548));
#12630=DIRECTION('ref_axis',(0.707106781186548,0.,0.707106781186548));
#12631=DIRECTION('',(-0.707106781186548,0.,-0.707106781186548));
#12632=DIRECTION('',(0.,1.,0.));
#12633=DIRECTION('center_axis',(0.,1.,0.));
#12634=DIRECTION('ref_axis',(0.,0.,1.));
#12635=DIRECTION('',(1.,0.,0.));
#12636=DIRECTION('',(0.,0.,-1.));
#12637=DIRECTION('',(-1.,0.,0.));
#12638=DIRECTION('center_axis',(0.707106781186548,0.,0.707106781186548));
#12639=DIRECTION('ref_axis',(0.707106781186548,0.,-0.707106781186548));
#12640=DIRECTION('',(-0.707106781186548,0.,0.707106781186548));
#12641=DIRECTION('',(0.,-1.,0.));
#12642=DIRECTION('center_axis',(0.,1.,0.));
#12643=DIRECTION('ref_axis',(0.,0.,1.));
#12644=DIRECTION('',(-1.,0.,0.));
#12645=DIRECTION('',(0.,0.,1.));
#12646=DIRECTION('',(1.,0.,0.));
#12647=DIRECTION('center_axis',(1.,0.,0.));
#12648=DIRECTION('ref_axis',(0.,0.,1.));
#12649=DIRECTION('',(0.,-1.,0.));
#12650=DIRECTION('',(0.,0.,1.));
#12651=DIRECTION('',(0.,-1.,0.));
#12652=DIRECTION('center_axis',(0.,0.,1.));
#12653=DIRECTION('ref_axis',(-1.,0.,0.));
#12654=DIRECTION('',(-1.,0.,0.));
#12655=DIRECTION('center_axis',(0.,0.,-1.));
#12656=DIRECTION('ref_axis',(1.,0.,0.));
#12657=DIRECTION('',(1.,0.,0.));
#12658=DIRECTION('',(0.,-1.,0.));
#12659=DIRECTION('',(1.,0.,0.));
#12660=DIRECTION('center_axis',(1.,0.,0.));
#12661=DIRECTION('ref_axis',(0.,0.,1.));
#12662=DIRECTION('',(0.,0.,1.));
#12663=DIRECTION('',(0.,1.,0.));
#12664=DIRECTION('',(0.,0.,1.));
#12665=DIRECTION('center_axis',(-1.,0.,0.));
#12666=DIRECTION('ref_axis',(0.,0.,-1.));
#12667=DIRECTION('',(0.,-1.,0.));
#12668=DIRECTION('',(0.,0.,-1.));
#12669=DIRECTION('',(0.,-1.,0.));
#12670=DIRECTION('center_axis',(0.,0.,-1.));
#12671=DIRECTION('ref_axis',(1.,0.,0.));
#12672=DIRECTION('',(1.,0.,0.));
#12673=DIRECTION('center_axis',(0.,0.,1.));
#12674=DIRECTION('ref_axis',(-1.,0.,0.));
#12675=DIRECTION('',(0.,-1.,0.));
#12676=DIRECTION('',(-1.,0.,0.));
#12677=DIRECTION('center_axis',(-1.,0.,0.));
#12678=DIRECTION('ref_axis',(0.,0.,-1.));
#12679=DIRECTION('',(0.,1.,0.));
#12680=DIRECTION('',(0.,0.,-1.));
#12681=DIRECTION('center_axis',(0.,-1.,0.));
#12682=DIRECTION('ref_axis',(0.,0.,-1.));
#12683=DIRECTION('',(-1.,0.,0.));
#12684=DIRECTION('',(1.,0.,0.));
#12685=DIRECTION('center_axis',(0.,1.,0.));
#12686=DIRECTION('ref_axis',(0.,0.,1.));
#12687=DIRECTION('',(-1.,0.,0.));
#12688=DIRECTION('center_axis',(0.,0.,1.));
#12689=DIRECTION('ref_axis',(1.,0.,0.));
#12690=DIRECTION('center_axis',(0.,0.,-1.));
#12691=DIRECTION('ref_axis',(-1.,0.,0.));
#12692=DIRECTION('axis',(0.,0.,1.));
#12693=DIRECTION('refdir',(1.,0.,0.));
#12694=DIRECTION('center_axis',(0.707106781186546,0.,-0.707106781186549));
#12695=DIRECTION('ref_axis',(-0.707106781186549,0.,-0.707106781186546));
#12696=DIRECTION('',(0.707106781186549,0.,0.707106781186546));
#12697=DIRECTION('',(0.,-1.,0.));
#12698=DIRECTION('',(-0.707106781186549,0.,-0.707106781186546));
#12699=DIRECTION('',(0.,1.,0.));
#12700=DIRECTION('center_axis',(0.,1.,0.));
#12701=DIRECTION('ref_axis',(-1.,0.,0.));
#12702=DIRECTION('',(0.,0.,-1.));
#12703=DIRECTION('',(-1.,0.,0.));
#12704=DIRECTION('',(0.,0.,-1.));
#12705=DIRECTION('',(-1.,0.,0.));
#12706=DIRECTION('center_axis',(1.,0.,0.));
#12707=DIRECTION('ref_axis',(0.,0.,-1.));
#12708=DIRECTION('',(0.,0.,-1.));
#12709=DIRECTION('',(0.,1.,0.));
#12710=DIRECTION('',(0.,0.,-1.));
#12711=DIRECTION('',(0.,1.,0.));
#12712=DIRECTION('',(0.,0.,-1.));
#12713=DIRECTION('',(0.,1.,0.));
#12714=DIRECTION('',(0.,0.,-1.));
#12715=DIRECTION('',(0.,1.,0.));
#12716=DIRECTION('',(0.,0.,-1.));
#12717=DIRECTION('',(0.,1.,0.));
#12718=DIRECTION('center_axis',(-0.707106781186548,0.,-0.707106781186548));
#12719=DIRECTION('ref_axis',(-0.707106781186548,0.,0.707106781186548));
#12720=DIRECTION('',(0.707106781186548,0.,-0.707106781186548));
#12721=DIRECTION('',(0.,-1.,0.));
#12722=DIRECTION('',(-0.707106781186548,0.,0.707106781186548));
#12723=DIRECTION('',(0.,1.,0.));
#12724=DIRECTION('center_axis',(-1.,0.,0.));
#12725=DIRECTION('ref_axis',(0.,0.,1.));
#12726=DIRECTION('',(0.,0.,1.));
#12727=DIRECTION('',(0.,1.,0.));
#12728=DIRECTION('',(0.,0.,1.));
#12729=DIRECTION('',(0.,1.,0.));
#12730=DIRECTION('',(0.,0.,1.));
#12731=DIRECTION('',(0.,-1.,0.));
#12732=DIRECTION('',(0.,0.,1.));
#12733=DIRECTION('',(0.,1.,0.));
#12734=DIRECTION('',(0.,0.,1.));
#12735=DIRECTION('',(0.,1.,0.));
#12736=DIRECTION('',(0.,0.,1.));
#12737=DIRECTION('center_axis',(0.,1.,0.));
#12738=DIRECTION('ref_axis',(-1.,0.,0.));
#12739=DIRECTION('',(-1.,0.,0.));
#12740=DIRECTION('',(0.,0.,1.));
#12741=DIRECTION('',(-1.,0.,0.));
#12742=DIRECTION('center_axis',(-0.707106781186548,0.,0.707106781186548));
#12743=DIRECTION('ref_axis',(0.707106781186548,0.,0.707106781186548));
#12744=DIRECTION('',(-0.707106781186548,0.,-0.707106781186548));
#12745=DIRECTION('',(0.707106781186548,0.,0.707106781186548));
#12746=DIRECTION('',(0.,1.,0.));
#12747=DIRECTION('center_axis',(0.,0.,1.));
#12748=DIRECTION('ref_axis',(1.,0.,0.));
#12749=DIRECTION('',(1.,0.,0.));
#12750=DIRECTION('',(0.,1.,0.));
#12751=DIRECTION('',(1.,0.,0.));
#12752=DIRECTION('',(0.,1.,0.));
#12753=DIRECTION('',(1.,0.,0.));
#12754=DIRECTION('',(0.,-1.,0.));
#12755=DIRECTION('',(1.,0.,0.));
#12756=DIRECTION('',(0.,1.,0.));
#12757=DIRECTION('',(1.,0.,0.));
#12758=DIRECTION('',(0.,1.,0.));
#12759=DIRECTION('',(1.,0.,0.));
#12760=DIRECTION('center_axis',(0.,1.,0.));
#12761=DIRECTION('ref_axis',(-1.,0.,0.));
#12762=DIRECTION('',(1.,0.,0.));
#12763=DIRECTION('',(0.,0.,1.));
#12764=DIRECTION('center_axis',(0.707106781186548,0.,0.707106781186548));
#12765=DIRECTION('ref_axis',(0.707106781186548,0.,-0.707106781186548));
#12766=DIRECTION('',(-0.707106781186548,0.,0.707106781186548));
#12767=DIRECTION('',(0.707106781186548,0.,-0.707106781186548));
#12768=DIRECTION('center_axis',(0.,1.,0.));
#12769=DIRECTION('ref_axis',(-1.,0.,0.));
#12770=DIRECTION('',(0.,0.,-1.));
#12771=DIRECTION('',(1.,0.,0.));
#12772=DIRECTION('center_axis',(0.,0.,1.));
#12773=DIRECTION('ref_axis',(1.,0.,0.));
#12774=DIRECTION('',(-1.,0.,0.));
#12775=DIRECTION('',(0.,1.,0.));
#12776=DIRECTION('',(1.,0.,0.));
#12777=DIRECTION('center_axis',(0.,0.,-1.));
#12778=DIRECTION('ref_axis',(-1.,0.,0.));
#12779=DIRECTION('',(1.,0.,0.));
#12780=DIRECTION('',(-1.,0.,0.));
#12781=DIRECTION('',(0.,1.,0.));
#12782=DIRECTION('center_axis',(-1.,0.,0.));
#12783=DIRECTION('ref_axis',(0.,0.,1.));
#12784=DIRECTION('',(0.,0.,-1.));
#12785=DIRECTION('',(0.,0.,1.));
#12786=DIRECTION('',(0.,1.,0.));
#12787=DIRECTION('center_axis',(1.,0.,0.));
#12788=DIRECTION('ref_axis',(0.,0.,-1.));
#12789=DIRECTION('',(0.,0.,1.));
#12790=DIRECTION('',(0.,1.,0.));
#12791=DIRECTION('',(0.,0.,-1.));
#12792=DIRECTION('',(0.,1.,0.));
#12793=DIRECTION('center_axis',(0.,0.,-1.));
#12794=DIRECTION('ref_axis',(-1.,0.,0.));
#12795=DIRECTION('',(1.,0.,0.));
#12796=DIRECTION('',(-1.,0.,0.));
#12797=DIRECTION('center_axis',(0.,0.,1.));
#12798=DIRECTION('ref_axis',(1.,0.,0.));
#12799=DIRECTION('',(-1.,0.,0.));
#12800=DIRECTION('',(1.,0.,0.));
#12801=DIRECTION('',(0.,1.,0.));
#12802=DIRECTION('center_axis',(1.,0.,0.));
#12803=DIRECTION('ref_axis',(0.,0.,-1.));
#12804=DIRECTION('',(0.,0.,1.));
#12805=DIRECTION('',(0.,0.,-1.));
#12806=DIRECTION('center_axis',(-1.,0.,0.));
#12807=DIRECTION('ref_axis',(0.,0.,1.));
#12808=DIRECTION('',(0.,0.,-1.));
#12809=DIRECTION('',(0.,0.,1.));
#12810=DIRECTION('center_axis',(0.,1.,0.));
#12811=DIRECTION('ref_axis',(0.,0.,1.));
#12812=DIRECTION('',(-1.,0.,0.));
#12813=DIRECTION('center_axis',(0.,1.,0.));
#12814=DIRECTION('ref_axis',(0.,0.,1.));
#12815=DIRECTION('center_axis',(0.,1.,0.));
#12816=DIRECTION('ref_axis',(0.,0.,1.));
#12817=DIRECTION('center_axis',(0.,1.,0.));
#12818=DIRECTION('ref_axis',(0.,0.,1.));
#12819=DIRECTION('',(-1.,0.,0.));
#12820=DIRECTION('center_axis',(0.,1.,0.));
#12821=DIRECTION('ref_axis',(0.,0.,1.));
#12822=DIRECTION('',(-1.,0.,0.));
#12823=DIRECTION('center_axis',(0.,0.,1.));
#12824=DIRECTION('ref_axis',(1.,0.,0.));
#12825=DIRECTION('',(1.,0.,0.));
#12826=DIRECTION('',(0.,1.,0.));
#12827=DIRECTION('center_axis',(0.,0.,-1.));
#12828=DIRECTION('ref_axis',(-1.,0.,0.));
#12829=DIRECTION('',(-1.,0.,0.));
#12830=DIRECTION('',(0.,1.,0.));
#12831=DIRECTION('center_axis',(-1.,0.,0.));
#12832=DIRECTION('ref_axis',(0.,0.,1.));
#12833=DIRECTION('',(0.,0.,1.));
#12834=DIRECTION('',(0.,1.,0.));
#12835=DIRECTION('center_axis',(0.,0.,-1.));
#12836=DIRECTION('ref_axis',(-1.,0.,0.));
#12837=DIRECTION('',(0.,1.,0.));
#12838=DIRECTION('',(-1.,0.,0.));
#12839=DIRECTION('center_axis',(1.,0.,0.));
#12840=DIRECTION('ref_axis',(0.,0.,-1.));
#12841=DIRECTION('',(0.,0.,-1.));
#12842=DIRECTION('',(0.,1.,0.));
#12843=DIRECTION('center_axis',(0.,0.,-1.));
#12844=DIRECTION('ref_axis',(-1.,0.,0.));
#12845=DIRECTION('',(-1.,0.,0.));
#12846=DIRECTION('center_axis',(0.,0.,1.));
#12847=DIRECTION('ref_axis',(1.,0.,0.));
#12848=DIRECTION('',(1.,0.,0.));
#12849=DIRECTION('',(0.,1.,0.));
#12850=DIRECTION('center_axis',(1.,0.,0.));
#12851=DIRECTION('ref_axis',(0.,0.,-1.));
#12852=DIRECTION('',(0.,0.,-1.));
#12853=DIRECTION('center_axis',(-1.,0.,0.));
#12854=DIRECTION('ref_axis',(0.,0.,1.));
#12855=DIRECTION('',(0.,0.,1.));
#12856=DIRECTION('center_axis',(0.,1.,0.));
#12857=DIRECTION('ref_axis',(-1.,0.,0.));
#12858=DIRECTION('axis',(0.,0.,1.));
#12859=DIRECTION('refdir',(1.,0.,0.));
#12860=DIRECTION('center_axis',(0.,1.,0.));
#12861=DIRECTION('ref_axis',(1.,0.,0.));
#12862=DIRECTION('center_axis',(-2.36658271566304E-30,1.,0.));
#12863=DIRECTION('ref_axis',(1.,0.,0.));
#12864=DIRECTION('',(0.,1.,0.));
#12865=DIRECTION('center_axis',(0.,-1.,0.));
#12866=DIRECTION('ref_axis',(1.,0.,0.));
#12867=DIRECTION('center_axis',(0.,-1.,0.));
#12868=DIRECTION('ref_axis',(1.,0.,0.));
#12869=DIRECTION('center_axis',(2.36658271566304E-30,-1.,0.));
#12870=DIRECTION('ref_axis',(1.,2.33072540178935E-30,0.));
#12871=DIRECTION('',(0.,1.,0.));
#12872=DIRECTION('center_axis',(0.,1.,0.));
#12873=DIRECTION('ref_axis',(1.,0.,0.));
#12874=DIRECTION('center_axis',(2.36658271566304E-30,-1.,0.));
#12875=DIRECTION('ref_axis',(1.,2.36658271566304E-30,0.));
#12876=DIRECTION('center_axis',(-0.707106781186548,0.,0.707106781186548));
#12877=DIRECTION('ref_axis',(0.707106781186548,0.,0.707106781186548));
#12878=DIRECTION('',(-0.707106781186548,0.,-0.707106781186548));
#12879=DIRECTION('',(0.,-1.,0.));
#12880=DIRECTION('',(0.707106781186548,0.,0.707106781186548));
#12881=DIRECTION('',(0.,1.,0.));
#12882=DIRECTION('center_axis',(-1.,0.,0.));
#12883=DIRECTION('ref_axis',(0.,0.,1.));
#12884=DIRECTION('',(0.,0.,1.));
#12885=DIRECTION('',(0.,-1.,0.));
#12886=DIRECTION('',(0.,0.,-1.));
#12887=DIRECTION('',(0.,1.,0.));
#12888=DIRECTION('',(0.,0.,1.));
#12889=DIRECTION('',(0.,1.,0.));
#12890=DIRECTION('',(0.,0.,-1.));
#12891=DIRECTION('center_axis',(0.,1.,0.));
#12892=DIRECTION('ref_axis',(0.,0.,1.));
#12893=DIRECTION('',(1.,0.,0.));
#12894=DIRECTION('',(0.,0.,-1.));
#12895=DIRECTION('',(-1.,0.,0.));
#12896=DIRECTION('center_axis',(-0.707106781186548,0.,-0.707106781186548));
#12897=DIRECTION('ref_axis',(-0.707106781186548,0.,0.707106781186548));
#12898=DIRECTION('',(0.707106781186548,0.,-0.707106781186548));
#12899=DIRECTION('',(0.,-1.,0.));
#12900=DIRECTION('',(-0.707106781186548,0.,0.707106781186548));
#12901=DIRECTION('center_axis',(0.,0.,-1.));
#12902=DIRECTION('ref_axis',(-1.,0.,0.));
#12903=DIRECTION('',(-1.,0.,0.));
#12904=DIRECTION('',(0.,-1.,0.));
#12905=DIRECTION('',(1.,0.,0.));
#12906=DIRECTION('',(0.,1.,0.));
#12907=DIRECTION('',(-1.,0.,0.));
#12908=DIRECTION('',(0.,1.,0.));
#12909=DIRECTION('',(1.,0.,0.));
#12910=DIRECTION('center_axis',(0.,1.,0.));
#12911=DIRECTION('ref_axis',(0.,0.,1.));
#12912=DIRECTION('',(1.,0.,0.));
#12913=DIRECTION('',(0.,0.,-1.));
#12914=DIRECTION('center_axis',(0.707106781186548,0.,-0.707106781186548));
#12915=DIRECTION('ref_axis',(-0.707106781186548,0.,-0.707106781186548));
#12916=DIRECTION('',(0.707106781186548,0.,0.707106781186548));
#12917=DIRECTION('',(0.,-1.,0.));
#12918=DIRECTION('',(-0.707106781186548,0.,-0.707106781186548));
#12919=DIRECTION('center_axis',(0.,1.,0.));
#12920=DIRECTION('ref_axis',(1.,0.,0.));
#12921=DIRECTION('',(0.,0.,1.));
#12922=DIRECTION('',(0.707106781186548,0.,-0.707106781186548));
#12923=DIRECTION('',(-1.,0.,0.));
#12924=DIRECTION('center_axis',(1.,0.,0.));
#12925=DIRECTION('ref_axis',(0.,0.,-1.));
#12926=DIRECTION('',(0.,0.,-1.));
#12927=DIRECTION('',(0.,-1.,0.));
#12928=DIRECTION('',(0.,0.,1.));
#12929=DIRECTION('',(0.,1.,0.));
#12930=DIRECTION('',(0.,0.,-1.));
#12931=DIRECTION('',(0.,1.,0.));
#12932=DIRECTION('center_axis',(0.707106781186548,0.,0.707106781186548));
#12933=DIRECTION('ref_axis',(0.707106781186548,0.,-0.707106781186548));
#12934=DIRECTION('',(-0.707106781186548,0.,0.707106781186548));
#12935=DIRECTION('',(0.,-1.,0.));
#12936=DIRECTION('center_axis',(0.,1.,0.));
#12937=DIRECTION('ref_axis',(0.,0.,1.));
#12938=DIRECTION('',(-1.,0.,0.));
#12939=DIRECTION('',(0.,0.,1.));
#12940=DIRECTION('',(1.,0.,0.));
#12941=DIRECTION('center_axis',(1.,0.,0.));
#12942=DIRECTION('ref_axis',(0.,0.,1.));
#12943=DIRECTION('',(0.,-1.,0.));
#12944=DIRECTION('',(0.,0.,1.));
#12945=DIRECTION('',(0.,-1.,0.));
#12946=DIRECTION('center_axis',(0.,0.,1.));
#12947=DIRECTION('ref_axis',(-1.,0.,0.));
#12948=DIRECTION('',(-1.,0.,0.));
#12949=DIRECTION('center_axis',(0.,0.,-1.));
#12950=DIRECTION('ref_axis',(1.,0.,0.));
#12951=DIRECTION('',(1.,0.,0.));
#12952=DIRECTION('',(0.,-1.,0.));
#12953=DIRECTION('',(1.,0.,0.));
#12954=DIRECTION('center_axis',(1.,0.,0.));
#12955=DIRECTION('ref_axis',(0.,0.,1.));
#12956=DIRECTION('',(0.,0.,1.));
#12957=DIRECTION('',(0.,0.,1.));
#12958=DIRECTION('center_axis',(-1.,0.,0.));
#12959=DIRECTION('ref_axis',(0.,0.,-1.));
#12960=DIRECTION('',(0.,-1.,0.));
#12961=DIRECTION('',(0.,0.,-1.));
#12962=DIRECTION('center_axis',(0.,0.,-1.));
#12963=DIRECTION('ref_axis',(1.,0.,0.));
#12964=DIRECTION('',(1.,0.,0.));
#12965=DIRECTION('center_axis',(0.,0.,1.));
#12966=DIRECTION('ref_axis',(-1.,0.,0.));
#12967=DIRECTION('',(0.,-1.,0.));
#12968=DIRECTION('',(-1.,0.,0.));
#12969=DIRECTION('center_axis',(-1.,0.,0.));
#12970=DIRECTION('ref_axis',(0.,0.,-1.));
#12971=DIRECTION('',(0.,1.,0.));
#12972=DIRECTION('',(0.,0.,-1.));
#12973=DIRECTION('center_axis',(0.,-1.,0.));
#12974=DIRECTION('ref_axis',(0.,0.,-1.));
#12975=DIRECTION('',(-1.,0.,0.));
#12976=DIRECTION('center_axis',(0.,1.,0.));
#12977=DIRECTION('ref_axis',(0.,0.,1.));
#12978=DIRECTION('center_axis',(0.,0.,1.));
#12979=DIRECTION('ref_axis',(1.,0.,0.));
#12980=DIRECTION('axis',(0.,0.,1.));
#12981=DIRECTION('refdir',(1.,0.,0.));
#12982=DIRECTION('center_axis',(-1.36642833800019E-15,1.,0.));
#12983=DIRECTION('ref_axis',(-1.,-1.36642833800019E-15,5.34378141542346E-24));
#12984=DIRECTION('center_axis',(-1.26287869051112E-15,1.,-1.54658027856037E-31));
#12985=DIRECTION('ref_axis',(-1.,-1.26287869051112E-15,5.34378141542346E-24));
#12986=DIRECTION('',(1.36642833800019E-15,-1.,0.));
#12987=DIRECTION('center_axis',(-1.26287869051112E-15,1.,-1.54658027856037E-31));
#12988=DIRECTION('ref_axis',(-1.,-1.26287869051112E-15,5.34378141542346E-24));
#12989=DIRECTION('center_axis',(-1.26287869051112E-15,1.,-1.54658027856037E-31));
#12990=DIRECTION('ref_axis',(-1.,-1.26287869051112E-15,5.34378141542345E-24));
#12991=DIRECTION('center_axis',(-1.26287869051112E-15,1.,-1.54658027856037E-31));
#12992=DIRECTION('ref_axis',(-1.,-1.26287869051112E-15,5.34378141542345E-24));
#12993=DIRECTION('',(0.,0.,1.));
#12994=DIRECTION('',(1.,0.,0.));
#12995=DIRECTION('',(-6.16297582203915E-33,0.,1.));
#12996=DIRECTION('',(1.,0.,6.16297582203915E-33));
#12997=DIRECTION('',(-1.22464679914735E-16,0.,1.));
#12998=DIRECTION('',(-1.,-1.26287869051112E-15,-1.22464679914735E-16));
#12999=DIRECTION('',(-6.16297582203915E-33,0.,1.));
#13000=DIRECTION('',(1.,0.,6.16297582203915E-33));
#13001=DIRECTION('',(0.,0.,1.));
#13002=DIRECTION('',(1.,0.,0.));
#13003=DIRECTION('',(4.93038065763132E-32,-3.97630795877537E-39,1.));
#13004=DIRECTION('',(1.,0.,-4.93038065763132E-32));
#13005=DIRECTION('',(-1.22464679914735E-16,-2.35549697128703E-39,1.));
#13006=DIRECTION('',(-1.,-1.26287869051112E-15,-1.22464679914735E-16));
#13007=DIRECTION('',(4.93038065763132E-32,-3.97630795877537E-39,1.));
#13008=DIRECTION('',(1.,0.,-4.93038065763132E-32));
#13009=DIRECTION('axis',(0.,0.,1.));
#13010=DIRECTION('refdir',(1.,0.,0.));
#13011=DIRECTION('center_axis',(0.,1.,0.));
#13012=DIRECTION('ref_axis',(1.,0.,0.));
#13013=DIRECTION('center_axis',(0.,1.,0.));
#13014=DIRECTION('ref_axis',(1.,0.,0.));
#13015=DIRECTION('',(0.,1.,0.));
#13016=DIRECTION('center_axis',(0.,1.,0.));
#13017=DIRECTION('ref_axis',(1.,0.,0.));
#13018=DIRECTION('',(0.,0.,1.));
#13019=DIRECTION('',(-1.,0.,0.));
#13020=DIRECTION('',(0.,0.,-1.));
#13021=DIRECTION('',(-1.,0.,0.));
#13022=DIRECTION('',(0.,0.,1.));
#13023=DIRECTION('center_axis',(0.,-1.,0.));
#13024=DIRECTION('ref_axis',(1.,0.,0.));
#13025=DIRECTION('center_axis',(5.55111512312578E-17,-1.,0.));
#13026=DIRECTION('ref_axis',(1.,0.,0.));
#13027=DIRECTION('',(0.,-1.,0.));
#13028=DIRECTION('center_axis',(5.55111512312578E-17,-1.,0.));
#13029=DIRECTION('ref_axis',(-1.,-5.55111512312578E-17,0.));
#13030=DIRECTION('',(0.,0.,-1.));
#13031=DIRECTION('',(1.,5.55111512312578E-17,0.));
#13032=DIRECTION('',(0.,0.,1.));
#13033=DIRECTION('',(1.,5.55111512312578E-17,0.));
#13034=DIRECTION('',(0.,0.,-1.));
#13035=DIRECTION('center_axis',(0.,1.,0.));
#13036=DIRECTION('ref_axis',(1.,0.,0.));
#13037=DIRECTION('',(0.,1.,0.));
#13038=DIRECTION('center_axis',(5.55111512312578E-17,-1.,0.));
#13039=DIRECTION('ref_axis',(1.,0.,0.));
#13040=DIRECTION('center_axis',(0.,1.,0.));
#13041=DIRECTION('ref_axis',(1.,0.,0.));
#13042=DIRECTION('center_axis',(0.,1.,0.));
#13043=DIRECTION('ref_axis',(1.,0.,0.));
#13044=DIRECTION('',(0.,1.,0.));
#13045=DIRECTION('center_axis',(0.,0.,-1.));
#13046=DIRECTION('ref_axis',(-1.,1.22464679914735E-16,0.));
#13047=DIRECTION('center_axis',(0.,0.,1.));
#13048=DIRECTION('ref_axis',(1.,0.,0.));
#13049=DIRECTION('',(0.,0.,1.));
#13050=DIRECTION('center_axis',(0.,0.,-1.));
#13051=DIRECTION('ref_axis',(1.,0.,0.));
#13052=DIRECTION('',(0.,0.,1.));
#13053=DIRECTION('',(0.,0.,1.));
#13054=DIRECTION('center_axis',(0.,0.,-1.));
#13055=DIRECTION('ref_axis',(1.,0.,0.));
#13056=DIRECTION('',(0.,0.,-1.));
#13057=DIRECTION('',(0.,0.,-1.));
#13058=DIRECTION('center_axis',(0.,0.,-1.));
#13059=DIRECTION('ref_axis',(1.,0.,0.));
#13060=DIRECTION('',(0.,0.,-1.));
#13061=DIRECTION('center_axis',(0.,0.,1.));
#13062=DIRECTION('ref_axis',(1.,0.,0.));
#13063=DIRECTION('center_axis',(0.,0.,1.));
#13064=DIRECTION('ref_axis',(1.,0.,0.));
#13065=DIRECTION('center_axis',(0.,0.,1.));
#13066=DIRECTION('ref_axis',(0.,-1.,0.));
#13067=DIRECTION('',(-1.,-5.55111512312578E-17,0.));
#13068=DIRECTION('center_axis',(0.,0.,1.));
#13069=DIRECTION('ref_axis',(1.,0.,0.));
#13070=DIRECTION('',(0.,-1.,0.));
#13071=DIRECTION('center_axis',(0.,0.,1.));
#13072=DIRECTION('ref_axis',(0.,-1.,0.));
#13073=DIRECTION('',(0.,-1.,0.));
#13074=DIRECTION('center_axis',(0.,0.,1.));
#13075=DIRECTION('ref_axis',(1.,0.,0.));
#13076=DIRECTION('',(1.,0.,0.));
#13077=DIRECTION('center_axis',(1.,0.,0.));
#13078=DIRECTION('ref_axis',(0.,0.,-1.));
#13079=DIRECTION('',(0.,0.,1.));
#13080=DIRECTION('',(0.,1.,0.));
#13081=DIRECTION('center_axis',(0.,0.,-1.));
#13082=DIRECTION('ref_axis',(0.,1.,0.));
#13083=DIRECTION('center_axis',(0.,0.,-1.));
#13084=DIRECTION('ref_axis',(1.,0.,0.));
#13085=DIRECTION('center_axis',(0.,0.,-1.));
#13086=DIRECTION('ref_axis',(0.,1.,0.));
#13087=DIRECTION('center_axis',(0.,0.,-1.));
#13088=DIRECTION('ref_axis',(1.,0.,0.));
#13089=DIRECTION('',(0.,1.,0.));
#13090=DIRECTION('center_axis',(1.,0.,0.));
#13091=DIRECTION('ref_axis',(0.,0.,-1.));
#13092=DIRECTION('',(0.,0.,-1.));
#13093=DIRECTION('center_axis',(0.,1.,0.));
#13094=DIRECTION('ref_axis',(1.,0.,0.));
#13095=DIRECTION('',(0.,0.,-1.));
#13096=DIRECTION('',(1.,0.,0.));
#13097=DIRECTION('center_axis',(0.,0.,1.));
#13098=DIRECTION('ref_axis',(-1.,1.22464679914735E-16,0.));
#13099=DIRECTION('center_axis',(0.,0.,-1.));
#13100=DIRECTION('ref_axis',(1.,0.,0.));
#13101=DIRECTION('',(0.,0.,1.));
#13102=DIRECTION('center_axis',(0.,0.,1.));
#13103=DIRECTION('ref_axis',(1.,0.,0.));
#13104=DIRECTION('center_axis',(5.55111512312578E-17,-1.,0.));
#13105=DIRECTION('ref_axis',(-1.,-5.55111512312578E-17,0.));
#13106=DIRECTION('',(-1.,-5.55111512312578E-17,0.));
#13107=DIRECTION('center_axis',(0.,0.,1.));
#13108=DIRECTION('ref_axis',(1.,0.,0.));
#13109=DIRECTION('center_axis',(0.,0.,1.));
#13110=DIRECTION('ref_axis',(1.,0.,0.));
#13111=DIRECTION('axis',(0.,0.,1.));
#13112=DIRECTION('refdir',(1.,0.,0.));
#13113=DIRECTION('center_axis',(-1.,0.,0.));
#13114=DIRECTION('ref_axis',(0.,1.,0.));
#13115=DIRECTION('center_axis',(-1.,0.,0.));
#13116=DIRECTION('ref_axis',(0.,1.,0.));
#13117=DIRECTION('',(-1.,0.,0.));
#13118=DIRECTION('center_axis',(-1.,0.,0.));
#13119=DIRECTION('ref_axis',(0.,1.,0.));
#13120=DIRECTION('center_axis',(-1.,0.,0.));
#13121=DIRECTION('ref_axis',(0.,1.,0.));
#13122=DIRECTION('center_axis',(-1.,0.,0.));
#13123=DIRECTION('ref_axis',(0.,1.,0.));
#13124=DIRECTION('center_axis',(-1.,0.,0.));
#13125=DIRECTION('ref_axis',(0.,1.,0.));
#13126=DIRECTION('',(-1.,0.,0.));
#13127=DIRECTION('center_axis',(-1.,0.,0.));
#13128=DIRECTION('ref_axis',(0.,1.,0.));
#13129=DIRECTION('center_axis',(-1.,0.,0.));
#13130=DIRECTION('ref_axis',(0.,1.,0.));
#13131=DIRECTION('center_axis',(-1.,0.,0.));
#13132=DIRECTION('ref_axis',(0.,1.,0.));
#13133=DIRECTION('center_axis',(-1.,0.,0.));
#13134=DIRECTION('ref_axis',(0.,1.,0.));
#13135=DIRECTION('',(-1.,0.,0.));
#13136=DIRECTION('center_axis',(-1.,0.,0.));
#13137=DIRECTION('ref_axis',(0.,1.,0.));
#13138=DIRECTION('center_axis',(-1.,0.,0.));
#13139=DIRECTION('ref_axis',(0.,1.,0.));
#13140=DIRECTION('center_axis',(-1.,0.,0.));
#13141=DIRECTION('ref_axis',(0.,1.,0.));
#13142=DIRECTION('center_axis',(-1.,0.,0.));
#13143=DIRECTION('ref_axis',(0.,1.,0.));
#13144=DIRECTION('',(-1.,0.,0.));
#13145=DIRECTION('center_axis',(-1.,0.,0.));
#13146=DIRECTION('ref_axis',(0.,1.,0.));
#13147=DIRECTION('center_axis',(-1.,0.,0.));
#13148=DIRECTION('ref_axis',(0.,1.,0.));
#13149=DIRECTION('center_axis',(1.,0.,0.));
#13150=DIRECTION('ref_axis',(0.,-1.,0.));
#13151=DIRECTION('center_axis',(1.,0.,0.));
#13152=DIRECTION('ref_axis',(0.,-1.,0.));
#13153=DIRECTION('',(1.,0.,0.));
#13154=DIRECTION('center_axis',(1.,0.,0.));
#13155=DIRECTION('ref_axis',(0.,-1.,0.));
#13156=DIRECTION('center_axis',(1.,0.,0.));
#13157=DIRECTION('ref_axis',(0.,-1.,0.));
#13158=DIRECTION('center_axis',(1.,0.,0.));
#13159=DIRECTION('ref_axis',(0.,-1.,0.));
#13160=DIRECTION('center_axis',(1.,0.,0.));
#13161=DIRECTION('ref_axis',(0.,-1.,0.));
#13162=DIRECTION('',(1.,0.,0.));
#13163=DIRECTION('center_axis',(1.,0.,0.));
#13164=DIRECTION('ref_axis',(0.,-1.,0.));
#13165=DIRECTION('center_axis',(1.,0.,0.));
#13166=DIRECTION('ref_axis',(0.,-1.,0.));
#13167=DIRECTION('center_axis',(1.,0.,0.));
#13168=DIRECTION('ref_axis',(0.,-1.,0.));
#13169=DIRECTION('center_axis',(1.,0.,0.));
#13170=DIRECTION('ref_axis',(0.,-1.,0.));
#13171=DIRECTION('',(1.,0.,0.));
#13172=DIRECTION('center_axis',(1.,0.,0.));
#13173=DIRECTION('ref_axis',(0.,-1.,0.));
#13174=DIRECTION('center_axis',(1.,0.,0.));
#13175=DIRECTION('ref_axis',(0.,-1.,0.));
#13176=DIRECTION('center_axis',(1.,0.,0.));
#13177=DIRECTION('ref_axis',(0.,-1.,0.));
#13178=DIRECTION('center_axis',(1.,0.,0.));
#13179=DIRECTION('ref_axis',(0.,-1.,0.));
#13180=DIRECTION('',(1.,0.,0.));
#13181=DIRECTION('center_axis',(1.,0.,0.));
#13182=DIRECTION('ref_axis',(0.,-1.,0.));
#13183=DIRECTION('center_axis',(1.,0.,0.));
#13184=DIRECTION('ref_axis',(0.,-1.,0.));
#13185=DIRECTION('center_axis',(0.,0.,-1.));
#13186=DIRECTION('ref_axis',(1.,0.,0.));
#13187=DIRECTION('center_axis',(0.,0.,-1.));
#13188=DIRECTION('ref_axis',(1.,0.,0.));
#13189=DIRECTION('',(0.,0.,-1.));
#13190=DIRECTION('center_axis',(0.,0.,1.));
#13191=DIRECTION('ref_axis',(1.,0.,0.));
#13192=DIRECTION('center_axis',(0.,0.,-1.));
#13193=DIRECTION('ref_axis',(1.,0.,0.));
#13194=DIRECTION('center_axis',(0.,0.,-1.));
#13195=DIRECTION('ref_axis',(1.,0.,0.));
#13196=DIRECTION('',(0.,0.,-1.));
#13197=DIRECTION('center_axis',(0.,0.,1.));
#13198=DIRECTION('ref_axis',(1.,0.,0.));
#13199=DIRECTION('center_axis',(0.,0.,-1.));
#13200=DIRECTION('ref_axis',(1.,0.,0.));
#13201=DIRECTION('center_axis',(0.,0.,-1.));
#13202=DIRECTION('ref_axis',(1.,0.,0.));
#13203=DIRECTION('',(0.,0.,-1.));
#13204=DIRECTION('center_axis',(0.,0.,1.));
#13205=DIRECTION('ref_axis',(1.,0.,0.));
#13206=DIRECTION('center_axis',(0.,0.,-1.));
#13207=DIRECTION('ref_axis',(-1.,0.,0.));
#13208=DIRECTION('',(-1.,0.,0.));
#13209=DIRECTION('',(0.,1.,0.));
#13210=DIRECTION('',(1.,0.,0.));
#13211=DIRECTION('',(0.,-1.,0.));
#13212=DIRECTION('center_axis',(-1.,0.,0.));
#13213=DIRECTION('ref_axis',(0.,-1.,0.));
#13214=DIRECTION('',(0.,0.,-1.));
#13215=DIRECTION('',(0.,-1.,0.));
#13216=DIRECTION('',(0.,0.,1.));
#13217=DIRECTION('center_axis',(0.,1.,0.));
#13218=DIRECTION('ref_axis',(-1.,0.,0.));
#13219=DIRECTION('',(-1.,0.,0.));
#13220=DIRECTION('',(0.,0.,1.));
#13221=DIRECTION('center_axis',(1.,0.,0.));
#13222=DIRECTION('ref_axis',(0.,1.,0.));
#13223=DIRECTION('',(0.,1.,0.));
#13224=DIRECTION('',(0.,0.,1.));
#13225=DIRECTION('center_axis',(0.,-1.,0.));
#13226=DIRECTION('ref_axis',(1.,0.,0.));
#13227=DIRECTION('',(1.,0.,0.));
#13228=DIRECTION('center_axis',(0.,0.,1.));
#13229=DIRECTION('ref_axis',(1.,0.,0.));
#13230=DIRECTION('axis',(0.,0.,1.));
#13231=DIRECTION('refdir',(1.,0.,0.));
#13232=DIRECTION('center_axis',(0.,0.,-1.));
#13233=DIRECTION('ref_axis',(-1.,0.,0.));
#13234=DIRECTION('center_axis',(0.,0.,-1.));
#13235=DIRECTION('ref_axis',(-1.,0.,0.));
#13236=DIRECTION('',(0.,0.,1.));
#13237=DIRECTION('center_axis',(0.,0.,1.));
#13238=DIRECTION('ref_axis',(-1.,0.,0.));
#13239=DIRECTION('center_axis',(0.,0.,-1.));
#13240=DIRECTION('ref_axis',(-1.,0.,0.));
#13241=DIRECTION('center_axis',(0.,0.,1.));
#13242=DIRECTION('ref_axis',(1.,0.,0.));
#13243=DIRECTION('center_axis',(0.,0.,1.));
#13244=DIRECTION('ref_axis',(1.,0.,0.));
#13245=DIRECTION('',(0.,0.,-1.));
#13246=DIRECTION('center_axis',(0.,0.,-1.));
#13247=DIRECTION('ref_axis',(1.,0.,0.));
#13248=DIRECTION('center_axis',(0.,0.,1.));
#13249=DIRECTION('ref_axis',(1.,0.,0.));
#13250=DIRECTION('center_axis',(0.,0.,1.));
#13251=DIRECTION('ref_axis',(1.,0.,0.));
#13252=DIRECTION('center_axis',(0.,0.,-1.));
#13253=DIRECTION('ref_axis',(1.,0.,0.));
#13254=DIRECTION('center_axis',(0.,0.,1.));
#13255=DIRECTION('ref_axis',(1.,0.,0.));
#13256=DIRECTION('center_axis',(0.,0.,-1.));
#13257=DIRECTION('ref_axis',(1.,0.,0.));
#13258=DIRECTION('',(0.,0.,-1.));
#13259=DIRECTION('center_axis',(0.,0.,1.));
#13260=DIRECTION('ref_axis',(1.,0.,0.));
#13261=DIRECTION('',(2.37389193643995E-66,-3.91163858957927E-34,-1.));
#13262=DIRECTION('',(1.,3.94430452610506E-31,-1.54286937933656E-64));
#13263=DIRECTION('',(-3.96210719093325E-14,1.33966874970606E-28,-1.));
#13264=DIRECTION('',(1.,0.,-3.98292387264497E-14));
#13265=DIRECTION('',(2.40371911467798E-18,1.45577429642713E-40,-0.999999999999998));
#13266=DIRECTION('',(1.,0.,3.43734986955522E-19));
#13267=DIRECTION('',(1.,0.,-3.96210719093325E-14));
#13268=DIRECTION('',(3.96210719093325E-14,-1.34024611279945E-28,1.));
#13269=DIRECTION('',(-4.06756404254584E-31,0.999999999999999,0.));
#13270=DIRECTION('',(1.,4.12919380076624E-31,1.68735764533727E-18));
#13271=DIRECTION('',(-8.13151629364128E-20,1.551027550068E-31,1.));
#13272=DIRECTION('',(0.999999999999999,4.00593428432545E-31,3.17478179530901E-41));
#13273=DIRECTION('',(-3.16220043741217E-24,-2.26581649821987E-34,1.));
#13274=DIRECTION('',(1.,0.,-1.32348898008725E-23));
#13275=DIRECTION('',(0.,0.,1.));
#13276=DIRECTION('',(-1.,-4.16333634234433E-17,0.));
#13277=DIRECTION('',(0.,0.,1.));
#13278=DIRECTION('',(1.,0.,0.));
#13279=DIRECTION('',(-1.55692526642741E-16,0.,1.00000000000001));
#13280=DIRECTION('',(0.999999999999997,1.94289029309402E-15,3.62136413693839E-31));
#13281=DIRECTION('',(1.,1.94289029309402E-15,-1.39944454204751E-16));
#13282=DIRECTION('',(-1.39944454204751E-16,-5.74390220368214E-31,-1.));
#13283=DIRECTION('',(2.4492935982947E-16,-1.,5.55111512312665E-17));
#13284=DIRECTION('',(1.,2.44929359829471E-16,3.62677912983583E-29));
#13285=DIRECTION('',(-8.13151720518024E-20,3.02297551609957E-31,1.00000000000001));
#13286=DIRECTION('',(0.999999999999998,1.94289029309402E-15,0.));
#13287=DIRECTION('',(-4.94955706504774E-26,-2.7755575615629E-17,1.));
#13288=DIRECTION('',(0.999999999999999,0.,-5.16160702233089E-22));
#13289=DIRECTION('',(1.35969927717792E-17,-3.47106823368916E-18,0.999999999999996));
#13290=DIRECTION('',(0.906307787036649,-0.422618261740705,-1.17300131249272E-17));
#13291=DIRECTION('',(0.,0.,1.));
#13292=DIRECTION('',(1.,0.,0.));
#13293=DIRECTION('',(-1.,-7.32046628317679E-18,-4.73232564246473E-15));
#13294=DIRECTION('',(-4.73232564246472E-15,-4.44089209850063E-16,1.));
#13295=DIRECTION('',(-4.73232564246473E-15,-4.44089209850063E-16,1.));
#13296=DIRECTION('',(-0.999999999999999,-7.32046628317678E-18,-4.73232564246472E-15));
#13297=DIRECTION('',(-4.73232564246473E-15,-4.44089209850063E-16,1.));
#13298=DIRECTION('',(-0.999999999999999,-7.32046628317678E-18,-4.73232564246472E-15));
#13299=DIRECTION('',(1.,-4.30211422042249E-16,5.56500095774659E-15));
#13300=DIRECTION('',(5.70152834864202E-15,-4.16517324705116E-16,-0.999999999999998));
#13301=DIRECTION('',(6.12328428831802E-17,2.05391259555654E-15,1.));
#13302=DIRECTION('',(1.,-1.23259516440783E-31,-6.12328428831802E-17));
#13303=DIRECTION('',(1.,-7.70371977754894E-34,1.3234889797767E-23));
#13304=DIRECTION('',(1.32348898039299E-23,1.11022302462516E-16,-1.));
#13305=DIRECTION('center_axis',(0.,0.,1.));
#13306=DIRECTION('ref_axis',(1.,0.,0.));
#13307=CARTESIAN_POINT('',(0.,0.,0.));
#13308=CARTESIAN_POINT('',(0.,0.,0.));
#13309=CARTESIAN_POINT('',(0.,0.,0.));
#13310=CARTESIAN_POINT('',(0.,0.,0.));
#13311=CARTESIAN_POINT('',(0.,0.,0.));
#13312=CARTESIAN_POINT('',(0.,0.,0.));
#13313=CARTESIAN_POINT('Origin',(0.,0.,0.));
#13314=CARTESIAN_POINT('',(-3.2,-3.91886975727153E-16,1.2));
#13315=CARTESIAN_POINT('Origin',(0.,0.,1.2));
#13316=CARTESIAN_POINT('',(-3.2,-3.91886975727153E-16,0.));
#13317=CARTESIAN_POINT('',(-3.2,-3.91886975727153E-16,0.));
#13318=CARTESIAN_POINT('Origin',(0.,0.,0.));
#13319=CARTESIAN_POINT('Origin',(0.,0.,0.));
#13320=CARTESIAN_POINT('',(-5.25,-6.42939569552361E-16,1.2));
#13321=CARTESIAN_POINT('Origin',(0.,0.,1.2));
#13322=CARTESIAN_POINT('',(-5.25,-6.42939569552361E-16,0.));
#13323=CARTESIAN_POINT('',(-5.25,-6.42939569552361E-16,0.));
#13324=CARTESIAN_POINT('Origin',(0.,0.,0.));
#13325=CARTESIAN_POINT('Origin',(0.,0.,1.2));
#13326=CARTESIAN_POINT('Origin',(0.,0.,0.));
#13327=CARTESIAN_POINT('',(0.,0.,0.));
#13328=CARTESIAN_POINT('Origin',(8.,10.0000001490116,-50.));
#13329=CARTESIAN_POINT('',(13.,6.61025014901161,-50.));
#13330=CARTESIAN_POINT('Origin',(13.,10.0000001490116,-50.));
#13331=CARTESIAN_POINT('',(10.,6.61025014901161,-50.));
#13332=CARTESIAN_POINT('',(8.,6.61025014901161,-50.));
#13333=CARTESIAN_POINT('Origin',(10.,10.0000001490116,-50.));
#13334=CARTESIAN_POINT('Origin',(9.5,10.0000001490116,-30.0000004470348));
#13335=CARTESIAN_POINT('',(13.,7.48250014901161,-30.0000004470348));
#13336=CARTESIAN_POINT('Origin',(13.,10.0000001490116,-30.0000004470348));
#13337=CARTESIAN_POINT('',(10.,7.48250014901161,-30.0000004470348));
#13338=CARTESIAN_POINT('',(9.5,7.48250014901161,-30.0000004470348));
#13339=CARTESIAN_POINT('Origin',(10.,10.0000001490116,-30.0000004470348));
#13340=CARTESIAN_POINT('Origin',(9.5,10.0000001490116,-70.0000010430813));
#13341=CARTESIAN_POINT('',(13.,7.48250014901161,-70.0000010430813));
#13342=CARTESIAN_POINT('Origin',(13.,10.0000001490116,-70.0000010430813));
#13343=CARTESIAN_POINT('',(10.,7.48250014901161,-70.0000010430813));
#13344=CARTESIAN_POINT('',(9.5,7.48250014901161,-70.0000010430813));
#13345=CARTESIAN_POINT('Origin',(10.,10.0000001490116,-70.0000010430813));
#13346=CARTESIAN_POINT('Origin',(-0.5,-6.00000008940697,-69.9999995529652));
#13347=CARTESIAN_POINT('',(3.,-8.51750008940697,-69.9999995529652));
#13348=CARTESIAN_POINT('Origin',(3.,-6.00000008940697,-69.9999995529652));
#13349=CARTESIAN_POINT('',(0.,-8.51750008940697,-69.9999995529652));
#13350=CARTESIAN_POINT('',(-0.5,-8.51750008940697,-69.9999995529652));
#13351=CARTESIAN_POINT('Origin',(0.,-6.00000008940697,-69.9999995529652));
#13352=CARTESIAN_POINT('Origin',(-0.5,-6.00000008940697,-30.0000004470348));
#13353=CARTESIAN_POINT('',(3.,-8.51750008940697,-30.0000004470348));
#13354=CARTESIAN_POINT('Origin',(3.,-6.00000008940697,-30.0000004470348));
#13355=CARTESIAN_POINT('',(0.,-8.51750008940697,-30.0000004470348));
#13356=CARTESIAN_POINT('',(-0.5,-8.51750008940697,-30.0000004470348));
#13357=CARTESIAN_POINT('Origin',(0.,-6.00000008940697,-30.0000004470348));
#13358=CARTESIAN_POINT('Origin',(-0.5,-21.000000089407,-30.0000004470348));
#13359=CARTESIAN_POINT('',(3.,-23.517500089407,-30.0000004470348));
#13360=CARTESIAN_POINT('Origin',(3.,-21.000000089407,-30.0000004470348));
#13361=CARTESIAN_POINT('',(0.,-23.517500089407,-30.0000004470348));
#13362=CARTESIAN_POINT('',(-0.5,-23.517500089407,-30.0000004470348));
#13363=CARTESIAN_POINT('Origin',(0.,-21.000000089407,-30.0000004470348));
#13364=CARTESIAN_POINT('Origin',(-0.5,-21.000000089407,-69.9999995529652));
#13365=CARTESIAN_POINT('',(3.,-23.517500089407,-69.9999995529652));
#13366=CARTESIAN_POINT('Origin',(3.,-21.000000089407,-69.9999995529652));
#13367=CARTESIAN_POINT('',(0.,-23.517500089407,-69.9999995529652));
#13368=CARTESIAN_POINT('',(-0.5,-23.517500089407,-69.9999995529652));
#13369=CARTESIAN_POINT('Origin',(0.,-21.000000089407,-69.9999995529652));
#13370=CARTESIAN_POINT('Origin',(10.,20.,-80.));
#13371=CARTESIAN_POINT('',(10.,20.,-20.));
#13372=CARTESIAN_POINT('',(10.,20.,-80.));
#13373=CARTESIAN_POINT('',(10.,20.,-20.));
#13374=CARTESIAN_POINT('',(13.,20.,-20.));
#13375=CARTESIAN_POINT('',(10.,20.,-20.));
#13376=CARTESIAN_POINT('',(13.,20.,-80.));
#13377=CARTESIAN_POINT('',(13.,20.,-20.));
#13378=CARTESIAN_POINT('',(10.,20.,-80.));
#13379=CARTESIAN_POINT('Origin',(13.,8.75,-50.));
#13380=CARTESIAN_POINT('',(13.,-2.5,-20.));
#13381=CARTESIAN_POINT('',(13.,-2.5,-20.));
#13382=CARTESIAN_POINT('',(13.,-2.5,-80.));
#13383=CARTESIAN_POINT('',(13.,-2.5,-20.));
#13384=CARTESIAN_POINT('',(13.,20.,-80.));
#13385=CARTESIAN_POINT('Origin',(10.,8.75,-50.));
#13386=CARTESIAN_POINT('',(10.,-4.44089209850063E-15,-20.));
#13387=CARTESIAN_POINT('',(10.,3.05311331771918E-15,-80.));
#13388=CARTESIAN_POINT('',(10.,3.05311331771918E-15,-80.));
#13389=CARTESIAN_POINT('',(10.,-2.5,-20.));
#13390=CARTESIAN_POINT('',(10.,20.,-80.));
#13391=CARTESIAN_POINT('Origin',(5.,2.77555756156289E-15,-50.));
#13392=CARTESIAN_POINT('',(0.,3.05311331771918E-15,-80.));
#13393=CARTESIAN_POINT('',(0.,3.05311331771918E-15,-80.));
#13394=CARTESIAN_POINT('',(0.,-4.44089209850063E-15,-20.));
#13395=CARTESIAN_POINT('',(0.,3.05311331771918E-15,-80.));
#13396=CARTESIAN_POINT('',(10.,-4.44089209850063E-15,-20.));
#13397=CARTESIAN_POINT('Origin',(5.,-2.5,-50.));
#13398=CARTESIAN_POINT('',(3.,-2.49999999999998,-80.));
#13399=CARTESIAN_POINT('',(3.,-2.5,-20.));
#13400=CARTESIAN_POINT('',(3.,-2.49999999999998,-80.));
#13401=CARTESIAN_POINT('',(10.,-2.5,-80.));
#13402=CARTESIAN_POINT('',(10.,-2.5,-20.));
#13403=CARTESIAN_POINT('Origin',(0.,-32.,-80.));
#13404=CARTESIAN_POINT('',(0.,-32.,-80.));
#13405=CARTESIAN_POINT('',(0.,-32.,-80.));
#13406=CARTESIAN_POINT('',(3.,-32.,-80.));
#13407=CARTESIAN_POINT('',(3.,-32.,-80.));
#13408=CARTESIAN_POINT('',(0.,-32.,-80.));
#13409=CARTESIAN_POINT('Origin',(0.,-32.,-20.));
#13410=CARTESIAN_POINT('',(0.,-32.,-20.));
#13411=CARTESIAN_POINT('',(0.,-32.,-20.));
#13412=CARTESIAN_POINT('',(3.,-32.,-20.));
#13413=CARTESIAN_POINT('',(3.,-32.,-20.));
#13414=CARTESIAN_POINT('',(0.,-32.,-20.));
#13415=CARTESIAN_POINT('Origin',(0.,-2.5,-20.));
#13416=CARTESIAN_POINT('',(0.,-2.5,-20.));
#13417=CARTESIAN_POINT('',(3.,-2.5,-20.));
#13418=CARTESIAN_POINT('Origin',(3.,-17.25,-50.));
#13419=CARTESIAN_POINT('Origin',(0.,-17.25,-50.));
#13420=CARTESIAN_POINT('',(0.,0.,0.));
#13421=CARTESIAN_POINT('Origin',(94.2149229349972,69.2622638337366,-23.2329268));
#13422=CARTESIAN_POINT('',(94.2149229349972,69.7129092980073,-24.7329268000001));
#13423=CARTESIAN_POINT('Origin',(94.2149229349972,69.7129092980073,-23.2329268));
#13424=CARTESIAN_POINT('',(94.2149229349972,68.8116183694659,-23.2329268));
#13425=CARTESIAN_POINT('',(94.2149229349972,69.2622638337366,-23.9829268));
#13426=CARTESIAN_POINT('Origin',(94.2149229349972,71.7129092980073,-23.2329268));
#13427=CARTESIAN_POINT('',(106.714922934997,71.7129092980073,-23.2329268));
#13428=CARTESIAN_POINT('Origin',(94.2149229349972,71.7129092980073,-23.2329268));
#13429=CARTESIAN_POINT('',(106.714922934997,69.7129092980073,-23.2329268));
#13430=CARTESIAN_POINT('',(106.714922934997,71.7129092980073,-23.2329268));
#13431=CARTESIAN_POINT('Origin',(94.2149229349972,69.7129092980073,-23.2329268));
#13432=CARTESIAN_POINT('Origin',(94.2149229349972,69.7129092980073,-23.2329268));
#13433=CARTESIAN_POINT('Origin',(94.2149229349972,51.7129092980073,-25.2169268));
#13434=CARTESIAN_POINT('',(144.214922934997,51.7129092980073,24.7830732));
#13435=CARTESIAN_POINT('',(44.2149229349972,51.7129092980073,24.7830732));
#13436=CARTESIAN_POINT('',(144.214922934997,51.7129092980073,24.7830732));
#13437=CARTESIAN_POINT('',(44.2149229349972,51.7129092980073,-75.2169268));
#13438=CARTESIAN_POINT('',(44.2149229349972,51.7129092980073,24.7830732));
#13439=CARTESIAN_POINT('',(144.214922934997,51.7129092980073,-75.2169268));
#13440=CARTESIAN_POINT('',(44.2149229349972,51.7129092980073,-75.2169268));
#13441=CARTESIAN_POINT('',(144.214922934997,51.7129092980073,-75.2169268));
#13442=CARTESIAN_POINT('Origin',(44.2149229349972,61.7129092980073,-75.2169268));
#13443=CARTESIAN_POINT('',(44.2149229349972,71.7129092980073,24.7830732));
#13444=CARTESIAN_POINT('',(44.2149229349972,61.7129092980073,24.7830732));
#13445=CARTESIAN_POINT('',(44.2149229349972,71.7129092980073,-75.2169268));
#13446=CARTESIAN_POINT('',(44.2149229349972,71.7129092980073,24.7830732));
#13447=CARTESIAN_POINT('',(44.2149229349972,61.7129092980073,-75.2169268));
#13448=CARTESIAN_POINT('Origin',(144.214922934997,61.7129092980073,-75.2169268));
#13449=CARTESIAN_POINT('',(144.214922934997,71.7129092980073,-75.2169268));
#13450=CARTESIAN_POINT('',(44.2149229349972,71.7129092980073,-75.2169268));
#13451=CARTESIAN_POINT('',(144.214922934997,61.7129092980073,-75.2169268));
#13452=CARTESIAN_POINT('Origin',(144.214922934997,61.7129092980073,24.7830732));
#13453=CARTESIAN_POINT('',(144.214922934997,71.7129092980073,24.7830732));
#13454=CARTESIAN_POINT('',(144.214922934997,71.7129092980073,-75.2169268));
#13455=CARTESIAN_POINT('',(144.214922934997,61.7129092980073,24.7830732));
#13456=CARTESIAN_POINT('Origin',(44.2149229349972,61.7129092980073,24.7830732));
#13457=CARTESIAN_POINT('',(144.214922934997,71.7129092980073,24.7830732));
#13458=CARTESIAN_POINT('Origin',(94.2149229349972,71.7129092980073,-25.2169268));
#13459=CARTESIAN_POINT('',(0.,0.,0.));
#13460=CARTESIAN_POINT('',(0.,0.,0.));
#13461=CARTESIAN_POINT('',(0.,0.,0.));
#13462=CARTESIAN_POINT('Origin',(66.1244371054202,16.4390049012853,-5.));
#13463=CARTESIAN_POINT('',(70.1244371054202,16.4390049012853,-5.));
#13464=CARTESIAN_POINT('Origin',(66.1244371054202,16.4390049012853,-5.));
#13465=CARTESIAN_POINT('',(70.1244371054202,16.4390049012853,-1.));
#13466=CARTESIAN_POINT('',(70.1244371054202,16.4390049012853,-5.));
#13467=CARTESIAN_POINT('Origin',(66.1244371054202,16.4390049012853,-1.));
#13468=CARTESIAN_POINT('Origin',(66.1244371054202,16.4390049012853,-1.));
#13469=CARTESIAN_POINT('',(63.1244371054202,16.4390049012853,-1.));
#13470=CARTESIAN_POINT('Origin',(66.1244371054202,16.4390049012853,-1.));
#13471=CARTESIAN_POINT('Origin',(46.1244371054202,16.4390049012853,-5.));
#13472=CARTESIAN_POINT('',(50.1244371054202,16.4390049012853,-5.));
#13473=CARTESIAN_POINT('Origin',(46.1244371054202,16.4390049012853,-5.));
#13474=CARTESIAN_POINT('',(50.1244371054202,16.4390049012853,-1.));
#13475=CARTESIAN_POINT('',(50.1244371054202,16.4390049012853,-5.));
#13476=CARTESIAN_POINT('Origin',(46.1244371054202,16.4390049012853,-1.));
#13477=CARTESIAN_POINT('Origin',(46.1244371054202,16.4390049012853,-1.));
#13478=CARTESIAN_POINT('',(43.1244371054202,16.4390049012853,-1.));
#13479=CARTESIAN_POINT('Origin',(46.1244371054202,16.4390049012853,-1.));
#13480=CARTESIAN_POINT('Origin',(86.1244371054202,16.4390049012853,-5.));
#13481=CARTESIAN_POINT('',(90.1244371054202,16.4390049012853,-5.));
#13482=CARTESIAN_POINT('Origin',(86.1244371054202,16.4390049012853,-5.));
#13483=CARTESIAN_POINT('',(90.1244371054202,16.4390049012853,-1.));
#13484=CARTESIAN_POINT('',(90.1244371054202,16.4390049012853,-5.));
#13485=CARTESIAN_POINT('Origin',(86.1244371054202,16.4390049012853,-1.));
#13486=CARTESIAN_POINT('Origin',(86.1244371054202,16.4390049012853,-1.));
#13487=CARTESIAN_POINT('',(83.1244371054202,16.4390049012853,-1.));
#13488=CARTESIAN_POINT('Origin',(86.1244371054202,16.4390049012853,-1.));
#13489=CARTESIAN_POINT('Origin',(26.1244371054202,16.4390049012853,-5.));
#13490=CARTESIAN_POINT('',(30.1244371054202,16.4390049012853,-5.));
#13491=CARTESIAN_POINT('Origin',(26.1244371054202,16.4390049012853,-5.));
#13492=CARTESIAN_POINT('',(30.1244371054202,16.4390049012853,-1.));
#13493=CARTESIAN_POINT('',(30.1244371054202,16.4390049012853,-5.));
#13494=CARTESIAN_POINT('Origin',(26.1244371054202,16.4390049012853,-1.));
#13495=CARTESIAN_POINT('Origin',(26.1244371054202,16.4390049012853,-1.));
#13496=CARTESIAN_POINT('',(23.1244371054202,16.4390049012853,-1.));
#13497=CARTESIAN_POINT('Origin',(26.1244371054202,16.4390049012853,-1.));
#13498=CARTESIAN_POINT('Origin',(46.3744371054202,56.1890049012853,5.));
#13499=CARTESIAN_POINT('',(45.1244371054202,56.1890049012853,5.));
#13500=CARTESIAN_POINT('Origin',(46.3744371054202,56.1890049012853,5.));
#13501=CARTESIAN_POINT('',(45.1244371054202,56.1890049012853,-5.));
#13502=CARTESIAN_POINT('',(45.1244371054202,56.1890049012853,5.));
#13503=CARTESIAN_POINT('Origin',(46.3744371054202,56.1890049012853,-5.));
#13504=CARTESIAN_POINT('Origin',(46.3744371054202,36.6890049012853,5.));
#13505=CARTESIAN_POINT('',(45.1244371054202,36.6890049012853,5.));
#13506=CARTESIAN_POINT('Origin',(46.3744371054202,36.6890049012853,5.));
#13507=CARTESIAN_POINT('',(45.1244371054202,36.6890049012853,-5.));
#13508=CARTESIAN_POINT('',(45.1244371054202,36.6890049012853,5.));
#13509=CARTESIAN_POINT('Origin',(46.3744371054202,36.6890049012853,-5.));
#13510=CARTESIAN_POINT('Origin',(65.8744371054202,56.1890049012853,5.));
#13511=CARTESIAN_POINT('',(64.6244371054202,56.1890049012853,5.));
#13512=CARTESIAN_POINT('Origin',(65.8744371054202,56.1890049012853,5.));
#13513=CARTESIAN_POINT('',(64.6244371054202,56.1890049012853,-5.));
#13514=CARTESIAN_POINT('',(64.6244371054202,56.1890049012853,5.));
#13515=CARTESIAN_POINT('Origin',(65.8744371054202,56.1890049012853,-5.));
#13516=CARTESIAN_POINT('Origin',(65.8744371054202,36.6890049012853,5.));
#13517=CARTESIAN_POINT('',(64.6244371054202,36.6890049012853,5.));
#13518=CARTESIAN_POINT('Origin',(65.8744371054202,36.6890049012853,5.));
#13519=CARTESIAN_POINT('',(64.6244371054202,36.6890049012853,-5.));
#13520=CARTESIAN_POINT('',(64.6244371054202,36.6890049012853,5.));
#13521=CARTESIAN_POINT('Origin',(65.8744371054202,36.6890049012853,-5.));
#13522=CARTESIAN_POINT('Origin',(26.1244371054202,46.4390049012853,5.));
#13523=CARTESIAN_POINT('',(22.1244371054202,46.4390049012853,5.));
#13524=CARTESIAN_POINT('Origin',(26.1244371054202,46.4390049012853,5.));
#13525=CARTESIAN_POINT('',(22.1244371054202,46.4390049012853,1.));
#13526=CARTESIAN_POINT('',(22.1244371054202,46.4390049012853,5.));
#13527=CARTESIAN_POINT('Origin',(26.1244371054202,46.4390049012853,1.));
#13528=CARTESIAN_POINT('Origin',(26.1244371054202,46.4390049012853,1.));
#13529=CARTESIAN_POINT('Origin',(86.1244371054202,46.4390049012853,5.));
#13530=CARTESIAN_POINT('',(82.1244371054202,46.4390049012853,5.));
#13531=CARTESIAN_POINT('Origin',(86.1244371054202,46.4390049012853,5.));
#13532=CARTESIAN_POINT('',(82.1244371054202,46.4390049012853,1.));
#13533=CARTESIAN_POINT('',(82.1244371054202,46.4390049012853,5.));
#13534=CARTESIAN_POINT('Origin',(86.1244371054202,46.4390049012853,1.));
#13535=CARTESIAN_POINT('Origin',(86.1244371054202,46.4390049012853,1.));
#13536=CARTESIAN_POINT('Origin',(56.1244371054202,46.4390049012853,5.));
#13537=CARTESIAN_POINT('',(45.1244371054202,46.4390049012853,5.));
#13538=CARTESIAN_POINT('Origin',(56.1244371054202,46.4390049012853,5.));
#13539=CARTESIAN_POINT('',(45.1244371054202,46.4390049012853,-5.));
#13540=CARTESIAN_POINT('',(45.1244371054202,46.4390049012853,5.));
#13541=CARTESIAN_POINT('Origin',(56.1244371054202,46.4390049012853,-5.));
#13542=CARTESIAN_POINT('Origin',(66.1244371054202,16.4390049012853,5.));
#13543=CARTESIAN_POINT('',(63.1244371054202,16.4390049012853,5.));
#13544=CARTESIAN_POINT('Origin',(66.1244371054202,16.4390049012853,5.));
#13545=CARTESIAN_POINT('',(63.1244371054202,16.4390049012853,5.));
#13546=CARTESIAN_POINT('Origin',(46.1244371054202,16.4390049012853,5.));
#13547=CARTESIAN_POINT('',(43.1244371054202,16.4390049012853,5.));
#13548=CARTESIAN_POINT('Origin',(46.1244371054202,16.4390049012853,5.));
#13549=CARTESIAN_POINT('',(43.1244371054202,16.4390049012853,5.));
#13550=CARTESIAN_POINT('Origin',(86.1244371054202,16.4390049012853,5.));
#13551=CARTESIAN_POINT('',(83.1244371054202,16.4390049012853,5.));
#13552=CARTESIAN_POINT('Origin',(86.1244371054202,16.4390049012853,5.));
#13553=CARTESIAN_POINT('',(83.1244371054202,16.4390049012853,5.));
#13554=CARTESIAN_POINT('Origin',(26.1244371054202,16.4390049012853,5.));
#13555=CARTESIAN_POINT('',(23.1244371054202,16.4390049012853,5.));
#13556=CARTESIAN_POINT('Origin',(26.1244371054202,16.4390049012853,5.));
#13557=CARTESIAN_POINT('',(23.1244371054202,16.4390049012853,5.));
#13558=CARTESIAN_POINT('Origin',(56.1244371054202,40.4390049012853,-5.));
#13559=CARTESIAN_POINT('',(96.1244371054202,6.43900490128532,-5.));
#13560=CARTESIAN_POINT('',(16.1244371054202,6.43900490128532,-5.));
#13561=CARTESIAN_POINT('',(96.1244371054202,6.43900490128532,-5.));
#13562=CARTESIAN_POINT('',(16.1244371054202,74.4390049012853,-5.));
#13563=CARTESIAN_POINT('',(16.1244371054202,6.43900490128532,-5.));
#13564=CARTESIAN_POINT('',(96.1244371054202,74.4390049012853,-5.));
#13565=CARTESIAN_POINT('',(16.1244371054202,74.4390049012853,-5.));
#13566=CARTESIAN_POINT('',(96.1244371054202,74.4390049012853,-5.));
#13567=CARTESIAN_POINT('Origin',(16.1244371054202,74.4390049012853,0.));
#13568=CARTESIAN_POINT('',(16.1244371054202,6.43900490128532,5.));
#13569=CARTESIAN_POINT('',(16.1244371054202,6.43900490128532,0.));
#13570=CARTESIAN_POINT('',(16.1244371054202,74.4390049012853,5.));
#13571=CARTESIAN_POINT('',(16.1244371054202,6.43900490128532,5.));
#13572=CARTESIAN_POINT('',(16.1244371054202,74.4390049012853,0.));
#13573=CARTESIAN_POINT('Origin',(96.1244371054202,74.4390049012853,0.));
#13574=CARTESIAN_POINT('',(96.1244371054202,74.4390049012853,5.));
#13575=CARTESIAN_POINT('',(16.1244371054202,74.4390049012853,5.));
#13576=CARTESIAN_POINT('',(96.1244371054202,74.4390049012853,0.));
#13577=CARTESIAN_POINT('Origin',(96.1244371054202,6.43900490128532,0.));
#13578=CARTESIAN_POINT('',(96.1244371054202,6.43900490128532,5.));
#13579=CARTESIAN_POINT('',(96.1244371054202,74.4390049012853,5.));
#13580=CARTESIAN_POINT('',(96.1244371054202,6.43900490128532,0.));
#13581=CARTESIAN_POINT('Origin',(16.1244371054202,6.43900490128532,0.));
#13582=CARTESIAN_POINT('',(96.1244371054202,6.43900490128532,5.));
#13583=CARTESIAN_POINT('Origin',(56.1244371054202,40.4390049012853,5.));
#13584=CARTESIAN_POINT('',(0.,0.,0.));
#13585=CARTESIAN_POINT('Origin',(-23.134938561371,54.6532566239526,-70.));
#13586=CARTESIAN_POINT('',(-23.134938561371,59.1532566239526,-67.4825));
#13587=CARTESIAN_POINT('Origin',(-23.134938561371,59.1532566239526,-70.));
#13588=CARTESIAN_POINT('',(-23.134938561371,62.1532566239526,-67.4825));
#13589=CARTESIAN_POINT('',(-23.134938561371,54.6532566239526,-67.4825));
#13590=CARTESIAN_POINT('Origin',(-23.134938561371,62.1532566239526,-70.));
#13591=CARTESIAN_POINT('Origin',(-23.134938561371,54.6532566239526,-70.));
#13592=CARTESIAN_POINT('',(-23.134938561371,47.1532566239526,-67.4825));
#13593=CARTESIAN_POINT('Origin',(-23.134938561371,47.1532566239526,-70.));
#13594=CARTESIAN_POINT('',(-23.134938561371,55.1532566239526,-67.4825));
#13595=CARTESIAN_POINT('',(-23.134938561371,54.6532566239526,-67.4825));
#13596=CARTESIAN_POINT('Origin',(-23.134938561371,55.1532566239526,-70.));
#13597=CARTESIAN_POINT('Origin',(-23.134938561371,62.1532566239526,-70.));
#13598=CARTESIAN_POINT('Origin',(-23.134938561371,54.6532566239526,-55.));
#13599=CARTESIAN_POINT('',(-23.134938561371,59.1532566239526,-52.4825));
#13600=CARTESIAN_POINT('Origin',(-23.134938561371,59.1532566239526,-55.));
#13601=CARTESIAN_POINT('',(-23.134938561371,62.1532566239526,-52.4825));
#13602=CARTESIAN_POINT('',(-23.134938561371,54.6532566239526,-52.4825));
#13603=CARTESIAN_POINT('Origin',(-23.134938561371,62.1532566239526,-55.));
#13604=CARTESIAN_POINT('Origin',(-23.134938561371,54.6532566239526,-55.));
#13605=CARTESIAN_POINT('',(-23.134938561371,47.1532566239526,-52.4825));
#13606=CARTESIAN_POINT('Origin',(-23.134938561371,47.1532566239526,-55.));
#13607=CARTESIAN_POINT('',(-23.134938561371,55.1532566239526,-52.4825));
#13608=CARTESIAN_POINT('',(-23.134938561371,54.6532566239526,-52.4825));
#13609=CARTESIAN_POINT('Origin',(-23.134938561371,55.1532566239526,-55.));
#13610=CARTESIAN_POINT('Origin',(-23.134938561371,62.1532566239526,-55.));
#13611=CARTESIAN_POINT('Origin',(-23.134938561371,54.6532566239526,55.));
#13612=CARTESIAN_POINT('',(-23.134938561371,59.1532566239526,57.5175));
#13613=CARTESIAN_POINT('Origin',(-23.134938561371,59.1532566239526,55.));
#13614=CARTESIAN_POINT('',(-23.134938561371,62.1532566239526,57.5175));
#13615=CARTESIAN_POINT('',(-23.134938561371,54.6532566239526,57.5175));
#13616=CARTESIAN_POINT('Origin',(-23.134938561371,62.1532566239526,55.));
#13617=CARTESIAN_POINT('Origin',(-23.134938561371,54.6532566239526,55.));
#13618=CARTESIAN_POINT('',(-23.134938561371,47.1532566239526,57.5175));
#13619=CARTESIAN_POINT('Origin',(-23.134938561371,47.1532566239526,55.));
#13620=CARTESIAN_POINT('',(-23.134938561371,55.1532566239526,57.5175));
#13621=CARTESIAN_POINT('',(-23.134938561371,54.6532566239526,57.5175));
#13622=CARTESIAN_POINT('Origin',(-23.134938561371,55.1532566239526,55.));
#13623=CARTESIAN_POINT('Origin',(-23.134938561371,62.1532566239526,55.));
#13624=CARTESIAN_POINT('Origin',(-23.134938561371,54.6532566239526,70.));
#13625=CARTESIAN_POINT('',(-23.134938561371,59.1532566239526,72.5175));
#13626=CARTESIAN_POINT('Origin',(-23.134938561371,59.1532566239526,70.));
#13627=CARTESIAN_POINT('',(-23.134938561371,62.1532566239526,72.5175));
#13628=CARTESIAN_POINT('',(-23.134938561371,54.6532566239526,72.5175));
#13629=CARTESIAN_POINT('Origin',(-23.134938561371,62.1532566239526,70.));
#13630=CARTESIAN_POINT('Origin',(-23.134938561371,54.6532566239526,70.));
#13631=CARTESIAN_POINT('',(-23.134938561371,47.1532566239526,72.5175));
#13632=CARTESIAN_POINT('Origin',(-23.134938561371,47.1532566239526,70.));
#13633=CARTESIAN_POINT('',(-23.134938561371,55.1532566239526,72.5175));
#13634=CARTESIAN_POINT('',(-23.134938561371,54.6532566239526,72.5175));
#13635=CARTESIAN_POINT('Origin',(-23.134938561371,55.1532566239526,70.));
#13636=CARTESIAN_POINT('Origin',(-23.134938561371,62.1532566239526,70.));
#13637=CARTESIAN_POINT('Origin',(16.865061438629,54.6532566239526,70.));
#13638=CARTESIAN_POINT('',(16.865061438629,47.1532566239526,72.5175));
#13639=CARTESIAN_POINT('Origin',(16.865061438629,47.1532566239526,70.));
#13640=CARTESIAN_POINT('',(16.865061438629,55.1532566239526,72.5175));
#13641=CARTESIAN_POINT('',(16.865061438629,54.6532566239526,72.5175));
#13642=CARTESIAN_POINT('Origin',(16.865061438629,55.1532566239526,70.));
#13643=CARTESIAN_POINT('Origin',(16.865061438629,54.6532566239526,70.));
#13644=CARTESIAN_POINT('',(16.865061438629,59.1532566239526,72.5175));
#13645=CARTESIAN_POINT('Origin',(16.865061438629,59.1532566239526,70.));
#13646=CARTESIAN_POINT('',(16.865061438629,62.1532566239526,72.5175));
#13647=CARTESIAN_POINT('',(16.865061438629,54.6532566239526,72.5175));
#13648=CARTESIAN_POINT('Origin',(16.865061438629,62.1532566239526,70.));
#13649=CARTESIAN_POINT('Origin',(16.865061438629,62.1532566239526,70.));
#13650=CARTESIAN_POINT('Origin',(16.865061438629,54.6532566239526,55.));
#13651=CARTESIAN_POINT('',(16.865061438629,47.1532566239526,57.5175));
#13652=CARTESIAN_POINT('Origin',(16.865061438629,47.1532566239526,55.));
#13653=CARTESIAN_POINT('',(16.865061438629,55.1532566239526,57.5175));
#13654=CARTESIAN_POINT('',(16.865061438629,54.6532566239526,57.5175));
#13655=CARTESIAN_POINT('Origin',(16.865061438629,55.1532566239526,55.));
#13656=CARTESIAN_POINT('Origin',(16.865061438629,54.6532566239526,55.));
#13657=CARTESIAN_POINT('',(16.865061438629,59.1532566239526,57.5175));
#13658=CARTESIAN_POINT('Origin',(16.865061438629,59.1532566239526,55.));
#13659=CARTESIAN_POINT('',(16.865061438629,62.1532566239526,57.5175));
#13660=CARTESIAN_POINT('',(16.865061438629,54.6532566239526,57.5175));
#13661=CARTESIAN_POINT('Origin',(16.865061438629,62.1532566239526,55.));
#13662=CARTESIAN_POINT('Origin',(16.865061438629,62.1532566239526,55.));
#13663=CARTESIAN_POINT('Origin',(16.865061438629,54.6532566239526,-55.));
#13664=CARTESIAN_POINT('',(16.865061438629,47.1532566239526,-52.4825));
#13665=CARTESIAN_POINT('Origin',(16.865061438629,47.1532566239526,-55.));
#13666=CARTESIAN_POINT('',(16.865061438629,55.1532566239526,-52.4825));
#13667=CARTESIAN_POINT('',(16.865061438629,54.6532566239526,-52.4825));
#13668=CARTESIAN_POINT('Origin',(16.865061438629,55.1532566239526,-55.));
#13669=CARTESIAN_POINT('Origin',(16.865061438629,54.6532566239526,-55.));
#13670=CARTESIAN_POINT('',(16.865061438629,59.1532566239526,-52.4825));
#13671=CARTESIAN_POINT('Origin',(16.865061438629,59.1532566239526,-55.));
#13672=CARTESIAN_POINT('',(16.865061438629,62.1532566239526,-52.4825));
#13673=CARTESIAN_POINT('',(16.865061438629,54.6532566239526,-52.4825));
#13674=CARTESIAN_POINT('Origin',(16.865061438629,62.1532566239526,-55.));
#13675=CARTESIAN_POINT('Origin',(16.865061438629,62.1532566239526,-55.));
#13676=CARTESIAN_POINT('Origin',(16.865061438629,54.6532566239526,-70.));
#13677=CARTESIAN_POINT('',(16.865061438629,47.1532566239526,-67.4825));
#13678=CARTESIAN_POINT('Origin',(16.865061438629,47.1532566239526,-70.));
#13679=CARTESIAN_POINT('',(16.865061438629,55.1532566239526,-67.4825));
#13680=CARTESIAN_POINT('',(16.865061438629,54.6532566239526,-67.4825));
#13681=CARTESIAN_POINT('Origin',(16.865061438629,55.1532566239526,-70.));
#13682=CARTESIAN_POINT('Origin',(16.865061438629,54.6532566239526,-70.));
#13683=CARTESIAN_POINT('',(16.865061438629,59.1532566239526,-67.4825));
#13684=CARTESIAN_POINT('Origin',(16.865061438629,59.1532566239526,-70.));
#13685=CARTESIAN_POINT('',(16.865061438629,62.1532566239526,-67.4825));
#13686=CARTESIAN_POINT('',(16.865061438629,54.6532566239526,-67.4825));
#13687=CARTESIAN_POINT('Origin',(16.865061438629,62.1532566239526,-70.));
#13688=CARTESIAN_POINT('Origin',(16.865061438629,62.1532566239526,-70.));
#13689=CARTESIAN_POINT('Origin',(-41.259938561371,60.2782566239526,200.));
#13690=CARTESIAN_POINT('',(-42.384938561371,59.1532566239526,-200.));
#13691=CARTESIAN_POINT('',(-40.134938561371,61.4032566239526,-200.));
#13692=CARTESIAN_POINT('',(-32.509938561371,69.0282566239526,-200.));
#13693=CARTESIAN_POINT('',(-40.134938561371,61.4032566239526,200.));
#13694=CARTESIAN_POINT('',(-40.134938561371,61.4032566239526,200.));
#13695=CARTESIAN_POINT('',(-42.384938561371,59.1532566239526,200.));
#13696=CARTESIAN_POINT('',(-32.509938561371,69.0282566239526,200.));
#13697=CARTESIAN_POINT('',(-42.384938561371,59.1532566239526,200.));
#13698=CARTESIAN_POINT('Origin',(-40.134938561371,59.1532566239526,200.));
#13699=CARTESIAN_POINT('',(-40.134938561371,62.7390430405061,-200.));
#13700=CARTESIAN_POINT('',(-40.134938561371,58.1532566239526,-200.));
#13701=CARTESIAN_POINT('',(-40.134938561371,62.7390430405061,200.));
#13702=CARTESIAN_POINT('',(-40.134938561371,62.7390430405061,200.));
#13703=CARTESIAN_POINT('',(-40.134938561371,58.1532566239526,200.));
#13704=CARTESIAN_POINT('Origin',(-3.13493856137104,57.1532566239526,-200.));
#13705=CARTESIAN_POINT('',(-43.134938561371,59.1532566239526,-200.));
#13706=CARTESIAN_POINT('',(-23.134938561371,59.1532566239526,-200.));
#13707=CARTESIAN_POINT('',(-43.134938561371,67.1532566239526,-200.));
#13708=CARTESIAN_POINT('',(-43.134938561371,47.1532566239526,-200.));
#13709=CARTESIAN_POINT('',(-35.134938561371,67.1532566239526,-200.));
#13710=CARTESIAN_POINT('',(-43.134938561371,67.1532566239526,-200.));
#13711=CARTESIAN_POINT('',(-35.134938561371,66.4032566239526,-200.));
#13712=CARTESIAN_POINT('',(-35.134938561371,60.6532566239526,-200.));
#13713=CARTESIAN_POINT('',(-37.384938561371,64.1532566239526,-200.));
#13714=CARTESIAN_POINT('',(-30.009938561371,71.5282566239526,-200.));
#13715=CARTESIAN_POINT('',(-38.7207249989979,64.1532566239526,-200.));
#13716=CARTESIAN_POINT('',(-20.9278317801845,64.1532566239526,-200.));
#13717=CARTESIAN_POINT('',(-36.7207249989979,62.1532566239526,-200.));
#13718=CARTESIAN_POINT('',(-27.0742783895912,52.5068100145459,-200.));
#13719=CARTESIAN_POINT('',(-29.5491521237441,62.1532566239526,-200.));
#13720=CARTESIAN_POINT('',(-16.3420453425576,62.1532566239526,-200.));
#13721=CARTESIAN_POINT('',(-27.5491521237441,64.1532566239526,-200.));
#13722=CARTESIAN_POINT('',(-23.1955987331509,68.5068100145459,-200.));
#13723=CARTESIAN_POINT('',(-28.884938561371,64.1532566239526,-200.));
#13724=CARTESIAN_POINT('',(-17.134938561371,64.1532566239526,-200.));
#13725=CARTESIAN_POINT('',(-31.134938561371,66.4032566239526,-200.));
#13726=CARTESIAN_POINT('',(-21.2599385613711,56.5282566239526,-200.));
#13727=CARTESIAN_POINT('',(-31.134938561371,67.1532566239526,-200.));
#13728=CARTESIAN_POINT('',(-31.134938561371,62.1532566239526,-200.));
#13729=CARTESIAN_POINT('',(-15.134938561371,67.1532566239526,-200.));
#13730=CARTESIAN_POINT('',(-43.134938561371,67.1532566239526,-200.));
#13731=CARTESIAN_POINT('',(-15.134938561371,66.4032566239526,-200.));
#13732=CARTESIAN_POINT('',(-15.134938561371,60.6532566239526,-200.));
#13733=CARTESIAN_POINT('',(-17.384938561371,64.1532566239526,-200.));
#13734=CARTESIAN_POINT('',(-15.009938561371,66.5282566239526,-200.));
#13735=CARTESIAN_POINT('',(-18.7207249989979,64.1532566239526,-200.));
#13736=CARTESIAN_POINT('',(-10.9278317801845,64.1532566239526,-200.));
#13737=CARTESIAN_POINT('',(-16.7207249989979,62.1532566239526,-200.));
#13738=CARTESIAN_POINT('',(-12.0742783895912,57.5068100145459,-200.));
#13739=CARTESIAN_POINT('',(-9.54915212374413,62.1532566239526,-200.));
#13740=CARTESIAN_POINT('',(-6.34204534255758,62.1532566239526,-200.));
#13741=CARTESIAN_POINT('',(-7.54915212374413,64.1532566239526,-200.));
#13742=CARTESIAN_POINT('',(-8.19559873315086,63.5068100145459,-200.));
#13743=CARTESIAN_POINT('',(-8.88493856137103,64.1532566239526,-200.));
#13744=CARTESIAN_POINT('',(-7.13493856137104,64.1532566239526,-200.));
#13745=CARTESIAN_POINT('',(-11.134938561371,66.4032566239526,-200.));
#13746=CARTESIAN_POINT('',(-6.25993856137104,61.5282566239526,-200.));
#13747=CARTESIAN_POINT('',(-11.134938561371,67.1532566239526,-200.));
#13748=CARTESIAN_POINT('',(-11.134938561371,62.1532566239526,-200.));
#13749=CARTESIAN_POINT('',(4.86506143862896,67.1532566239526,-200.));
#13750=CARTESIAN_POINT('',(-43.134938561371,67.1532566239526,-200.));
#13751=CARTESIAN_POINT('',(4.86506143862896,66.4032566239526,-200.));
#13752=CARTESIAN_POINT('',(4.86506143862896,60.6532566239526,-200.));
#13753=CARTESIAN_POINT('',(2.61506143862896,64.1532566239526,-200.));
#13754=CARTESIAN_POINT('',(-0.00993856137104107,61.5282566239526,-200.));
#13755=CARTESIAN_POINT('',(1.27927500100205,64.1532566239526,-200.));
#13756=CARTESIAN_POINT('',(-0.927831780184492,64.1532566239526,-200.));
#13757=CARTESIAN_POINT('',(3.27927500100206,62.1532566239526,-200.));
#13758=CARTESIAN_POINT('',(2.92572161040878,62.5068100145459,-200.));
#13759=CARTESIAN_POINT('',(10.4508478762559,62.1532566239526,-200.));
#13760=CARTESIAN_POINT('',(3.65795465744242,62.1532566239526,-200.));
#13761=CARTESIAN_POINT('',(12.4508478762559,64.1532566239526,-200.));
#13762=CARTESIAN_POINT('',(6.80440126684914,58.5068100145459,-200.));
#13763=CARTESIAN_POINT('',(11.115061438629,64.1532566239526,-200.));
#13764=CARTESIAN_POINT('',(2.86506143862896,64.1532566239526,-200.));
#13765=CARTESIAN_POINT('',(8.86506143862897,66.4032566239526,-200.));
#13766=CARTESIAN_POINT('',(8.74006143862897,66.5282566239526,-200.));
#13767=CARTESIAN_POINT('',(8.86506143862897,67.1532566239526,-200.));
#13768=CARTESIAN_POINT('',(8.86506143862897,62.1532566239526,-200.));
#13769=CARTESIAN_POINT('',(24.865061438629,67.1532566239526,-200.));
#13770=CARTESIAN_POINT('',(-43.134938561371,67.1532566239526,-200.));
#13771=CARTESIAN_POINT('',(24.865061438629,66.4032566239526,-200.));
#13772=CARTESIAN_POINT('',(24.865061438629,60.6532566239526,-200.));
#13773=CARTESIAN_POINT('',(22.615061438629,64.1532566239526,-200.));
#13774=CARTESIAN_POINT('',(14.990061438629,56.5282566239526,-200.));
#13775=CARTESIAN_POINT('',(21.2792750010021,64.1532566239526,-200.));
#13776=CARTESIAN_POINT('',(9.07216821981551,64.1532566239526,-200.));
#13777=CARTESIAN_POINT('',(23.2792750010021,62.1532566239526,-200.));
#13778=CARTESIAN_POINT('',(17.9257216104088,67.5068100145459,-200.));
#13779=CARTESIAN_POINT('',(30.4508478762559,62.1532566239526,-200.));
#13780=CARTESIAN_POINT('',(13.6579546574424,62.1532566239526,-200.));
#13781=CARTESIAN_POINT('',(32.4508478762559,64.1532566239526,-200.));
#13782=CARTESIAN_POINT('',(21.8044012668491,53.5068100145459,-200.));
#13783=CARTESIAN_POINT('',(31.115061438629,64.1532566239526,-200.));
#13784=CARTESIAN_POINT('',(12.865061438629,64.1532566239526,-200.));
#13785=CARTESIAN_POINT('',(28.865061438629,66.4032566239526,-200.));
#13786=CARTESIAN_POINT('',(23.740061438629,71.5282566239526,-200.));
#13787=CARTESIAN_POINT('',(28.865061438629,67.1532566239526,-200.));
#13788=CARTESIAN_POINT('',(28.865061438629,62.1532566239526,-200.));
#13789=CARTESIAN_POINT('',(36.865061438629,67.1532566239526,-200.));
#13790=CARTESIAN_POINT('',(-43.134938561371,67.1532566239526,-200.));
#13791=CARTESIAN_POINT('',(36.865061438629,59.1532566239526,-200.));
#13792=CARTESIAN_POINT('',(36.865061438629,67.1532566239526,-200.));
#13793=CARTESIAN_POINT('',(36.115061438629,59.1532566239526,-200.));
#13794=CARTESIAN_POINT('',(15.365061438629,59.1532566239526,-200.));
#13795=CARTESIAN_POINT('',(33.865061438629,61.4032566239526,-200.));
#13796=CARTESIAN_POINT('',(26.2400614386289,69.0282566239526,-200.));
#13797=CARTESIAN_POINT('',(33.865061438629,62.7390430405061,-200.));
#13798=CARTESIAN_POINT('',(33.865061438629,59.9461498322293,-200.));
#13799=CARTESIAN_POINT('',(31.865061438629,60.7390430405061,-200.));
#13800=CARTESIAN_POINT('',(22.2186148344906,51.0925964363677,-200.));
#13801=CARTESIAN_POINT('',(31.865061438629,53.5674702073991,-200.));
#13802=CARTESIAN_POINT('',(31.865061438629,55.3603634156758,-200.));
#13803=CARTESIAN_POINT('',(33.865061438629,51.5674702073991,-200.));
#13804=CARTESIAN_POINT('',(23.2186148344906,62.2139168115375,-200.));
#13805=CARTESIAN_POINT('',(33.865061438629,52.9032566239526,-200.));
#13806=CARTESIAN_POINT('',(33.865061438629,56.1532566239526,-200.));
#13807=CARTESIAN_POINT('',(36.115061438629,55.1532566239526,-200.));
#13808=CARTESIAN_POINT('',(26.2400614386289,45.2782566239526,-200.));
#13809=CARTESIAN_POINT('',(36.865061438629,55.1532566239526,-200.));
#13810=CARTESIAN_POINT('',(16.865061438629,55.1532566239526,-200.));
#13811=CARTESIAN_POINT('',(36.865061438629,47.1532566239526,-200.));
#13812=CARTESIAN_POINT('',(36.865061438629,67.1532566239526,-200.));
#13813=CARTESIAN_POINT('',(28.865061438629,47.1532566239526,-200.));
#13814=CARTESIAN_POINT('',(36.865061438629,47.1532566239526,-200.));
#13815=CARTESIAN_POINT('',(28.865061438629,47.9032566239526,-200.));
#13816=CARTESIAN_POINT('',(28.865061438629,53.6532566239526,-200.));
#13817=CARTESIAN_POINT('',(31.115061438629,50.1532566239526,-200.));
#13818=CARTESIAN_POINT('',(23.740061438629,42.7782566239526,-200.));
#13819=CARTESIAN_POINT('',(32.4508478762559,50.1532566239526,-200.));
#13820=CARTESIAN_POINT('',(14.6579546574424,50.1532566239526,-200.));
#13821=CARTESIAN_POINT('',(30.4508478762559,52.1532566239526,-200.));
#13822=CARTESIAN_POINT('',(20.8044012668491,61.7997032333593,-200.));
#13823=CARTESIAN_POINT('',(23.2792750010021,52.1532566239526,-200.));
#13824=CARTESIAN_POINT('',(10.0721682198155,52.1532566239526,-200.));
#13825=CARTESIAN_POINT('',(21.2792750010021,50.1532566239526,-200.));
#13826=CARTESIAN_POINT('',(16.9257216104088,45.7997032333593,-200.));
#13827=CARTESIAN_POINT('',(22.615061438629,50.1532566239526,-200.));
#13828=CARTESIAN_POINT('',(10.865061438629,50.1532566239526,-200.));
#13829=CARTESIAN_POINT('',(24.865061438629,47.9032566239526,-200.));
#13830=CARTESIAN_POINT('',(14.990061438629,57.7782566239526,-200.));
#13831=CARTESIAN_POINT('',(24.865061438629,47.1532566239526,-200.));
#13832=CARTESIAN_POINT('',(24.865061438629,52.1532566239526,-200.));
#13833=CARTESIAN_POINT('',(8.86506143862897,47.1532566239526,-200.));
#13834=CARTESIAN_POINT('',(36.865061438629,47.1532566239526,-200.));
#13835=CARTESIAN_POINT('',(8.86506143862897,47.9032566239526,-200.));
#13836=CARTESIAN_POINT('',(8.86506143862897,53.6532566239526,-200.));
#13837=CARTESIAN_POINT('',(11.115061438629,50.1532566239526,-200.));
#13838=CARTESIAN_POINT('',(8.74006143862896,47.7782566239526,-200.));
#13839=CARTESIAN_POINT('',(12.4508478762559,50.1532566239526,-200.));
#13840=CARTESIAN_POINT('',(4.65795465744242,50.1532566239526,-200.));
#13841=CARTESIAN_POINT('',(10.4508478762559,52.1532566239526,-200.));
#13842=CARTESIAN_POINT('',(5.80440126684914,56.7997032333593,-200.));
#13843=CARTESIAN_POINT('',(3.27927500100206,52.1532566239526,-200.));
#13844=CARTESIAN_POINT('',(0.0721682198155094,52.1532566239526,-200.));
#13845=CARTESIAN_POINT('',(1.27927500100205,50.1532566239526,-200.));
#13846=CARTESIAN_POINT('',(1.92572161040878,50.7997032333593,-200.));
#13847=CARTESIAN_POINT('',(2.61506143862896,50.1532566239526,-200.));
#13848=CARTESIAN_POINT('',(0.865061438628962,50.1532566239526,-200.));
#13849=CARTESIAN_POINT('',(4.86506143862896,47.9032566239526,-200.));
#13850=CARTESIAN_POINT('',(-0.00993856137103403,52.7782566239526,-200.));
#13851=CARTESIAN_POINT('',(4.86506143862896,47.1532566239526,-200.));
#13852=CARTESIAN_POINT('',(4.86506143862896,52.1532566239526,-200.));
#13853=CARTESIAN_POINT('',(-11.134938561371,47.1532566239526,-200.));
#13854=CARTESIAN_POINT('',(36.865061438629,47.1532566239526,-200.));
#13855=CARTESIAN_POINT('',(-11.134938561371,47.9032566239526,-200.));
#13856=CARTESIAN_POINT('',(-11.134938561371,53.6532566239526,-200.));
#13857=CARTESIAN_POINT('',(-8.88493856137103,50.1532566239526,-200.));
#13858=CARTESIAN_POINT('',(-6.25993856137103,52.7782566239526,-200.));
#13859=CARTESIAN_POINT('',(-7.54915212374413,50.1532566239526,-200.));
#13860=CARTESIAN_POINT('',(-5.34204534255758,50.1532566239526,-200.));
#13861=CARTESIAN_POINT('',(-9.54915212374413,52.1532566239526,-200.));
#13862=CARTESIAN_POINT('',(-9.19559873315086,51.7997032333593,-200.));
#13863=CARTESIAN_POINT('',(-16.7207249989979,52.1532566239526,-200.));
#13864=CARTESIAN_POINT('',(-9.92783178018449,52.1532566239526,-200.));
#13865=CARTESIAN_POINT('',(-18.7207249989979,50.1532566239526,-200.));
#13866=CARTESIAN_POINT('',(-13.0742783895912,55.7997032333593,-200.));
#13867=CARTESIAN_POINT('',(-17.384938561371,50.1532566239526,-200.));
#13868=CARTESIAN_POINT('',(-9.13493856137104,50.1532566239526,-200.));
#13869=CARTESIAN_POINT('',(-15.134938561371,47.9032566239526,-200.));
#13870=CARTESIAN_POINT('',(-15.009938561371,47.7782566239526,-200.));
#13871=CARTESIAN_POINT('',(-15.134938561371,47.1532566239526,-200.));
#13872=CARTESIAN_POINT('',(-15.134938561371,52.1532566239526,-200.));
#13873=CARTESIAN_POINT('',(-31.134938561371,47.1532566239526,-200.));
#13874=CARTESIAN_POINT('',(36.865061438629,47.1532566239526,-200.));
#13875=CARTESIAN_POINT('',(-31.134938561371,47.9032566239526,-200.));
#13876=CARTESIAN_POINT('',(-31.134938561371,53.6532566239526,-200.));
#13877=CARTESIAN_POINT('',(-28.884938561371,50.1532566239526,-200.));
#13878=CARTESIAN_POINT('',(-21.259938561371,57.7782566239526,-200.));
#13879=CARTESIAN_POINT('',(-27.5491521237441,50.1532566239526,-200.));
#13880=CARTESIAN_POINT('',(-15.3420453425576,50.1532566239526,-200.));
#13881=CARTESIAN_POINT('',(-29.5491521237441,52.1532566239526,-200.));
#13882=CARTESIAN_POINT('',(-24.1955987331509,46.7997032333593,-200.));
#13883=CARTESIAN_POINT('',(-36.7207249989979,52.1532566239526,-200.));
#13884=CARTESIAN_POINT('',(-19.9278317801845,52.1532566239526,-200.));
#13885=CARTESIAN_POINT('',(-38.7207249989979,50.1532566239526,-200.));
#13886=CARTESIAN_POINT('',(-28.0742783895912,60.7997032333593,-200.));
#13887=CARTESIAN_POINT('',(-37.384938561371,50.1532566239526,-200.));
#13888=CARTESIAN_POINT('',(-19.134938561371,50.1532566239526,-200.));
#13889=CARTESIAN_POINT('',(-35.134938561371,47.9032566239526,-200.));
#13890=CARTESIAN_POINT('',(-30.0099385613711,42.7782566239526,-200.));
#13891=CARTESIAN_POINT('',(-35.134938561371,47.1532566239526,-200.));
#13892=CARTESIAN_POINT('',(-35.134938561371,52.1532566239526,-200.));
#13893=CARTESIAN_POINT('',(-43.134938561371,47.1532566239526,-200.));
#13894=CARTESIAN_POINT('',(36.865061438629,47.1532566239526,-200.));
#13895=CARTESIAN_POINT('',(-43.134938561371,55.1532566239526,-200.));
#13896=CARTESIAN_POINT('',(-43.134938561371,47.1532566239526,-200.));
#13897=CARTESIAN_POINT('',(-42.384938561371,55.1532566239526,-200.));
#13898=CARTESIAN_POINT('',(-21.634938561371,55.1532566239526,-200.));
#13899=CARTESIAN_POINT('',(-40.134938561371,52.9032566239526,-200.));
#13900=CARTESIAN_POINT('',(-32.509938561371,45.2782566239526,-200.));
#13901=CARTESIAN_POINT('',(-40.134938561371,51.5674702073991,-200.));
#13902=CARTESIAN_POINT('',(-40.134938561371,54.3603634156758,-200.));
#13903=CARTESIAN_POINT('',(-38.134938561371,53.5674702073991,-200.));
#13904=CARTESIAN_POINT('',(-28.4884919572327,63.2139168115375,-200.));
#13905=CARTESIAN_POINT('',(-38.134938561371,60.7390430405061,-200.));
#13906=CARTESIAN_POINT('',(-38.134938561371,58.9461498322293,-200.));
#13907=CARTESIAN_POINT('',(-29.4884919572327,52.0925964363677,-200.));
#13908=CARTESIAN_POINT('',(-16.134938561371,57.1532566239526,-200.));
#13909=CARTESIAN_POINT('Origin',(-13.134938561371,57.1532566239526,-200.));
#13910=CARTESIAN_POINT('',(3.86506143862896,57.1532566239526,-200.));
#13911=CARTESIAN_POINT('Origin',(6.86506143862896,57.1532566239526,-200.));
#13912=CARTESIAN_POINT('',(-36.134938561371,57.1532566239526,-200.));
#13913=CARTESIAN_POINT('Origin',(-33.134938561371,57.1532566239526,-200.));
#13914=CARTESIAN_POINT('',(23.865061438629,57.1532566239526,-200.));
#13915=CARTESIAN_POINT('Origin',(26.865061438629,57.1532566239526,-200.));
#13916=CARTESIAN_POINT('',(-26.134938561371,59.1532566239526,-200.));
#13917=CARTESIAN_POINT('',(-26.134938561371,62.7390430405061,-200.));
#13918=CARTESIAN_POINT('',(-26.134938561371,59.9461498322293,-200.));
#13919=CARTESIAN_POINT('',(-28.134938561371,60.7390430405061,-200.));
#13920=CARTESIAN_POINT('',(-22.7813851655094,66.0925964363677,-200.));
#13921=CARTESIAN_POINT('',(-28.134938561371,53.5674702073991,-200.));
#13922=CARTESIAN_POINT('',(-28.134938561371,55.3603634156758,-200.));
#13923=CARTESIAN_POINT('',(-26.134938561371,51.5674702073991,-200.));
#13924=CARTESIAN_POINT('',(-21.7813851655094,47.2139168115375,-200.));
#13925=CARTESIAN_POINT('',(-26.134938561371,55.1532566239526,-200.));
#13926=CARTESIAN_POINT('',(-26.134938561371,56.1532566239526,-200.));
#13927=CARTESIAN_POINT('',(-20.134938561371,55.1532566239526,-200.));
#13928=CARTESIAN_POINT('',(-11.634938561371,55.1532566239526,-200.));
#13929=CARTESIAN_POINT('',(-20.134938561371,51.5674702073991,-200.));
#13930=CARTESIAN_POINT('',(-20.134938561371,54.3603634156758,-200.));
#13931=CARTESIAN_POINT('',(-18.134938561371,53.5674702073991,-200.));
#13932=CARTESIAN_POINT('',(-13.4884919572327,58.2139168115375,-200.));
#13933=CARTESIAN_POINT('',(-18.134938561371,60.7390430405061,-200.));
#13934=CARTESIAN_POINT('',(-18.134938561371,58.9461498322293,-200.));
#13935=CARTESIAN_POINT('',(-20.134938561371,62.7390430405061,-200.));
#13936=CARTESIAN_POINT('',(-14.4884919572327,57.0925964363677,-200.));
#13937=CARTESIAN_POINT('',(-20.134938561371,59.1532566239526,-200.));
#13938=CARTESIAN_POINT('',(-20.134938561371,58.1532566239526,-200.));
#13939=CARTESIAN_POINT('',(-14.634938561371,59.1532566239526,-200.));
#13940=CARTESIAN_POINT('',(19.865061438629,55.1532566239526,-200.));
#13941=CARTESIAN_POINT('',(19.865061438629,51.5674702073991,-200.));
#13942=CARTESIAN_POINT('',(19.865061438629,54.3603634156758,-200.));
#13943=CARTESIAN_POINT('',(21.865061438629,53.5674702073991,-200.));
#13944=CARTESIAN_POINT('',(16.5115080427673,48.2139168115375,-200.));
#13945=CARTESIAN_POINT('',(21.865061438629,60.7390430405061,-200.));
#13946=CARTESIAN_POINT('',(21.865061438629,58.9461498322293,-200.));
#13947=CARTESIAN_POINT('',(19.865061438629,62.7390430405061,-200.));
#13948=CARTESIAN_POINT('',(15.5115080427673,67.0925964363677,-200.));
#13949=CARTESIAN_POINT('',(19.865061438629,59.1532566239526,-200.));
#13950=CARTESIAN_POINT('',(19.865061438629,58.1532566239526,-200.));
#13951=CARTESIAN_POINT('',(13.865061438629,59.1532566239526,-200.));
#13952=CARTESIAN_POINT('',(5.36506143862896,59.1532566239526,-200.));
#13953=CARTESIAN_POINT('',(13.865061438629,62.7390430405061,-200.));
#13954=CARTESIAN_POINT('',(13.865061438629,59.9461498322293,-200.));
#13955=CARTESIAN_POINT('',(11.865061438629,60.7390430405061,-200.));
#13956=CARTESIAN_POINT('',(7.21861483449059,56.0925964363677,-200.));
#13957=CARTESIAN_POINT('',(11.865061438629,53.5674702073991,-200.));
#13958=CARTESIAN_POINT('',(11.865061438629,55.3603634156758,-200.));
#13959=CARTESIAN_POINT('',(13.865061438629,51.5674702073991,-200.));
#13960=CARTESIAN_POINT('',(8.21861483449059,57.2139168115375,-200.));
#13961=CARTESIAN_POINT('',(13.865061438629,55.1532566239526,-200.));
#13962=CARTESIAN_POINT('',(13.865061438629,56.1532566239526,-200.));
#13963=CARTESIAN_POINT('',(8.36506143862896,55.1532566239526,-200.));
#13964=CARTESIAN_POINT('',(-0.134938561371039,55.1532566239526,-200.));
#13965=CARTESIAN_POINT('',(-0.134938561371039,51.5674702073991,-200.));
#13966=CARTESIAN_POINT('',(-0.134938561371039,54.3603634156758,-200.));
#13967=CARTESIAN_POINT('',(1.86506143862896,53.5674702073991,-200.));
#13968=CARTESIAN_POINT('',(1.51150804276734,53.2139168115375,-200.));
#13969=CARTESIAN_POINT('',(1.86506143862896,60.7390430405061,-200.));
#13970=CARTESIAN_POINT('',(1.86506143862896,58.9461498322293,-200.));
#13971=CARTESIAN_POINT('',(-0.134938561371039,62.7390430405061,-200.));
#13972=CARTESIAN_POINT('',(0.511508042767335,62.0925964363677,-200.));
#13973=CARTESIAN_POINT('',(-0.134938561371039,59.1532566239526,-200.));
#13974=CARTESIAN_POINT('',(-0.134938561371039,58.1532566239526,-200.));
#13975=CARTESIAN_POINT('',(-6.13493856137103,59.1532566239526,-200.));
#13976=CARTESIAN_POINT('',(-4.63493856137104,59.1532566239526,-200.));
#13977=CARTESIAN_POINT('',(-6.13493856137103,62.7390430405061,-200.));
#13978=CARTESIAN_POINT('',(-6.13493856137103,59.9461498322293,-200.));
#13979=CARTESIAN_POINT('',(-8.13493856137104,60.7390430405061,-200.));
#13980=CARTESIAN_POINT('',(-7.78138516550941,61.0925964363677,-200.));
#13981=CARTESIAN_POINT('',(-8.13493856137104,53.5674702073991,-200.));
#13982=CARTESIAN_POINT('',(-8.13493856137104,55.3603634156758,-200.));
#13983=CARTESIAN_POINT('',(-6.13493856137103,51.5674702073991,-200.));
#13984=CARTESIAN_POINT('',(-6.78138516550941,52.2139168115375,-200.));
#13985=CARTESIAN_POINT('',(-6.13493856137103,55.1532566239526,-200.));
#13986=CARTESIAN_POINT('',(-6.13493856137103,56.1532566239526,-200.));
#13987=CARTESIAN_POINT('',(-1.63493856137104,55.1532566239526,-200.));
#13988=CARTESIAN_POINT('Origin',(-41.259938561371,54.0282566239526,200.));
#13989=CARTESIAN_POINT('',(-42.384938561371,55.1532566239526,200.));
#13990=CARTESIAN_POINT('',(-42.384938561371,55.1532566239526,200.));
#13991=CARTESIAN_POINT('',(-40.134938561371,52.9032566239526,200.));
#13992=CARTESIAN_POINT('',(-32.509938561371,45.2782566239526,200.));
#13993=CARTESIAN_POINT('',(-40.134938561371,52.9032566239526,200.));
#13994=CARTESIAN_POINT('Origin',(-40.134938561371,55.1532566239526,200.));
#13995=CARTESIAN_POINT('',(-43.134938561371,55.1532566239526,200.));
#13996=CARTESIAN_POINT('',(-43.134938561371,55.1532566239526,100.));
#13997=CARTESIAN_POINT('',(-21.634938561371,55.1532566239526,200.));
#13998=CARTESIAN_POINT('Origin',(-36.259938561371,49.0282566239526,200.));
#13999=CARTESIAN_POINT('',(-37.384938561371,50.1532566239526,200.));
#14000=CARTESIAN_POINT('',(-37.384938561371,50.1532566239526,200.));
#14001=CARTESIAN_POINT('',(-35.134938561371,47.9032566239526,200.));
#14002=CARTESIAN_POINT('',(-30.0099385613711,42.7782566239526,200.));
#14003=CARTESIAN_POINT('',(-35.134938561371,47.9032566239526,200.));
#14004=CARTESIAN_POINT('Origin',(-35.134938561371,50.1532566239526,200.));
#14005=CARTESIAN_POINT('',(-38.7207249989979,50.1532566239526,200.));
#14006=CARTESIAN_POINT('',(-38.7207249989979,50.1532566239526,200.));
#14007=CARTESIAN_POINT('',(-19.134938561371,50.1532566239526,200.));
#14008=CARTESIAN_POINT('Origin',(-30.009938561371,49.0282566239526,200.));
#14009=CARTESIAN_POINT('',(-31.134938561371,47.9032566239526,200.));
#14010=CARTESIAN_POINT('',(-31.134938561371,47.9032566239526,200.));
#14011=CARTESIAN_POINT('',(-28.884938561371,50.1532566239526,200.));
#14012=CARTESIAN_POINT('',(-21.259938561371,57.7782566239526,200.));
#14013=CARTESIAN_POINT('',(-28.884938561371,50.1532566239526,200.));
#14014=CARTESIAN_POINT('Origin',(-31.134938561371,50.1532566239526,200.));
#14015=CARTESIAN_POINT('',(-31.134938561371,47.1532566239526,200.));
#14016=CARTESIAN_POINT('',(-31.134938561371,47.1532566239526,100.));
#14017=CARTESIAN_POINT('',(-31.134938561371,53.6532566239526,200.));
#14018=CARTESIAN_POINT('Origin',(9.99006143862897,49.0282566239526,200.));
#14019=CARTESIAN_POINT('',(8.86506143862897,47.9032566239526,200.));
#14020=CARTESIAN_POINT('',(8.86506143862897,47.9032566239526,200.));
#14021=CARTESIAN_POINT('',(11.115061438629,50.1532566239526,200.));
#14022=CARTESIAN_POINT('',(8.74006143862896,47.7782566239526,200.));
#14023=CARTESIAN_POINT('',(11.115061438629,50.1532566239526,200.));
#14024=CARTESIAN_POINT('Origin',(8.86506143862897,50.1532566239526,200.));
#14025=CARTESIAN_POINT('',(8.86506143862897,47.1532566239526,200.));
#14026=CARTESIAN_POINT('',(8.86506143862897,47.1532566239526,100.));
#14027=CARTESIAN_POINT('',(8.86506143862897,53.6532566239526,200.));
#14028=CARTESIAN_POINT('Origin',(-10.009938561371,49.0282566239526,200.));
#14029=CARTESIAN_POINT('',(-11.134938561371,47.9032566239526,200.));
#14030=CARTESIAN_POINT('',(-11.134938561371,47.9032566239526,200.));
#14031=CARTESIAN_POINT('',(-8.88493856137103,50.1532566239526,200.));
#14032=CARTESIAN_POINT('',(-6.25993856137103,52.7782566239526,200.));
#14033=CARTESIAN_POINT('',(-8.88493856137103,50.1532566239526,200.));
#14034=CARTESIAN_POINT('Origin',(-11.134938561371,50.1532566239526,200.));
#14035=CARTESIAN_POINT('',(-11.134938561371,47.1532566239526,200.));
#14036=CARTESIAN_POINT('',(-11.134938561371,47.1532566239526,100.));
#14037=CARTESIAN_POINT('',(-11.134938561371,53.6532566239526,200.));
#14038=CARTESIAN_POINT('Origin',(-16.259938561371,49.0282566239526,200.));
#14039=CARTESIAN_POINT('',(-17.384938561371,50.1532566239526,200.));
#14040=CARTESIAN_POINT('',(-17.384938561371,50.1532566239526,200.));
#14041=CARTESIAN_POINT('',(-15.134938561371,47.9032566239526,200.));
#14042=CARTESIAN_POINT('',(-15.009938561371,47.7782566239526,200.));
#14043=CARTESIAN_POINT('',(-15.134938561371,47.9032566239526,200.));
#14044=CARTESIAN_POINT('Origin',(-15.134938561371,50.1532566239526,200.));
#14045=CARTESIAN_POINT('',(-18.7207249989979,50.1532566239526,200.));
#14046=CARTESIAN_POINT('',(-18.7207249989979,50.1532566239526,200.));
#14047=CARTESIAN_POINT('',(-9.13493856137104,50.1532566239526,200.));
#14048=CARTESIAN_POINT('Origin',(3.74006143862896,49.0282566239526,200.));
#14049=CARTESIAN_POINT('',(2.61506143862896,50.1532566239526,200.));
#14050=CARTESIAN_POINT('',(2.61506143862896,50.1532566239526,200.));
#14051=CARTESIAN_POINT('',(4.86506143862896,47.9032566239526,200.));
#14052=CARTESIAN_POINT('',(-0.00993856137103403,52.7782566239526,200.));
#14053=CARTESIAN_POINT('',(4.86506143862896,47.9032566239526,200.));
#14054=CARTESIAN_POINT('Origin',(4.86506143862896,50.1532566239526,200.));
#14055=CARTESIAN_POINT('',(1.27927500100205,50.1532566239526,200.));
#14056=CARTESIAN_POINT('',(1.27927500100205,50.1532566239526,200.));
#14057=CARTESIAN_POINT('',(0.865061438628962,50.1532566239526,200.));
#14058=CARTESIAN_POINT('Origin',(23.740061438629,49.0282566239526,200.));
#14059=CARTESIAN_POINT('',(22.615061438629,50.1532566239526,200.));
#14060=CARTESIAN_POINT('',(22.615061438629,50.1532566239526,200.));
#14061=CARTESIAN_POINT('',(24.865061438629,47.9032566239526,200.));
#14062=CARTESIAN_POINT('',(14.990061438629,57.7782566239526,200.));
#14063=CARTESIAN_POINT('',(24.865061438629,47.9032566239526,200.));
#14064=CARTESIAN_POINT('Origin',(24.865061438629,50.1532566239526,200.));
#14065=CARTESIAN_POINT('',(21.2792750010021,50.1532566239526,200.));
#14066=CARTESIAN_POINT('',(21.2792750010021,50.1532566239526,200.));
#14067=CARTESIAN_POINT('',(10.865061438629,50.1532566239526,200.));
#14068=CARTESIAN_POINT('Origin',(29.990061438629,49.0282566239526,200.));
#14069=CARTESIAN_POINT('',(28.865061438629,47.9032566239526,200.));
#14070=CARTESIAN_POINT('',(28.865061438629,47.9032566239526,200.));
#14071=CARTESIAN_POINT('',(31.115061438629,50.1532566239526,200.));
#14072=CARTESIAN_POINT('',(23.740061438629,42.7782566239526,200.));
#14073=CARTESIAN_POINT('',(31.115061438629,50.1532566239526,200.));
#14074=CARTESIAN_POINT('Origin',(28.865061438629,50.1532566239526,200.));
#14075=CARTESIAN_POINT('',(28.865061438629,47.1532566239526,200.));
#14076=CARTESIAN_POINT('',(28.865061438629,47.1532566239526,100.));
#14077=CARTESIAN_POINT('',(28.865061438629,53.6532566239526,200.));
#14078=CARTESIAN_POINT('Origin',(34.990061438629,54.0282566239526,200.));
#14079=CARTESIAN_POINT('',(33.865061438629,52.9032566239526,200.));
#14080=CARTESIAN_POINT('',(33.865061438629,52.9032566239526,200.));
#14081=CARTESIAN_POINT('',(36.115061438629,55.1532566239526,200.));
#14082=CARTESIAN_POINT('',(26.2400614386289,45.2782566239526,200.));
#14083=CARTESIAN_POINT('',(36.115061438629,55.1532566239526,200.));
#14084=CARTESIAN_POINT('Origin',(33.865061438629,55.1532566239526,200.));
#14085=CARTESIAN_POINT('',(33.865061438629,51.5674702073991,200.));
#14086=CARTESIAN_POINT('',(33.865061438629,51.5674702073991,200.));
#14087=CARTESIAN_POINT('',(33.865061438629,56.1532566239526,200.));
#14088=CARTESIAN_POINT('Origin',(34.990061438629,60.2782566239526,200.));
#14089=CARTESIAN_POINT('',(36.115061438629,59.1532566239526,200.));
#14090=CARTESIAN_POINT('',(36.115061438629,59.1532566239526,200.));
#14091=CARTESIAN_POINT('',(33.865061438629,61.4032566239526,200.));
#14092=CARTESIAN_POINT('',(26.2400614386289,69.0282566239526,200.));
#14093=CARTESIAN_POINT('',(33.865061438629,61.4032566239526,200.));
#14094=CARTESIAN_POINT('Origin',(33.865061438629,59.1532566239526,200.));
#14095=CARTESIAN_POINT('',(36.865061438629,59.1532566239526,200.));
#14096=CARTESIAN_POINT('',(36.865061438629,59.1532566239526,100.));
#14097=CARTESIAN_POINT('',(15.365061438629,59.1532566239526,200.));
#14098=CARTESIAN_POINT('Origin',(29.990061438629,65.2782566239526,200.));
#14099=CARTESIAN_POINT('',(31.115061438629,64.1532566239526,200.));
#14100=CARTESIAN_POINT('',(31.115061438629,64.1532566239526,200.));
#14101=CARTESIAN_POINT('',(28.865061438629,66.4032566239526,200.));
#14102=CARTESIAN_POINT('',(23.740061438629,71.5282566239526,200.));
#14103=CARTESIAN_POINT('',(28.865061438629,66.4032566239526,200.));
#14104=CARTESIAN_POINT('Origin',(28.865061438629,64.1532566239526,200.));
#14105=CARTESIAN_POINT('',(32.4508478762559,64.1532566239526,200.));
#14106=CARTESIAN_POINT('',(32.4508478762559,64.1532566239526,200.));
#14107=CARTESIAN_POINT('',(12.865061438629,64.1532566239526,200.));
#14108=CARTESIAN_POINT('Origin',(9.99006143862897,65.2782566239526,200.));
#14109=CARTESIAN_POINT('',(11.115061438629,64.1532566239526,200.));
#14110=CARTESIAN_POINT('',(11.115061438629,64.1532566239526,200.));
#14111=CARTESIAN_POINT('',(8.86506143862897,66.4032566239526,200.));
#14112=CARTESIAN_POINT('',(8.74006143862897,66.5282566239526,200.));
#14113=CARTESIAN_POINT('',(8.86506143862897,66.4032566239526,200.));
#14114=CARTESIAN_POINT('Origin',(8.86506143862897,64.1532566239526,200.));
#14115=CARTESIAN_POINT('',(12.4508478762559,64.1532566239526,200.));
#14116=CARTESIAN_POINT('',(12.4508478762559,64.1532566239526,200.));
#14117=CARTESIAN_POINT('',(2.86506143862896,64.1532566239526,200.));
#14118=CARTESIAN_POINT('Origin',(-10.009938561371,65.2782566239526,200.));
#14119=CARTESIAN_POINT('',(-8.88493856137103,64.1532566239526,200.));
#14120=CARTESIAN_POINT('',(-8.88493856137103,64.1532566239526,200.));
#14121=CARTESIAN_POINT('',(-11.134938561371,66.4032566239526,200.));
#14122=CARTESIAN_POINT('',(-6.25993856137104,61.5282566239526,200.));
#14123=CARTESIAN_POINT('',(-11.134938561371,66.4032566239526,200.));
#14124=CARTESIAN_POINT('Origin',(-11.134938561371,64.1532566239526,200.));
#14125=CARTESIAN_POINT('',(-7.54915212374413,64.1532566239526,200.));
#14126=CARTESIAN_POINT('',(-7.54915212374413,64.1532566239526,200.));
#14127=CARTESIAN_POINT('',(-7.13493856137104,64.1532566239526,200.));
#14128=CARTESIAN_POINT('Origin',(-30.009938561371,65.2782566239526,200.));
#14129=CARTESIAN_POINT('',(-28.884938561371,64.1532566239526,200.));
#14130=CARTESIAN_POINT('',(-28.884938561371,64.1532566239526,200.));
#14131=CARTESIAN_POINT('',(-31.134938561371,66.4032566239526,200.));
#14132=CARTESIAN_POINT('',(-21.2599385613711,56.5282566239526,200.));
#14133=CARTESIAN_POINT('',(-31.134938561371,66.4032566239526,200.));
#14134=CARTESIAN_POINT('Origin',(-31.134938561371,64.1532566239526,200.));
#14135=CARTESIAN_POINT('',(-27.5491521237441,64.1532566239526,200.));
#14136=CARTESIAN_POINT('',(-27.5491521237441,64.1532566239526,200.));
#14137=CARTESIAN_POINT('',(-17.134938561371,64.1532566239526,200.));
#14138=CARTESIAN_POINT('Origin',(23.740061438629,65.2782566239526,200.));
#14139=CARTESIAN_POINT('',(24.865061438629,66.4032566239526,200.));
#14140=CARTESIAN_POINT('',(24.865061438629,66.4032566239526,200.));
#14141=CARTESIAN_POINT('',(22.615061438629,64.1532566239526,200.));
#14142=CARTESIAN_POINT('',(14.990061438629,56.5282566239526,200.));
#14143=CARTESIAN_POINT('',(22.615061438629,64.1532566239526,200.));
#14144=CARTESIAN_POINT('Origin',(24.865061438629,64.1532566239526,200.));
#14145=CARTESIAN_POINT('',(24.865061438629,67.1532566239526,200.));
#14146=CARTESIAN_POINT('',(24.865061438629,67.1532566239526,100.));
#14147=CARTESIAN_POINT('',(24.865061438629,60.6532566239526,200.));
#14148=CARTESIAN_POINT('Origin',(3.74006143862896,65.2782566239526,200.));
#14149=CARTESIAN_POINT('',(4.86506143862896,66.4032566239526,200.));
#14150=CARTESIAN_POINT('',(4.86506143862896,66.4032566239526,200.));
#14151=CARTESIAN_POINT('',(2.61506143862896,64.1532566239526,200.));
#14152=CARTESIAN_POINT('',(-0.00993856137104107,61.5282566239526,200.));
#14153=CARTESIAN_POINT('',(2.61506143862896,64.1532566239526,200.));
#14154=CARTESIAN_POINT('Origin',(4.86506143862896,64.1532566239526,200.));
#14155=CARTESIAN_POINT('',(4.86506143862896,67.1532566239526,200.));
#14156=CARTESIAN_POINT('',(4.86506143862896,67.1532566239526,100.));
#14157=CARTESIAN_POINT('',(4.86506143862896,60.6532566239526,200.));
#14158=CARTESIAN_POINT('Origin',(-16.259938561371,65.2782566239526,200.));
#14159=CARTESIAN_POINT('',(-15.134938561371,66.4032566239526,200.));
#14160=CARTESIAN_POINT('',(-15.134938561371,66.4032566239526,200.));
#14161=CARTESIAN_POINT('',(-17.384938561371,64.1532566239526,200.));
#14162=CARTESIAN_POINT('',(-15.009938561371,66.5282566239526,200.));
#14163=CARTESIAN_POINT('',(-17.384938561371,64.1532566239526,200.));
#14164=CARTESIAN_POINT('Origin',(-15.134938561371,64.1532566239526,200.));
#14165=CARTESIAN_POINT('',(-15.134938561371,67.1532566239526,200.));
#14166=CARTESIAN_POINT('',(-15.134938561371,67.1532566239526,100.));
#14167=CARTESIAN_POINT('',(-15.134938561371,60.6532566239526,200.));
#14168=CARTESIAN_POINT('Origin',(-36.259938561371,65.2782566239526,200.));
#14169=CARTESIAN_POINT('',(-35.134938561371,66.4032566239526,200.));
#14170=CARTESIAN_POINT('',(-35.134938561371,66.4032566239526,200.));
#14171=CARTESIAN_POINT('',(-37.384938561371,64.1532566239526,200.));
#14172=CARTESIAN_POINT('',(-30.009938561371,71.5282566239526,200.));
#14173=CARTESIAN_POINT('',(-37.384938561371,64.1532566239526,200.));
#14174=CARTESIAN_POINT('Origin',(-38.7207249989979,64.1532566239526,200.));
#14175=CARTESIAN_POINT('',(-38.7207249989979,64.1532566239526,200.));
#14176=CARTESIAN_POINT('',(-20.9278317801845,64.1532566239526,200.));
#14177=CARTESIAN_POINT('',(-38.7207249989979,64.1532566239526,200.));
#14178=CARTESIAN_POINT('Origin',(-13.134938561371,57.1532566239526,200.));
#14179=CARTESIAN_POINT('',(-16.134938561371,57.1532566239526,200.));
#14180=CARTESIAN_POINT('Origin',(-13.134938561371,57.1532566239526,200.));
#14181=CARTESIAN_POINT('',(-16.134938561371,57.1532566239526,200.));
#14182=CARTESIAN_POINT('Origin',(6.86506143862896,57.1532566239526,200.));
#14183=CARTESIAN_POINT('',(3.86506143862896,57.1532566239526,200.));
#14184=CARTESIAN_POINT('Origin',(6.86506143862896,57.1532566239526,200.));
#14185=CARTESIAN_POINT('',(3.86506143862896,57.1532566239526,200.));
#14186=CARTESIAN_POINT('Origin',(-33.134938561371,57.1532566239526,200.));
#14187=CARTESIAN_POINT('',(-36.134938561371,57.1532566239526,200.));
#14188=CARTESIAN_POINT('Origin',(-33.134938561371,57.1532566239526,200.));
#14189=CARTESIAN_POINT('',(-36.134938561371,57.1532566239526,200.));
#14190=CARTESIAN_POINT('Origin',(26.865061438629,57.1532566239526,200.));
#14191=CARTESIAN_POINT('',(23.865061438629,57.1532566239526,200.));
#14192=CARTESIAN_POINT('Origin',(26.865061438629,57.1532566239526,200.));
#14193=CARTESIAN_POINT('',(23.865061438629,57.1532566239526,200.));
#14194=CARTESIAN_POINT('Origin',(-9.54915212374413,62.1532566239526,200.));
#14195=CARTESIAN_POINT('',(-16.7207249989979,62.1532566239526,200.));
#14196=CARTESIAN_POINT('',(-16.7207249989979,62.1532566239526,200.));
#14197=CARTESIAN_POINT('',(-9.54915212374413,62.1532566239526,200.));
#14198=CARTESIAN_POINT('',(-6.34204534255758,62.1532566239526,200.));
#14199=CARTESIAN_POINT('',(-9.54915212374413,62.1532566239526,200.));
#14200=CARTESIAN_POINT('Origin',(-7.54915212374413,64.1532566239526,200.));
#14201=CARTESIAN_POINT('',(-8.19559873315086,63.5068100145459,200.));
#14202=CARTESIAN_POINT('Origin',(-11.134938561371,67.1532566239526,200.));
#14203=CARTESIAN_POINT('',(-11.134938561371,67.1532566239526,200.));
#14204=CARTESIAN_POINT('',(-11.134938561371,62.1532566239526,200.));
#14205=CARTESIAN_POINT('',(-11.134938561371,67.1532566239526,100.));
#14206=CARTESIAN_POINT('Origin',(-18.7207249989979,64.1532566239526,200.));
#14207=CARTESIAN_POINT('',(-18.7207249989979,64.1532566239526,200.));
#14208=CARTESIAN_POINT('',(-10.9278317801845,64.1532566239526,200.));
#14209=CARTESIAN_POINT('',(-18.7207249989979,64.1532566239526,200.));
#14210=CARTESIAN_POINT('Origin',(-16.7207249989979,62.1532566239526,200.));
#14211=CARTESIAN_POINT('',(-12.0742783895912,57.5068100145459,200.));
#14212=CARTESIAN_POINT('Origin',(-26.134938561371,62.7390430405061,200.));
#14213=CARTESIAN_POINT('',(-26.134938561371,59.1532566239526,200.));
#14214=CARTESIAN_POINT('',(-26.134938561371,59.1532566239526,200.));
#14215=CARTESIAN_POINT('',(-26.134938561371,62.7390430405061,200.));
#14216=CARTESIAN_POINT('',(-26.134938561371,59.9461498322293,200.));
#14217=CARTESIAN_POINT('',(-26.134938561371,62.7390430405061,200.));
#14218=CARTESIAN_POINT('Origin',(-28.134938561371,60.7390430405061,200.));
#14219=CARTESIAN_POINT('',(-28.134938561371,60.7390430405061,200.));
#14220=CARTESIAN_POINT('',(-22.7813851655094,66.0925964363677,200.));
#14221=CARTESIAN_POINT('',(-28.134938561371,60.7390430405061,200.));
#14222=CARTESIAN_POINT('Origin',(-28.134938561371,53.5674702073991,200.));
#14223=CARTESIAN_POINT('',(-28.134938561371,53.5674702073991,200.));
#14224=CARTESIAN_POINT('',(-28.134938561371,55.3603634156758,200.));
#14225=CARTESIAN_POINT('',(-28.134938561371,53.5674702073991,200.));
#14226=CARTESIAN_POINT('Origin',(-26.134938561371,51.5674702073991,200.));
#14227=CARTESIAN_POINT('',(-26.134938561371,51.5674702073991,200.));
#14228=CARTESIAN_POINT('',(-21.7813851655094,47.2139168115375,200.));
#14229=CARTESIAN_POINT('',(-26.134938561371,51.5674702073991,200.));
#14230=CARTESIAN_POINT('Origin',(-26.134938561371,55.1532566239526,200.));
#14231=CARTESIAN_POINT('',(-26.134938561371,55.1532566239526,200.));
#14232=CARTESIAN_POINT('',(-26.134938561371,56.1532566239526,200.));
#14233=CARTESIAN_POINT('',(-26.134938561371,55.1532566239526,200.));
#14234=CARTESIAN_POINT('Origin',(-20.134938561371,55.1532566239526,200.));
#14235=CARTESIAN_POINT('',(-20.134938561371,55.1532566239526,200.));
#14236=CARTESIAN_POINT('',(-11.634938561371,55.1532566239526,200.));
#14237=CARTESIAN_POINT('',(-20.134938561371,55.1532566239526,200.));
#14238=CARTESIAN_POINT('Origin',(-20.134938561371,51.5674702073991,200.));
#14239=CARTESIAN_POINT('',(-20.134938561371,51.5674702073991,200.));
#14240=CARTESIAN_POINT('',(-20.134938561371,54.3603634156758,200.));
#14241=CARTESIAN_POINT('',(-20.134938561371,51.5674702073991,200.));
#14242=CARTESIAN_POINT('Origin',(-18.134938561371,53.5674702073991,200.));
#14243=CARTESIAN_POINT('',(-18.134938561371,53.5674702073991,200.));
#14244=CARTESIAN_POINT('',(-13.4884919572327,58.2139168115375,200.));
#14245=CARTESIAN_POINT('',(-18.134938561371,53.5674702073991,200.));
#14246=CARTESIAN_POINT('Origin',(-18.134938561371,60.7390430405061,200.));
#14247=CARTESIAN_POINT('',(-18.134938561371,60.7390430405061,200.));
#14248=CARTESIAN_POINT('',(-18.134938561371,58.9461498322293,200.));
#14249=CARTESIAN_POINT('',(-18.134938561371,60.7390430405061,200.));
#14250=CARTESIAN_POINT('Origin',(-20.134938561371,62.7390430405061,200.));
#14251=CARTESIAN_POINT('',(-20.134938561371,62.7390430405061,200.));
#14252=CARTESIAN_POINT('',(-14.4884919572327,57.0925964363677,200.));
#14253=CARTESIAN_POINT('',(-20.134938561371,62.7390430405061,200.));
#14254=CARTESIAN_POINT('Origin',(-20.134938561371,59.1532566239526,200.));
#14255=CARTESIAN_POINT('',(-20.134938561371,59.1532566239526,200.));
#14256=CARTESIAN_POINT('',(-20.134938561371,58.1532566239526,200.));
#14257=CARTESIAN_POINT('',(-20.134938561371,59.1532566239526,200.));
#14258=CARTESIAN_POINT('Origin',(-26.134938561371,59.1532566239526,200.));
#14259=CARTESIAN_POINT('',(-14.634938561371,59.1532566239526,200.));
#14260=CARTESIAN_POINT('Origin',(10.4508478762559,62.1532566239526,200.));
#14261=CARTESIAN_POINT('',(3.27927500100206,62.1532566239526,200.));
#14262=CARTESIAN_POINT('',(3.27927500100206,62.1532566239526,200.));
#14263=CARTESIAN_POINT('',(10.4508478762559,62.1532566239526,200.));
#14264=CARTESIAN_POINT('',(3.65795465744242,62.1532566239526,200.));
#14265=CARTESIAN_POINT('',(10.4508478762559,62.1532566239526,200.));
#14266=CARTESIAN_POINT('Origin',(12.4508478762559,64.1532566239526,200.));
#14267=CARTESIAN_POINT('',(6.80440126684914,58.5068100145459,200.));
#14268=CARTESIAN_POINT('Origin',(8.86506143862897,67.1532566239526,200.));
#14269=CARTESIAN_POINT('',(8.86506143862897,67.1532566239526,200.));
#14270=CARTESIAN_POINT('',(8.86506143862897,62.1532566239526,200.));
#14271=CARTESIAN_POINT('',(8.86506143862897,67.1532566239526,100.));
#14272=CARTESIAN_POINT('Origin',(1.27927500100205,64.1532566239526,200.));
#14273=CARTESIAN_POINT('',(1.27927500100205,64.1532566239526,200.));
#14274=CARTESIAN_POINT('',(-0.927831780184492,64.1532566239526,200.));
#14275=CARTESIAN_POINT('',(1.27927500100205,64.1532566239526,200.));
#14276=CARTESIAN_POINT('Origin',(3.27927500100206,62.1532566239526,200.));
#14277=CARTESIAN_POINT('',(2.92572161040878,62.5068100145459,200.));
#14278=CARTESIAN_POINT('Origin',(19.865061438629,51.5674702073991,200.));
#14279=CARTESIAN_POINT('',(19.865061438629,55.1532566239526,200.));
#14280=CARTESIAN_POINT('',(19.865061438629,55.1532566239526,200.));
#14281=CARTESIAN_POINT('',(19.865061438629,51.5674702073991,200.));
#14282=CARTESIAN_POINT('',(19.865061438629,54.3603634156758,200.));
#14283=CARTESIAN_POINT('',(19.865061438629,51.5674702073991,200.));
#14284=CARTESIAN_POINT('Origin',(21.865061438629,53.5674702073991,200.));
#14285=CARTESIAN_POINT('',(21.865061438629,53.5674702073991,200.));
#14286=CARTESIAN_POINT('',(16.5115080427673,48.2139168115375,200.));
#14287=CARTESIAN_POINT('',(21.865061438629,53.5674702073991,200.));
#14288=CARTESIAN_POINT('Origin',(21.865061438629,60.7390430405061,200.));
#14289=CARTESIAN_POINT('',(21.865061438629,60.7390430405061,200.));
#14290=CARTESIAN_POINT('',(21.865061438629,58.9461498322293,200.));
#14291=CARTESIAN_POINT('',(21.865061438629,60.7390430405061,200.));
#14292=CARTESIAN_POINT('Origin',(19.865061438629,62.7390430405061,200.));
#14293=CARTESIAN_POINT('',(19.865061438629,62.7390430405061,200.));
#14294=CARTESIAN_POINT('',(15.5115080427673,67.0925964363677,200.));
#14295=CARTESIAN_POINT('',(19.865061438629,62.7390430405061,200.));
#14296=CARTESIAN_POINT('Origin',(19.865061438629,59.1532566239526,200.));
#14297=CARTESIAN_POINT('',(19.865061438629,59.1532566239526,200.));
#14298=CARTESIAN_POINT('',(19.865061438629,58.1532566239526,200.));
#14299=CARTESIAN_POINT('',(19.865061438629,59.1532566239526,200.));
#14300=CARTESIAN_POINT('Origin',(13.865061438629,59.1532566239526,200.));
#14301=CARTESIAN_POINT('',(13.865061438629,59.1532566239526,200.));
#14302=CARTESIAN_POINT('',(5.36506143862896,59.1532566239526,200.));
#14303=CARTESIAN_POINT('',(13.865061438629,59.1532566239526,200.));
#14304=CARTESIAN_POINT('Origin',(13.865061438629,62.7390430405061,200.));
#14305=CARTESIAN_POINT('',(13.865061438629,62.7390430405061,200.));
#14306=CARTESIAN_POINT('',(13.865061438629,59.9461498322293,200.));
#14307=CARTESIAN_POINT('',(13.865061438629,62.7390430405061,200.));
#14308=CARTESIAN_POINT('Origin',(11.865061438629,60.7390430405061,200.));
#14309=CARTESIAN_POINT('',(11.865061438629,60.7390430405061,200.));
#14310=CARTESIAN_POINT('',(7.21861483449059,56.0925964363677,200.));
#14311=CARTESIAN_POINT('',(11.865061438629,60.7390430405061,200.));
#14312=CARTESIAN_POINT('Origin',(11.865061438629,53.5674702073991,200.));
#14313=CARTESIAN_POINT('',(11.865061438629,53.5674702073991,200.));
#14314=CARTESIAN_POINT('',(11.865061438629,55.3603634156758,200.));
#14315=CARTESIAN_POINT('',(11.865061438629,53.5674702073991,200.));
#14316=CARTESIAN_POINT('Origin',(13.865061438629,51.5674702073991,200.));
#14317=CARTESIAN_POINT('',(13.865061438629,51.5674702073991,200.));
#14318=CARTESIAN_POINT('',(8.21861483449059,57.2139168115375,200.));
#14319=CARTESIAN_POINT('',(13.865061438629,51.5674702073991,200.));
#14320=CARTESIAN_POINT('Origin',(13.865061438629,55.1532566239526,200.));
#14321=CARTESIAN_POINT('',(13.865061438629,55.1532566239526,200.));
#14322=CARTESIAN_POINT('',(13.865061438629,56.1532566239526,200.));
#14323=CARTESIAN_POINT('',(13.865061438629,55.1532566239526,200.));
#14324=CARTESIAN_POINT('Origin',(19.865061438629,55.1532566239526,200.));
#14325=CARTESIAN_POINT('',(8.36506143862896,55.1532566239526,200.));
#14326=CARTESIAN_POINT('Origin',(-16.7207249989979,52.1532566239526,200.));
#14327=CARTESIAN_POINT('',(-9.54915212374413,52.1532566239526,200.));
#14328=CARTESIAN_POINT('',(-9.54915212374413,52.1532566239526,200.));
#14329=CARTESIAN_POINT('',(-16.7207249989979,52.1532566239526,200.));
#14330=CARTESIAN_POINT('',(-9.92783178018449,52.1532566239526,200.));
#14331=CARTESIAN_POINT('',(-16.7207249989979,52.1532566239526,200.));
#14332=CARTESIAN_POINT('Origin',(-18.7207249989979,50.1532566239526,200.));
#14333=CARTESIAN_POINT('',(-13.0742783895912,55.7997032333593,200.));
#14334=CARTESIAN_POINT('Origin',(-15.134938561371,47.1532566239526,200.));
#14335=CARTESIAN_POINT('',(-15.134938561371,47.1532566239526,200.));
#14336=CARTESIAN_POINT('',(-15.134938561371,52.1532566239526,200.));
#14337=CARTESIAN_POINT('',(-15.134938561371,47.1532566239526,100.));
#14338=CARTESIAN_POINT('Origin',(-7.54915212374413,50.1532566239526,200.));
#14339=CARTESIAN_POINT('',(-7.54915212374413,50.1532566239526,200.));
#14340=CARTESIAN_POINT('',(-5.34204534255758,50.1532566239526,200.));
#14341=CARTESIAN_POINT('',(-7.54915212374413,50.1532566239526,200.));
#14342=CARTESIAN_POINT('Origin',(-9.54915212374413,52.1532566239526,200.));
#14343=CARTESIAN_POINT('',(-9.19559873315086,51.7997032333593,200.));
#14344=CARTESIAN_POINT('Origin',(-29.5491521237441,62.1532566239526,200.));
#14345=CARTESIAN_POINT('',(-36.7207249989979,62.1532566239526,200.));
#14346=CARTESIAN_POINT('',(-36.7207249989979,62.1532566239526,200.));
#14347=CARTESIAN_POINT('',(-29.5491521237441,62.1532566239526,200.));
#14348=CARTESIAN_POINT('',(-16.3420453425576,62.1532566239526,200.));
#14349=CARTESIAN_POINT('',(-29.5491521237441,62.1532566239526,200.));
#14350=CARTESIAN_POINT('Origin',(-27.5491521237441,64.1532566239526,200.));
#14351=CARTESIAN_POINT('',(-23.1955987331509,68.5068100145459,200.));
#14352=CARTESIAN_POINT('Origin',(-31.134938561371,67.1532566239526,200.));
#14353=CARTESIAN_POINT('',(-31.134938561371,67.1532566239526,200.));
#14354=CARTESIAN_POINT('',(-31.134938561371,62.1532566239526,200.));
#14355=CARTESIAN_POINT('',(-31.134938561371,67.1532566239526,100.));
#14356=CARTESIAN_POINT('Origin',(-35.134938561371,64.1532566239526,200.));
#14357=CARTESIAN_POINT('',(-35.134938561371,67.1532566239526,200.));
#14358=CARTESIAN_POINT('',(-35.134938561371,67.1532566239526,100.));
#14359=CARTESIAN_POINT('',(-35.134938561371,60.6532566239526,200.));
#14360=CARTESIAN_POINT('Origin',(-36.7207249989979,62.1532566239526,200.));
#14361=CARTESIAN_POINT('',(-27.0742783895912,52.5068100145459,200.));
#14362=CARTESIAN_POINT('Origin',(23.2792750010021,62.1532566239526,200.));
#14363=CARTESIAN_POINT('',(21.2792750010021,64.1532566239526,200.));
#14364=CARTESIAN_POINT('',(21.2792750010021,64.1532566239526,200.));
#14365=CARTESIAN_POINT('',(23.2792750010021,62.1532566239526,200.));
#14366=CARTESIAN_POINT('',(17.9257216104088,67.5068100145459,200.));
#14367=CARTESIAN_POINT('',(23.2792750010021,62.1532566239526,200.));
#14368=CARTESIAN_POINT('Origin',(30.4508478762559,62.1532566239526,200.));
#14369=CARTESIAN_POINT('',(30.4508478762559,62.1532566239526,200.));
#14370=CARTESIAN_POINT('',(13.6579546574424,62.1532566239526,200.));
#14371=CARTESIAN_POINT('',(30.4508478762559,62.1532566239526,200.));
#14372=CARTESIAN_POINT('Origin',(32.4508478762559,64.1532566239526,200.));
#14373=CARTESIAN_POINT('',(21.8044012668491,53.5068100145459,200.));
#14374=CARTESIAN_POINT('Origin',(28.865061438629,67.1532566239526,200.));
#14375=CARTESIAN_POINT('',(28.865061438629,67.1532566239526,200.));
#14376=CARTESIAN_POINT('',(28.865061438629,62.1532566239526,200.));
#14377=CARTESIAN_POINT('',(28.865061438629,67.1532566239526,100.));
#14378=CARTESIAN_POINT('Origin',(21.2792750010021,64.1532566239526,200.));
#14379=CARTESIAN_POINT('',(9.07216821981551,64.1532566239526,200.));
#14380=CARTESIAN_POINT('Origin',(-29.5491521237441,52.1532566239526,200.));
#14381=CARTESIAN_POINT('',(-27.5491521237441,50.1532566239526,200.));
#14382=CARTESIAN_POINT('',(-27.5491521237441,50.1532566239526,200.));
#14383=CARTESIAN_POINT('',(-29.5491521237441,52.1532566239526,200.));
#14384=CARTESIAN_POINT('',(-24.1955987331509,46.7997032333593,200.));
#14385=CARTESIAN_POINT('',(-29.5491521237441,52.1532566239526,200.));
#14386=CARTESIAN_POINT('Origin',(-36.7207249989979,52.1532566239526,200.));
#14387=CARTESIAN_POINT('',(-36.7207249989979,52.1532566239526,200.));
#14388=CARTESIAN_POINT('',(-19.9278317801845,52.1532566239526,200.));
#14389=CARTESIAN_POINT('',(-36.7207249989979,52.1532566239526,200.));
#14390=CARTESIAN_POINT('Origin',(-38.7207249989979,50.1532566239526,200.));
#14391=CARTESIAN_POINT('',(-28.0742783895912,60.7997032333593,200.));
#14392=CARTESIAN_POINT('Origin',(-35.134938561371,47.1532566239526,200.));
#14393=CARTESIAN_POINT('',(-35.134938561371,47.1532566239526,200.));
#14394=CARTESIAN_POINT('',(-35.134938561371,52.1532566239526,200.));
#14395=CARTESIAN_POINT('',(-35.134938561371,47.1532566239526,100.));
#14396=CARTESIAN_POINT('Origin',(-27.5491521237441,50.1532566239526,200.));
#14397=CARTESIAN_POINT('',(-15.3420453425576,50.1532566239526,200.));
#14398=CARTESIAN_POINT('Origin',(-0.134938561371039,51.5674702073991,200.));
#14399=CARTESIAN_POINT('',(-0.134938561371039,55.1532566239526,200.));
#14400=CARTESIAN_POINT('',(-0.134938561371039,55.1532566239526,200.));
#14401=CARTESIAN_POINT('',(-0.134938561371039,51.5674702073991,200.));
#14402=CARTESIAN_POINT('',(-0.134938561371039,54.3603634156758,200.));
#14403=CARTESIAN_POINT('',(-0.134938561371039,51.5674702073991,200.));
#14404=CARTESIAN_POINT('Origin',(1.86506143862896,53.5674702073991,200.));
#14405=CARTESIAN_POINT('',(1.86506143862896,53.5674702073991,200.));
#14406=CARTESIAN_POINT('',(1.51150804276734,53.2139168115375,200.));
#14407=CARTESIAN_POINT('',(1.86506143862896,53.5674702073991,200.));
#14408=CARTESIAN_POINT('Origin',(1.86506143862896,60.7390430405061,200.));
#14409=CARTESIAN_POINT('',(1.86506143862896,60.7390430405061,200.));
#14410=CARTESIAN_POINT('',(1.86506143862896,58.9461498322293,200.));
#14411=CARTESIAN_POINT('',(1.86506143862896,60.7390430405061,200.));
#14412=CARTESIAN_POINT('Origin',(-0.134938561371039,62.7390430405061,200.));
#14413=CARTESIAN_POINT('',(-0.134938561371039,62.7390430405061,200.));
#14414=CARTESIAN_POINT('',(0.511508042767335,62.0925964363677,200.));
#14415=CARTESIAN_POINT('',(-0.134938561371039,62.7390430405061,200.));
#14416=CARTESIAN_POINT('Origin',(-0.134938561371039,59.1532566239526,200.));
#14417=CARTESIAN_POINT('',(-0.134938561371039,59.1532566239526,200.));
#14418=CARTESIAN_POINT('',(-0.134938561371039,58.1532566239526,200.));
#14419=CARTESIAN_POINT('',(-0.134938561371039,59.1532566239526,200.));
#14420=CARTESIAN_POINT('Origin',(-6.13493856137103,59.1532566239526,200.));
#14421=CARTESIAN_POINT('',(-6.13493856137103,59.1532566239526,200.));
#14422=CARTESIAN_POINT('',(-4.63493856137104,59.1532566239526,200.));
#14423=CARTESIAN_POINT('',(-6.13493856137103,59.1532566239526,200.));
#14424=CARTESIAN_POINT('Origin',(-6.13493856137103,62.7390430405061,200.));
#14425=CARTESIAN_POINT('',(-6.13493856137103,62.7390430405061,200.));
#14426=CARTESIAN_POINT('',(-6.13493856137103,59.9461498322293,200.));
#14427=CARTESIAN_POINT('',(-6.13493856137103,62.7390430405061,200.));
#14428=CARTESIAN_POINT('Origin',(-8.13493856137104,60.7390430405061,200.));
#14429=CARTESIAN_POINT('',(-8.13493856137104,60.7390430405061,200.));
#14430=CARTESIAN_POINT('',(-7.78138516550941,61.0925964363677,200.));
#14431=CARTESIAN_POINT('',(-8.13493856137104,60.7390430405061,200.));
#14432=CARTESIAN_POINT('Origin',(-8.13493856137104,53.5674702073991,200.));
#14433=CARTESIAN_POINT('',(-8.13493856137104,53.5674702073991,200.));
#14434=CARTESIAN_POINT('',(-8.13493856137104,55.3603634156758,200.));
#14435=CARTESIAN_POINT('',(-8.13493856137104,53.5674702073991,200.));
#14436=CARTESIAN_POINT('Origin',(-6.13493856137103,51.5674702073991,200.));
#14437=CARTESIAN_POINT('',(-6.13493856137103,51.5674702073991,200.));
#14438=CARTESIAN_POINT('',(-6.78138516550941,52.2139168115375,200.));
#14439=CARTESIAN_POINT('',(-6.13493856137103,51.5674702073991,200.));
#14440=CARTESIAN_POINT('Origin',(-6.13493856137103,55.1532566239526,200.));
#14441=CARTESIAN_POINT('',(-6.13493856137103,55.1532566239526,200.));
#14442=CARTESIAN_POINT('',(-6.13493856137103,56.1532566239526,200.));
#14443=CARTESIAN_POINT('',(-6.13493856137103,55.1532566239526,200.));
#14444=CARTESIAN_POINT('Origin',(-0.134938561371039,55.1532566239526,200.));
#14445=CARTESIAN_POINT('',(-1.63493856137104,55.1532566239526,200.));
#14446=CARTESIAN_POINT('Origin',(23.2792750010021,52.1532566239526,200.));
#14447=CARTESIAN_POINT('',(30.4508478762559,52.1532566239526,200.));
#14448=CARTESIAN_POINT('',(30.4508478762559,52.1532566239526,200.));
#14449=CARTESIAN_POINT('',(23.2792750010021,52.1532566239526,200.));
#14450=CARTESIAN_POINT('',(10.0721682198155,52.1532566239526,200.));
#14451=CARTESIAN_POINT('',(23.2792750010021,52.1532566239526,200.));
#14452=CARTESIAN_POINT('Origin',(21.2792750010021,50.1532566239526,200.));
#14453=CARTESIAN_POINT('',(16.9257216104088,45.7997032333593,200.));
#14454=CARTESIAN_POINT('Origin',(24.865061438629,47.1532566239526,200.));
#14455=CARTESIAN_POINT('',(24.865061438629,47.1532566239526,200.));
#14456=CARTESIAN_POINT('',(24.865061438629,52.1532566239526,200.));
#14457=CARTESIAN_POINT('',(24.865061438629,47.1532566239526,100.));
#14458=CARTESIAN_POINT('Origin',(32.4508478762559,50.1532566239526,200.));
#14459=CARTESIAN_POINT('',(32.4508478762559,50.1532566239526,200.));
#14460=CARTESIAN_POINT('',(14.6579546574424,50.1532566239526,200.));
#14461=CARTESIAN_POINT('',(32.4508478762559,50.1532566239526,200.));
#14462=CARTESIAN_POINT('Origin',(30.4508478762559,52.1532566239526,200.));
#14463=CARTESIAN_POINT('',(20.8044012668491,61.7997032333593,200.));
#14464=CARTESIAN_POINT('Origin',(3.27927500100206,52.1532566239526,200.));
#14465=CARTESIAN_POINT('',(10.4508478762559,52.1532566239526,200.));
#14466=CARTESIAN_POINT('',(10.4508478762559,52.1532566239526,200.));
#14467=CARTESIAN_POINT('',(3.27927500100206,52.1532566239526,200.));
#14468=CARTESIAN_POINT('',(0.0721682198155094,52.1532566239526,200.));
#14469=CARTESIAN_POINT('',(3.27927500100206,52.1532566239526,200.));
#14470=CARTESIAN_POINT('Origin',(1.27927500100205,50.1532566239526,200.));
#14471=CARTESIAN_POINT('',(1.92572161040878,50.7997032333593,200.));
#14472=CARTESIAN_POINT('Origin',(4.86506143862896,47.1532566239526,200.));
#14473=CARTESIAN_POINT('',(4.86506143862896,47.1532566239526,200.));
#14474=CARTESIAN_POINT('',(4.86506143862896,52.1532566239526,200.));
#14475=CARTESIAN_POINT('',(4.86506143862896,47.1532566239526,100.));
#14476=CARTESIAN_POINT('Origin',(12.4508478762559,50.1532566239526,200.));
#14477=CARTESIAN_POINT('',(12.4508478762559,50.1532566239526,200.));
#14478=CARTESIAN_POINT('',(4.65795465744242,50.1532566239526,200.));
#14479=CARTESIAN_POINT('',(12.4508478762559,50.1532566239526,200.));
#14480=CARTESIAN_POINT('Origin',(10.4508478762559,52.1532566239526,200.));
#14481=CARTESIAN_POINT('',(5.80440126684914,56.7997032333593,200.));
#14482=CARTESIAN_POINT('Origin',(-40.134938561371,62.7390430405061,200.));
#14483=CARTESIAN_POINT('',(-38.134938561371,60.7390430405061,200.));
#14484=CARTESIAN_POINT('',(-38.134938561371,60.7390430405061,200.));
#14485=CARTESIAN_POINT('',(-29.4884919572327,52.0925964363677,200.));
#14486=CARTESIAN_POINT('Origin',(-43.134938561371,59.1532566239526,200.));
#14487=CARTESIAN_POINT('',(-43.134938561371,59.1532566239526,200.));
#14488=CARTESIAN_POINT('',(-23.134938561371,59.1532566239526,200.));
#14489=CARTESIAN_POINT('',(-43.134938561371,59.1532566239526,100.));
#14490=CARTESIAN_POINT('Origin',(-40.134938561371,51.5674702073991,200.));
#14491=CARTESIAN_POINT('',(-40.134938561371,51.5674702073991,200.));
#14492=CARTESIAN_POINT('',(-40.134938561371,54.3603634156758,200.));
#14493=CARTESIAN_POINT('',(-40.134938561371,51.5674702073991,200.));
#14494=CARTESIAN_POINT('Origin',(-38.134938561371,53.5674702073991,200.));
#14495=CARTESIAN_POINT('',(-38.134938561371,53.5674702073991,200.));
#14496=CARTESIAN_POINT('',(-28.4884919572327,63.2139168115375,200.));
#14497=CARTESIAN_POINT('',(-38.134938561371,53.5674702073991,200.));
#14498=CARTESIAN_POINT('Origin',(-38.134938561371,60.7390430405061,200.));
#14499=CARTESIAN_POINT('',(-38.134938561371,58.9461498322293,200.));
#14500=CARTESIAN_POINT('Origin',(33.865061438629,51.5674702073991,200.));
#14501=CARTESIAN_POINT('',(31.865061438629,53.5674702073991,200.));
#14502=CARTESIAN_POINT('',(31.865061438629,53.5674702073991,200.));
#14503=CARTESIAN_POINT('',(23.2186148344906,62.2139168115375,200.));
#14504=CARTESIAN_POINT('Origin',(36.865061438629,55.1532566239526,200.));
#14505=CARTESIAN_POINT('',(36.865061438629,55.1532566239526,200.));
#14506=CARTESIAN_POINT('',(16.865061438629,55.1532566239526,200.));
#14507=CARTESIAN_POINT('',(36.865061438629,55.1532566239526,100.));
#14508=CARTESIAN_POINT('Origin',(31.865061438629,60.7390430405061,200.));
#14509=CARTESIAN_POINT('',(33.865061438629,62.7390430405061,200.));
#14510=CARTESIAN_POINT('',(33.865061438629,62.7390430405061,200.));
#14511=CARTESIAN_POINT('',(31.865061438629,60.7390430405061,200.));
#14512=CARTESIAN_POINT('',(22.2186148344906,51.0925964363677,200.));
#14513=CARTESIAN_POINT('',(31.865061438629,60.7390430405061,200.));
#14514=CARTESIAN_POINT('Origin',(31.865061438629,53.5674702073991,200.));
#14515=CARTESIAN_POINT('',(31.865061438629,55.3603634156758,200.));
#14516=CARTESIAN_POINT('Origin',(33.865061438629,62.7390430405061,200.));
#14517=CARTESIAN_POINT('',(33.865061438629,59.9461498322293,200.));
#14518=CARTESIAN_POINT('Origin',(36.865061438629,67.1532566239526,0.));
#14519=CARTESIAN_POINT('',(-43.134938561371,67.1532566239526,200.));
#14520=CARTESIAN_POINT('',(-43.134938561371,67.1532566239526,0.));
#14521=CARTESIAN_POINT('',(-43.134938561371,67.1532566239526,200.));
#14522=CARTESIAN_POINT('Origin',(36.865061438629,67.1532566239526,0.));
#14523=CARTESIAN_POINT('',(36.865061438629,67.1532566239526,200.));
#14524=CARTESIAN_POINT('',(-43.134938561371,67.1532566239526,200.));
#14525=CARTESIAN_POINT('',(36.865061438629,67.1532566239526,0.));
#14526=CARTESIAN_POINT('Origin',(36.865061438629,67.1532566239526,0.));
#14527=CARTESIAN_POINT('',(-43.134938561371,67.1532566239526,200.));
#14528=CARTESIAN_POINT('Origin',(36.865061438629,67.1532566239526,0.));
#14529=CARTESIAN_POINT('',(-43.134938561371,67.1532566239526,200.));
#14530=CARTESIAN_POINT('Origin',(-43.134938561371,47.1532566239526,0.));
#14531=CARTESIAN_POINT('',(36.865061438629,47.1532566239526,200.));
#14532=CARTESIAN_POINT('',(36.865061438629,47.1532566239526,0.));
#14533=CARTESIAN_POINT('',(36.865061438629,47.1532566239526,200.));
#14534=CARTESIAN_POINT('Origin',(-43.134938561371,47.1532566239526,0.));
#14535=CARTESIAN_POINT('',(36.865061438629,47.1532566239526,200.));
#14536=CARTESIAN_POINT('Origin',(-43.134938561371,47.1532566239526,0.));
#14537=CARTESIAN_POINT('',(36.865061438629,47.1532566239526,200.));
#14538=CARTESIAN_POINT('Origin',(-43.134938561371,47.1532566239526,0.));
#14539=CARTESIAN_POINT('',(-43.134938561371,47.1532566239526,200.));
#14540=CARTESIAN_POINT('',(36.865061438629,47.1532566239526,200.));
#14541=CARTESIAN_POINT('',(-43.134938561371,47.1532566239526,0.));
#14542=CARTESIAN_POINT('Origin',(-43.134938561371,67.1532566239526,0.));
#14543=CARTESIAN_POINT('',(-43.134938561371,47.1532566239526,200.));
#14544=CARTESIAN_POINT('Origin',(36.865061438629,47.1532566239526,0.));
#14545=CARTESIAN_POINT('',(36.865061438629,67.1532566239526,200.));
#14546=CARTESIAN_POINT('Origin',(-3.13493856137104,57.1532566239526,200.));
#14547=CARTESIAN_POINT('',(36.865061438629,47.1532566239526,200.));
#14548=CARTESIAN_POINT('',(36.865061438629,67.1532566239526,200.));
#14549=CARTESIAN_POINT('',(-43.134938561371,67.1532566239526,200.));
#14550=CARTESIAN_POINT('',(-43.134938561371,47.1532566239526,200.));
#14551=CARTESIAN_POINT('Origin',(-43.134938561371,67.1532566239526,0.));
#14552=CARTESIAN_POINT('Origin',(36.865061438629,67.1532566239526,0.));
#14553=CARTESIAN_POINT('Origin',(36.865061438629,47.1532566239526,0.));
#14554=CARTESIAN_POINT('Origin',(-43.134938561371,47.1532566239526,0.));
#14555=CARTESIAN_POINT('',(0.,0.,0.));
#14556=CARTESIAN_POINT('Origin',(-50.,42.,5.));
#14557=CARTESIAN_POINT('',(-54.,42.,5.));
#14558=CARTESIAN_POINT('Origin',(-50.,42.,5.));
#14559=CARTESIAN_POINT('',(-54.,42.,1.));
#14560=CARTESIAN_POINT('',(-54.,42.,5.));
#14561=CARTESIAN_POINT('Origin',(-50.,42.,1.));
#14562=CARTESIAN_POINT('Origin',(-50.,42.,1.));
#14563=CARTESIAN_POINT('',(-53.,42.,1.));
#14564=CARTESIAN_POINT('Origin',(-50.,42.,1.));
#14565=CARTESIAN_POINT('Origin',(-30.,42.,5.));
#14566=CARTESIAN_POINT('',(-34.,42.,5.));
#14567=CARTESIAN_POINT('Origin',(-30.,42.,5.));
#14568=CARTESIAN_POINT('',(-34.,42.,1.));
#14569=CARTESIAN_POINT('',(-34.,42.,5.));
#14570=CARTESIAN_POINT('Origin',(-30.,42.,1.));
#14571=CARTESIAN_POINT('Origin',(-30.,42.,1.));
#14572=CARTESIAN_POINT('',(-33.,42.,1.));
#14573=CARTESIAN_POINT('Origin',(-30.,42.,1.));
#14574=CARTESIAN_POINT('Origin',(-70.,42.,5.));
#14575=CARTESIAN_POINT('',(-74.,42.,5.));
#14576=CARTESIAN_POINT('Origin',(-70.,42.,5.));
#14577=CARTESIAN_POINT('',(-74.,42.,1.));
#14578=CARTESIAN_POINT('',(-74.,42.,5.));
#14579=CARTESIAN_POINT('Origin',(-70.,42.,1.));
#14580=CARTESIAN_POINT('Origin',(-70.,42.,1.));
#14581=CARTESIAN_POINT('',(-73.,42.,1.));
#14582=CARTESIAN_POINT('Origin',(-70.,42.,1.));
#14583=CARTESIAN_POINT('Origin',(-10.,42.,5.));
#14584=CARTESIAN_POINT('',(-14.,42.,5.));
#14585=CARTESIAN_POINT('Origin',(-10.,42.,5.));
#14586=CARTESIAN_POINT('',(-14.,42.,1.));
#14587=CARTESIAN_POINT('',(-14.,42.,5.));
#14588=CARTESIAN_POINT('Origin',(-10.,42.,1.));
#14589=CARTESIAN_POINT('Origin',(-10.,42.,1.));
#14590=CARTESIAN_POINT('',(-13.,42.,1.));
#14591=CARTESIAN_POINT('Origin',(-10.,42.,1.));
#14592=CARTESIAN_POINT('Origin',(-10.,72.,-5.));
#14593=CARTESIAN_POINT('',(-6.,72.,-5.));
#14594=CARTESIAN_POINT('Origin',(-10.,72.,-5.));
#14595=CARTESIAN_POINT('',(-6.,72.,-1.));
#14596=CARTESIAN_POINT('',(-6.,72.,-5.));
#14597=CARTESIAN_POINT('Origin',(-10.,72.,-1.));
#14598=CARTESIAN_POINT('Origin',(-10.,72.,-1.));
#14599=CARTESIAN_POINT('Origin',(-70.,72.,-5.));
#14600=CARTESIAN_POINT('',(-66.,72.,-5.));
#14601=CARTESIAN_POINT('Origin',(-70.,72.,-5.));
#14602=CARTESIAN_POINT('',(-66.,72.,-1.));
#14603=CARTESIAN_POINT('',(-66.,72.,-5.));
#14604=CARTESIAN_POINT('Origin',(-70.,72.,-1.));
#14605=CARTESIAN_POINT('Origin',(-70.,72.,-1.));
#14606=CARTESIAN_POINT('Origin',(-50.,42.,5.));
#14607=CARTESIAN_POINT('',(-53.,42.,-5.));
#14608=CARTESIAN_POINT('',(-53.,42.,5.));
#14609=CARTESIAN_POINT('Origin',(-50.,42.,-5.));
#14610=CARTESIAN_POINT('Origin',(-30.,42.,5.));
#14611=CARTESIAN_POINT('',(-33.,42.,-5.));
#14612=CARTESIAN_POINT('',(-33.,42.,5.));
#14613=CARTESIAN_POINT('Origin',(-30.,42.,-5.));
#14614=CARTESIAN_POINT('Origin',(-70.,42.,5.));
#14615=CARTESIAN_POINT('',(-73.,42.,-5.));
#14616=CARTESIAN_POINT('',(-73.,42.,5.));
#14617=CARTESIAN_POINT('Origin',(-70.,42.,-5.));
#14618=CARTESIAN_POINT('Origin',(-10.,42.,5.));
#14619=CARTESIAN_POINT('',(-13.,42.,-5.));
#14620=CARTESIAN_POINT('',(-13.,42.,5.));
#14621=CARTESIAN_POINT('Origin',(-10.,42.,-5.));
#14622=CARTESIAN_POINT('Origin',(-40.,72.,5.));
#14623=CARTESIAN_POINT('',(-47.5,72.,5.));
#14624=CARTESIAN_POINT('Origin',(-40.,72.,5.));
#14625=CARTESIAN_POINT('',(-47.5,72.,-5.));
#14626=CARTESIAN_POINT('',(-47.5,72.,5.));
#14627=CARTESIAN_POINT('Origin',(-40.,72.,-5.));
#14628=CARTESIAN_POINT('Origin',(-40.,60.,-5.));
#14629=CARTESIAN_POINT('',(-80.,88.,-5.));
#14630=CARTESIAN_POINT('',(0.,88.,-5.));
#14631=CARTESIAN_POINT('',(-80.,88.,-5.));
#14632=CARTESIAN_POINT('',(0.,32.,-5.));
#14633=CARTESIAN_POINT('',(0.,88.,-5.));
#14634=CARTESIAN_POINT('',(-80.,32.,-5.));
#14635=CARTESIAN_POINT('',(0.,32.,-5.));
#14636=CARTESIAN_POINT('',(-80.,32.,-5.));
#14637=CARTESIAN_POINT('Origin',(0.,32.,0.));
#14638=CARTESIAN_POINT('',(0.,88.,5.));
#14639=CARTESIAN_POINT('',(0.,88.,0.));
#14640=CARTESIAN_POINT('',(0.,32.,5.));
#14641=CARTESIAN_POINT('',(0.,88.,5.));
#14642=CARTESIAN_POINT('',(0.,32.,0.));
#14643=CARTESIAN_POINT('Origin',(-80.,32.,0.));
#14644=CARTESIAN_POINT('',(-80.,32.,5.));
#14645=CARTESIAN_POINT('',(0.,32.,5.));
#14646=CARTESIAN_POINT('',(-80.,32.,0.));
#14647=CARTESIAN_POINT('Origin',(-80.,88.,0.));
#14648=CARTESIAN_POINT('',(-80.,88.,5.));
#14649=CARTESIAN_POINT('',(-80.,32.,5.));
#14650=CARTESIAN_POINT('',(-80.,88.,0.));
#14651=CARTESIAN_POINT('Origin',(0.,88.,0.));
#14652=CARTESIAN_POINT('',(-80.,88.,5.));
#14653=CARTESIAN_POINT('Origin',(-40.,60.,5.));
#14654=CARTESIAN_POINT('',(0.,0.,0.));
#14655=CARTESIAN_POINT('Origin',(23.5281483062023,25.4888273317192,-21.375));
#14656=CARTESIAN_POINT('',(25.2781483062023,25.4888273317192,-22.));
#14657=CARTESIAN_POINT('Origin',(23.5281483062023,25.4888273317192,-22.));
#14658=CARTESIAN_POINT('',(26.5281483062023,25.4888273317192,-20.75));
#14659=CARTESIAN_POINT('',(25.9031483062023,25.4888273317192,-21.375));
#14660=CARTESIAN_POINT('Origin',(23.5281483062023,25.4888273317192,-20.75));
#14661=CARTESIAN_POINT('Origin',(23.5281483062023,25.4888273317192,-2.));
#14662=CARTESIAN_POINT('',(26.5281483062023,25.4888273317192,-2.));
#14663=CARTESIAN_POINT('',(26.5281483062023,25.4888273317192,-2.));
#14664=CARTESIAN_POINT('Origin',(23.5281483062023,25.4888273317192,-2.));
#14665=CARTESIAN_POINT('Origin',(23.5281483062023,25.4888273317192,-22.));
#14666=CARTESIAN_POINT('Origin',(23.5281483062023,25.4888273317192,1.7));
#14667=CARTESIAN_POINT('',(19.8281483062023,25.4888273317192,2.));
#14668=CARTESIAN_POINT('Origin',(23.5281483062023,25.4888273317192,2.));
#14669=CARTESIAN_POINT('',(19.5281483062023,25.4888273317192,1.7));
#14670=CARTESIAN_POINT('Origin',(19.8281483062023,25.4888273317192,1.7));
#14671=CARTESIAN_POINT('Origin',(23.5281483062023,25.4888273317192,1.7));
#14672=CARTESIAN_POINT('Origin',(23.5281483062023,25.4888273317192,0.));
#14673=CARTESIAN_POINT('',(19.5281483062023,25.4888273317192,-2.));
#14674=CARTESIAN_POINT('',(19.5281483062023,25.4888273317192,0.));
#14675=CARTESIAN_POINT('Origin',(23.5281483062023,25.4888273317192,-2.));
#14676=CARTESIAN_POINT('Origin',(23.5281483062023,25.4888273317192,2.));
#14677=CARTESIAN_POINT('',(20.930072094849,26.9888273317192,2.));
#14678=CARTESIAN_POINT('',(23.5281483062023,28.4888273317192,2.));
#14679=CARTESIAN_POINT('',(21.5795911476873,27.3638273317192,2.));
#14680=CARTESIAN_POINT('',(26.1262245175556,26.9888273317192,2.));
#14681=CARTESIAN_POINT('',(24.1776673590407,28.1138273317192,2.));
#14682=CARTESIAN_POINT('',(26.1262245175556,23.9888273317192,2.));
#14683=CARTESIAN_POINT('',(26.1262245175556,26.2388273317192,2.));
#14684=CARTESIAN_POINT('',(23.5281483062023,22.4888273317192,2.));
#14685=CARTESIAN_POINT('',(25.4767054647173,23.6138273317192,2.));
#14686=CARTESIAN_POINT('',(20.930072094849,23.9888273317192,2.));
#14687=CARTESIAN_POINT('',(22.878629253364,22.8638273317192,2.));
#14688=CARTESIAN_POINT('',(20.930072094849,24.7388273317192,2.));
#14689=CARTESIAN_POINT('Origin',(20.930072094849,26.9888273317192,2.));
#14690=CARTESIAN_POINT('',(20.930072094849,26.9888273317192,-0.5));
#14691=CARTESIAN_POINT('',(20.930072094849,26.9888273317192,2.));
#14692=CARTESIAN_POINT('',(23.5281483062023,28.4888273317192,-0.5));
#14693=CARTESIAN_POINT('',(23.5281483062023,28.4888273317192,-0.5));
#14694=CARTESIAN_POINT('',(23.5281483062023,28.4888273317192,2.));
#14695=CARTESIAN_POINT('Origin',(20.930072094849,23.9888273317192,2.));
#14696=CARTESIAN_POINT('',(20.930072094849,23.9888273317192,-0.5));
#14697=CARTESIAN_POINT('',(20.930072094849,23.9888273317192,2.));
#14698=CARTESIAN_POINT('',(20.930072094849,26.9888273317192,-0.5));
#14699=CARTESIAN_POINT('Origin',(23.5281483062023,22.4888273317192,2.));
#14700=CARTESIAN_POINT('',(23.5281483062023,22.4888273317192,-0.5));
#14701=CARTESIAN_POINT('',(23.5281483062023,22.4888273317192,2.));
#14702=CARTESIAN_POINT('',(20.930072094849,23.9888273317192,-0.5));
#14703=CARTESIAN_POINT('Origin',(26.1262245175556,23.9888273317192,2.));
#14704=CARTESIAN_POINT('',(26.1262245175556,23.9888273317192,-0.5));
#14705=CARTESIAN_POINT('',(26.1262245175556,23.9888273317192,2.));
#14706=CARTESIAN_POINT('',(23.5281483062023,22.4888273317192,-0.5));
#14707=CARTESIAN_POINT('Origin',(26.1262245175556,26.9888273317192,2.));
#14708=CARTESIAN_POINT('',(26.1262245175556,26.9888273317192,-0.5));
#14709=CARTESIAN_POINT('',(26.1262245175556,26.9888273317192,2.));
#14710=CARTESIAN_POINT('',(26.1262245175556,23.9888273317192,-0.5));
#14711=CARTESIAN_POINT('Origin',(23.5281483062023,28.4888273317192,2.));
#14712=CARTESIAN_POINT('',(26.1262245175556,26.9888273317192,-0.5));
#14713=CARTESIAN_POINT('Origin',(23.5281483062023,25.4888273317192,-0.5));
#14714=CARTESIAN_POINT('Origin',(23.5281483062023,25.4888273317192,-2.));
#14715=CARTESIAN_POINT('',(0.,0.,0.));
#14716=CARTESIAN_POINT('Origin',(20.0969600115478,34.3118829465451,0.));
#14717=CARTESIAN_POINT('',(16.0969600115478,34.3118829465451,408.));
#14718=CARTESIAN_POINT('Origin',(20.0969600115478,34.3118829465451,408.));
#14719=CARTESIAN_POINT('',(16.0969600115478,34.3118829465451,0.));
#14720=CARTESIAN_POINT('',(16.0969600115478,34.3118829465451,0.));
#14721=CARTESIAN_POINT('Origin',(20.0969600115478,34.3118829465451,0.));
#14722=CARTESIAN_POINT('Origin',(20.0969600115478,34.3118829465451,408.));
#14723=CARTESIAN_POINT('Origin',(20.0969600115478,34.3118829465451,0.));
#14724=CARTESIAN_POINT('',(0.,0.,0.));
#14725=CARTESIAN_POINT('Origin',(9.8033951275843,37.4769834511085,-7.5));
#14726=CARTESIAN_POINT('',(89.8033951275843,37.4769834511085,-7.5));
#14727=CARTESIAN_POINT('',(9.8033951275843,37.4769834511085,-7.5));
#14728=CARTESIAN_POINT('',(29.8033951275843,37.4769834511085,-7.5));
#14729=CARTESIAN_POINT('',(89.8033951275843,37.4769834511085,-32.5));
#14730=CARTESIAN_POINT('',(89.8033951275843,37.4769834511085,-7.5));
#14731=CARTESIAN_POINT('',(9.8033951275843,37.4769834511085,-32.5));
#14732=CARTESIAN_POINT('',(89.8033951275843,37.4769834511085,-32.5));
#14733=CARTESIAN_POINT('',(9.8033951275843,37.4769834511085,-7.5));
#14734=CARTESIAN_POINT('Origin',(49.8033951275843,32.4769834511085,-32.5));
#14735=CARTESIAN_POINT('',(9.8033951275843,27.4769834511085,-32.5));
#14736=CARTESIAN_POINT('',(9.8033951275843,37.4769834511085,-32.5));
#14737=CARTESIAN_POINT('',(89.8033951275843,27.4769834511085,-32.5));
#14738=CARTESIAN_POINT('',(89.8033951275843,27.4769834511085,-32.5));
#14739=CARTESIAN_POINT('',(9.8033951275843,27.4769834511085,-32.5));
#14740=CARTESIAN_POINT('Origin',(49.8033951275843,45.4769834511085,-7.5));
#14741=CARTESIAN_POINT('',(9.8033951275843,63.4769834511085,-7.5));
#14742=CARTESIAN_POINT('',(9.8033951275843,27.4769834511085,-7.5));
#14743=CARTESIAN_POINT('',(89.8033951275843,63.4769834511085,-7.5));
#14744=CARTESIAN_POINT('',(9.8033951275843,63.4769834511085,-7.5));
#14745=CARTESIAN_POINT('',(89.8033951275843,63.4769834511085,-7.5));
#14746=CARTESIAN_POINT('',(15.8033951275843,47.4769834511085,-7.5));
#14747=CARTESIAN_POINT('Origin',(19.8033951275843,47.4769834511085,-7.5));
#14748=CARTESIAN_POINT('',(75.8033951275843,47.4769834511085,-7.5));
#14749=CARTESIAN_POINT('Origin',(79.8033951275843,47.4769834511085,-7.5));
#14750=CARTESIAN_POINT('',(42.3033951275843,47.4769834511085,-7.5));
#14751=CARTESIAN_POINT('Origin',(49.8033951275843,47.4769834511085,-7.5));
#14752=CARTESIAN_POINT('Origin',(19.8033951275843,47.4769834511085,0.));
#14753=CARTESIAN_POINT('',(15.8033951275843,47.4769834511085,7.5));
#14754=CARTESIAN_POINT('Origin',(19.8033951275843,47.4769834511085,7.5));
#14755=CARTESIAN_POINT('',(15.8033951275843,47.4769834511085,0.));
#14756=CARTESIAN_POINT('Origin',(79.8033951275843,47.4769834511085,0.));
#14757=CARTESIAN_POINT('',(75.8033951275843,47.4769834511085,7.5));
#14758=CARTESIAN_POINT('Origin',(79.8033951275843,47.4769834511085,7.5));
#14759=CARTESIAN_POINT('',(75.8033951275843,47.4769834511085,0.));
#14760=CARTESIAN_POINT('Origin',(49.8033951275843,47.4769834511085,0.));
#14761=CARTESIAN_POINT('',(42.3033951275843,47.4769834511085,7.5));
#14762=CARTESIAN_POINT('Origin',(49.8033951275843,47.4769834511085,7.5));
#14763=CARTESIAN_POINT('',(42.3033951275843,47.4769834511085,0.));
#14764=CARTESIAN_POINT('Origin',(9.8033951275843,63.4769834511085,0.));
#14765=CARTESIAN_POINT('',(9.8033951275843,27.4769834511085,7.5));
#14766=CARTESIAN_POINT('',(9.8033951275843,27.4769834511085,0.));
#14767=CARTESIAN_POINT('',(9.8033951275843,63.4769834511085,7.5));
#14768=CARTESIAN_POINT('',(9.8033951275843,27.4769834511085,7.5));
#14769=CARTESIAN_POINT('',(9.8033951275843,63.4769834511085,0.));
#14770=CARTESIAN_POINT('Origin',(89.8033951275843,63.4769834511085,0.));
#14771=CARTESIAN_POINT('',(89.8033951275843,63.4769834511085,7.5));
#14772=CARTESIAN_POINT('',(9.8033951275843,63.4769834511085,7.5));
#14773=CARTESIAN_POINT('',(89.8033951275843,63.4769834511085,0.));
#14774=CARTESIAN_POINT('Origin',(89.8033951275843,27.4769834511085,0.));
#14775=CARTESIAN_POINT('',(89.8033951275843,27.4769834511085,7.5));
#14776=CARTESIAN_POINT('',(89.8033951275843,63.4769834511085,7.5));
#14777=CARTESIAN_POINT('',(89.8033951275843,27.4769834511085,0.));
#14778=CARTESIAN_POINT('Origin',(9.8033951275843,27.4769834511085,0.));
#14779=CARTESIAN_POINT('',(89.8033951275843,27.4769834511085,7.5));
#14780=CARTESIAN_POINT('Origin',(49.8033951275843,45.4769834511085,7.5));
#14781=CARTESIAN_POINT('',(0.,0.,0.));
#14782=CARTESIAN_POINT('Origin',(53.,75.5,0.));
#14783=CARTESIAN_POINT('',(53.,68.,-5.51091059616308E-16));
#14784=CARTESIAN_POINT('Origin',(53.,72.5,0.));
#14785=CARTESIAN_POINT('',(53.,69.5,-3.67394039744207E-16));
#14786=CARTESIAN_POINT('Origin',(53.,72.5,0.));
#14787=CARTESIAN_POINT('Origin',(50.,72.5,0.));
#14788=CARTESIAN_POINT('',(47.,69.5,-3.67394039744207E-16));
#14789=CARTESIAN_POINT('',(50.,69.5,-3.67394039744207E-16));
#14790=CARTESIAN_POINT('Origin',(47.,72.5,0.));
#14791=CARTESIAN_POINT('Origin',(47.,77.,0.));
#14792=CARTESIAN_POINT('',(47.,68.,-5.51091059616308E-16));
#14793=CARTESIAN_POINT('Origin',(47.,72.5,0.));
#14794=CARTESIAN_POINT('Origin',(47.8504809471617,72.5,0.));
#14795=CARTESIAN_POINT('',(48.7009618943233,68.,-5.51091059616308E-16));
#14796=CARTESIAN_POINT('',(48.7009618943233,72.5,4.49999999999999));
#14797=CARTESIAN_POINT('Origin',(48.7009618943233,72.5,0.));
#14798=CARTESIAN_POINT('',(47.8504809471617,68.,-5.51091059616308E-16));
#14799=CARTESIAN_POINT('Origin',(48.7009618943233,72.5,0.));
#14800=CARTESIAN_POINT('Origin',(50.,72.5,0.));
#14801=CARTESIAN_POINT('',(51.2990381056767,72.5,4.49999999999999));
#14802=CARTESIAN_POINT('Origin',(50.,72.5,5.25));
#14803=CARTESIAN_POINT('',(51.2990381056767,68.,-5.51091059616308E-16));
#14804=CARTESIAN_POINT('Origin',(51.2990381056767,72.5,0.));
#14805=CARTESIAN_POINT('Origin',(51.2990381056767,72.5,0.));
#14806=CARTESIAN_POINT('Origin',(52.1495190528383,72.5,0.));
#14807=CARTESIAN_POINT('',(52.1495190528383,68.,-5.51091059616308E-16));
#14808=CARTESIAN_POINT('Origin',(50.,72.5,0.));
#14809=CARTESIAN_POINT('',(51.2990381056767,66.5,-7.34788079488414E-16));
#14810=CARTESIAN_POINT('',(51.2990381056767,72.5,6.00000000000001));
#14811=CARTESIAN_POINT('Origin',(51.2990381056767,72.5,0.));
#14812=CARTESIAN_POINT('',(48.7009618943233,72.5,6.00000000000001));
#14813=CARTESIAN_POINT('Origin',(50.,72.5,5.25));
#14814=CARTESIAN_POINT('',(48.7009618943233,66.5,-7.34788079488414E-16));
#14815=CARTESIAN_POINT('Origin',(48.7009618943233,72.5,0.));
#14816=CARTESIAN_POINT('Origin',(48.7009618943233,72.5,0.));
#14817=CARTESIAN_POINT('Origin',(51.2990381056767,72.5,0.));
#14818=CARTESIAN_POINT('Origin',(47.8504809471617,72.5,0.));
#14819=CARTESIAN_POINT('',(47.,66.5,-7.34788079488414E-16));
#14820=CARTESIAN_POINT('',(47.8504809471617,66.5,-7.34788079488414E-16));
#14821=CARTESIAN_POINT('Origin',(47.,72.5,0.));
#14822=CARTESIAN_POINT('Origin',(47.,80.,0.));
#14823=CARTESIAN_POINT('',(47.,65.,-9.18485099360515E-16));
#14824=CARTESIAN_POINT('Origin',(47.,72.5,0.));
#14825=CARTESIAN_POINT('Origin',(50.,72.5,0.));
#14826=CARTESIAN_POINT('',(53.,65.,-9.18485099360515E-16));
#14827=CARTESIAN_POINT('Origin',(53.,72.5,0.));
#14828=CARTESIAN_POINT('',(50.,65.,-9.18485099360515E-16));
#14829=CARTESIAN_POINT('Origin',(53.,78.5,0.));
#14830=CARTESIAN_POINT('',(53.,66.5,-7.34788079488414E-16));
#14831=CARTESIAN_POINT('Origin',(53.,72.5,0.));
#14832=CARTESIAN_POINT('Origin',(52.1495190528383,72.5,0.));
#14833=CARTESIAN_POINT('',(52.1495190528383,66.5,-7.34788079488414E-16));
#14834=CARTESIAN_POINT('Origin',(50.,77.75,0.));
#14835=CARTESIAN_POINT('',(50.,77.75,1.5));
#14836=CARTESIAN_POINT('',(50.,77.75,-1.5));
#14837=CARTESIAN_POINT('Origin',(50.,77.75,0.));
#14838=CARTESIAN_POINT('Origin',(50.,76.2123106012294,3.71231060122938));
#14839=CARTESIAN_POINT('',(50.,75.1516504294495,4.7729707730092));
#14840=CARTESIAN_POINT('',(50.,77.2729707730092,2.65165042944955));
#14841=CARTESIAN_POINT('Origin',(50.,76.2123106012294,3.71231060122938));
#14842=CARTESIAN_POINT('Origin',(50.,72.5,5.25));
#14843=CARTESIAN_POINT('',(50.,71.,5.25));
#14844=CARTESIAN_POINT('',(50.,74.,5.25));
#14845=CARTESIAN_POINT('Origin',(50.,72.5,5.25));
#14846=CARTESIAN_POINT('Origin',(50.,68.7876893987706,3.71231060122938));
#14847=CARTESIAN_POINT('',(50.,67.7270292269908,2.65165042944955));
#14848=CARTESIAN_POINT('',(50.,69.8483495705504,4.7729707730092));
#14849=CARTESIAN_POINT('Origin',(50.,68.7876893987706,3.71231060122938));
#14850=CARTESIAN_POINT('Origin',(50.,67.25,6.4293956955236E-16));
#14851=CARTESIAN_POINT('',(50.,67.25,-1.5));
#14852=CARTESIAN_POINT('',(50.,67.25,1.5));
#14853=CARTESIAN_POINT('Origin',(50.,67.25,6.4293956955236E-16));
#14854=CARTESIAN_POINT('Origin',(50.,68.7876893987706,-3.71231060122938));
#14855=CARTESIAN_POINT('',(50.,69.8483495705505,-4.7729707730092));
#14856=CARTESIAN_POINT('',(50.,67.7270292269908,-2.65165042944955));
#14857=CARTESIAN_POINT('Origin',(50.,68.7876893987706,-3.71231060122938));
#14858=CARTESIAN_POINT('Origin',(50.,72.5,-5.25));
#14859=CARTESIAN_POINT('',(50.,74.,-5.25));
#14860=CARTESIAN_POINT('',(50.,71.,-5.25));
#14861=CARTESIAN_POINT('Origin',(50.,72.5,-5.25));
#14862=CARTESIAN_POINT('Origin',(50.,76.2123106012294,-3.71231060122938));
#14863=CARTESIAN_POINT('',(50.,77.2729707730092,-2.65165042944955));
#14864=CARTESIAN_POINT('',(50.,75.1516504294495,-4.7729707730092));
#14865=CARTESIAN_POINT('Origin',(50.,76.2123106012294,-3.71231060122938));
#14866=CARTESIAN_POINT('Origin',(50.,77.75,0.));
#14867=CARTESIAN_POINT('',(50.5,77.3928571428572,1.90327322778204));
#14868=CARTESIAN_POINT('',(50.5,77.3928571428572,-1.90327322778204));
#14869=CARTESIAN_POINT('Ctrl Pts',(50.5,77.3928571428572,1.90327322778203));
#14870=CARTESIAN_POINT('Ctrl Pts',(50.5697061570166,77.3994958244778,1.88620677599125));
#14871=CARTESIAN_POINT('Ctrl Pts',(50.6387616746274,77.4074708779016,1.86544970230909));
#14872=CARTESIAN_POINT('Ctrl Pts',(50.9358460356802,77.447443163088,1.7587088248662));
#14873=CARTESIAN_POINT('Ctrl Pts',(51.1482047432697,77.4917829406477,1.63339919679072));
#14874=CARTESIAN_POINT('Ctrl Pts',(51.4740606738954,77.5737376282104,1.35584267963623));
#14875=CARTESIAN_POINT('Ctrl Pts',(51.6296320778949,77.6209727635795,1.17042040691142));
#14876=CARTESIAN_POINT('Ctrl Pts',(51.8146040933356,77.6819972027702,0.854425545347119));
#14877=CARTESIAN_POINT('Ctrl Pts',(51.8854019526546,77.7073897917768,0.689585244364653));
#14878=CARTESIAN_POINT('Ctrl Pts',(51.9780873394545,77.7414935182348,0.345227576276259));
#14879=CARTESIAN_POINT('Ctrl Pts',(52.,77.75,0.165696736609986));
#14880=CARTESIAN_POINT('Ctrl Pts',(52.,77.75,-0.165696736609986));
#14881=CARTESIAN_POINT('Ctrl Pts',(51.9780873394545,77.7414935182348,-0.345227576276259));
#14882=CARTESIAN_POINT('Ctrl Pts',(51.8854019526546,77.7073897917768,-0.689585244364653));
#14883=CARTESIAN_POINT('Ctrl Pts',(51.8146040933356,77.6819972027702,-0.854425545347119));
#14884=CARTESIAN_POINT('Ctrl Pts',(51.6296320778949,77.6209727635795,-1.17042040691142));
#14885=CARTESIAN_POINT('Ctrl Pts',(51.4740606738954,77.5737376282104,-1.35584267963623));
#14886=CARTESIAN_POINT('Ctrl Pts',(51.1482047432697,77.4917829406477,-1.63339919679072));
#14887=CARTESIAN_POINT('Ctrl Pts',(50.9358460356802,77.447443163088,-1.75870882486621));
#14888=CARTESIAN_POINT('Ctrl Pts',(50.6387616746274,77.4074708779016,-1.8654497023091));
#14889=CARTESIAN_POINT('Ctrl Pts',(50.5697061570166,77.3994958244778,-1.88620677599125));
#14890=CARTESIAN_POINT('Ctrl Pts',(50.5,77.3928571428572,-1.90327322778203));
#14891=CARTESIAN_POINT('',(50.5,77.1488095238095,1.84080689137614));
#14892=CARTESIAN_POINT('Origin',(50.5,77.75,0.));
#14893=CARTESIAN_POINT('',(50.5,77.1488095238095,-1.84080689137614));
#14894=CARTESIAN_POINT('Ctrl Pts',(50.5,77.1488095238095,-1.84080689137614));
#14895=CARTESIAN_POINT('Ctrl Pts',(50.6713942524035,77.1651327859432,-1.79958380772616));
#14896=CARTESIAN_POINT('Ctrl Pts',(50.8381301458148,77.1896275587808,-1.73643344854127));
#14897=CARTESIAN_POINT('Ctrl Pts',(51.1442071541938,77.2474987522152,-1.57123186211596));
#14898=CARTESIAN_POINT('Ctrl Pts',(51.2843853003557,77.2806788606447,-1.46973758801002));
#14899=CARTESIAN_POINT('Ctrl Pts',(51.5305563062079,77.3466495777446,-1.23480457547681));
#14900=CARTESIAN_POINT('Ctrl Pts',(51.6365514935113,77.3793824563132,-1.10135206876982));
#14901=CARTESIAN_POINT('Ctrl Pts',(51.8024830740014,77.4338049711423,-0.822555224476387));
#14902=CARTESIAN_POINT('Ctrl Pts',(51.8718321444342,77.4584942156704,-0.664127678425755));
#14903=CARTESIAN_POINT('Ctrl Pts',(51.9627433519161,77.4916947956254,-0.332736725337252));
#14904=CARTESIAN_POINT('Ctrl Pts',(51.9843134832984,77.5,-0.159754892411225));
#14905=CARTESIAN_POINT('Ctrl Pts',(51.9843134832984,77.5,0.159754892411225));
#14906=CARTESIAN_POINT('Ctrl Pts',(51.9627433519161,77.4916947956254,0.332736725337252));
#14907=CARTESIAN_POINT('Ctrl Pts',(51.8718321444342,77.4584942156704,0.664127678425755));
#14908=CARTESIAN_POINT('Ctrl Pts',(51.8024830740014,77.4338049711423,0.822555224476387));
#14909=CARTESIAN_POINT('Ctrl Pts',(51.6365514935113,77.3793824563131,1.10135206876982));
#14910=CARTESIAN_POINT('Ctrl Pts',(51.5305563062079,77.3466495777446,1.23480457547681));
#14911=CARTESIAN_POINT('Ctrl Pts',(51.2843853003556,77.2806788606447,1.46973758801002));
#14912=CARTESIAN_POINT('Ctrl Pts',(51.1442071541937,77.2474987522152,1.57123186211596));
#14913=CARTESIAN_POINT('Ctrl Pts',(50.8381301458147,77.1896275587808,1.73643344854127));
#14914=CARTESIAN_POINT('Ctrl Pts',(50.6713942524036,77.1651327859432,1.79958380772616));
#14915=CARTESIAN_POINT('Ctrl Pts',(50.5,77.1488095238095,1.84080689137614));
#14916=CARTESIAN_POINT('Origin',(50.5,77.75,0.));
#14917=CARTESIAN_POINT('Origin',(50.5,77.75,0.));
#14918=CARTESIAN_POINT('',(50.5,77.0888517744773,-1.98555770298332));
#14919=CARTESIAN_POINT('Origin',(50.5,72.5,0.));
#14920=CARTESIAN_POINT('',(50.5,77.3055898709068,-2.11395505927583));
#14921=CARTESIAN_POINT('Origin',(50.5,76.2123106012294,-3.71231060122938));
#14922=CARTESIAN_POINT('Origin',(50.5,72.5,0.));
#14923=CARTESIAN_POINT('Origin',(50.,76.2123106012294,-3.71231060122938));
#14924=CARTESIAN_POINT('',(50.5,74.6139550592758,-4.80558987090682));
#14925=CARTESIAN_POINT('Ctrl Pts',(50.5,77.3055898709068,-2.11395505927584));
#14926=CARTESIAN_POINT('Ctrl Pts',(50.5697061570166,77.2982163239068,-2.13071711985998));
#14927=CARTESIAN_POINT('Ctrl Pts',(50.6387616746274,77.2891780707049,-2.15103380177451));
#14928=CARTESIAN_POINT('Ctrl Pts',(50.9358460356802,77.2419655463501,-2.25477567395904));
#14929=CARTESIAN_POINT('Ctrl Pts',(51.1482047432697,77.1847112159787,-2.37473591910793));
#14930=CARTESIAN_POINT('Ctrl Pts',(51.4740606738954,77.0463998358618,-2.62894872987601));
#14931=CARTESIAN_POINT('Ctrl Pts',(51.6296320778949,76.9486867739649,-2.79346236083251));
#14932=CARTESIAN_POINT('Ctrl Pts',(51.8146040933356,76.7683954593025,-3.06005526503456));
#14933=CARTESIAN_POINT('Ctrl Pts',(51.8854019526546,76.6697910365434,-3.19457023155051));
#14934=CARTESIAN_POINT('Ctrl Pts',(51.9780873394545,76.4504083705267,-3.46218285005162));
#14935=CARTESIAN_POINT('Ctrl Pts',(52.,76.3294758873068,-3.59514531515198));
#14936=CARTESIAN_POINT('Ctrl Pts',(52.,76.095145315152,-3.82947588730678));
#14937=CARTESIAN_POINT('Ctrl Pts',(51.9780873394545,75.9621828500516,-3.95040837052668));
#14938=CARTESIAN_POINT('Ctrl Pts',(51.8854019526546,75.6945702315505,-4.16979103654337));
#14939=CARTESIAN_POINT('Ctrl Pts',(51.8146040933356,75.5600552650346,-4.26839545930249));
#14940=CARTESIAN_POINT('Ctrl Pts',(51.6296320778949,75.2934623608325,-4.44868677396487));
#14941=CARTESIAN_POINT('Ctrl Pts',(51.4740606738954,75.128948729876,-4.54639983586184));
#14942=CARTESIAN_POINT('Ctrl Pts',(51.1482047432697,74.8747359191079,-4.6847112159787));
#14943=CARTESIAN_POINT('Ctrl Pts',(50.9358460356802,74.754775673959,-4.74196554635008));
#14944=CARTESIAN_POINT('Ctrl Pts',(50.6387616746274,74.6510338017745,-4.78917807070489));
#14945=CARTESIAN_POINT('Ctrl Pts',(50.5697061570166,74.63071711986,-4.79821632390684));
#14946=CARTESIAN_POINT('Ctrl Pts',(50.5,74.6139550592758,-4.80558987090681));
#14947=CARTESIAN_POINT('',(50.5,74.4855577029833,-4.58885177447731));
#14948=CARTESIAN_POINT('Ctrl Pts',(50.5,74.4855577029833,-4.58885177447731));
#14949=CARTESIAN_POINT('Ctrl Pts',(50.6713942524036,74.5262491143195,-4.5712449418328));
#14950=CARTESIAN_POINT('Ctrl Pts',(50.8381301458148,74.5882235815105,-4.54391131459586));
#14951=CARTESIAN_POINT('Ctrl Pts',(51.1442071541938,74.7459598568474,-4.46801726588458));
#14952=CARTESIAN_POINT('Ctrl Pts',(51.2843853003557,74.8411890259904,-4.41971185608371));
#14953=CARTESIAN_POINT('Ctrl Pts',(51.5305563062079,75.0539600936983,-4.30023747121795));
#14954=CARTESIAN_POINT('Ctrl Pts',(51.6365514935113,75.1714709065607,-4.22901793916267));
#14955=CARTESIAN_POINT('Ctrl Pts',(51.8024830740014,75.407092575019,-4.0703613292743));
#14956=CARTESIAN_POINT('Ctrl Pts',(51.8718321444342,75.5365756993862,-3.97579406936331));
#14957=CARTESIAN_POINT('Ctrl Pts',(51.9627433519161,75.7943808447645,-3.76494163443608));
#14958=CARTESIAN_POINT('Ctrl Pts',(51.9843134832984,75.922570138181,-3.64849767368444));
#14959=CARTESIAN_POINT('Ctrl Pts',(51.9843134832984,76.1484976736844,-3.42257013818103));
#14960=CARTESIAN_POINT('Ctrl Pts',(51.9627433519161,76.2649416344361,-3.29438084476454));
#14961=CARTESIAN_POINT('Ctrl Pts',(51.8718321444342,76.4757940693633,-3.03657569938625));
#14962=CARTESIAN_POINT('Ctrl Pts',(51.8024830740014,76.5703613292743,-2.90709257501895));
#14963=CARTESIAN_POINT('Ctrl Pts',(51.6365514935113,76.7290179391627,-2.67147090656073));
#14964=CARTESIAN_POINT('Ctrl Pts',(51.5305563062079,76.800237471218,-2.55396009369829));
#14965=CARTESIAN_POINT('Ctrl Pts',(51.2843853003557,76.9197118560837,-2.34118902599042));
#14966=CARTESIAN_POINT('Ctrl Pts',(51.1442071541938,76.9680172658846,-2.24595985684745));
#14967=CARTESIAN_POINT('Ctrl Pts',(50.8381301458147,77.0439113145959,-2.08822358151052));
#14968=CARTESIAN_POINT('Ctrl Pts',(50.6713942524036,77.0712449418328,-2.02624911431945));
#14969=CARTESIAN_POINT('Ctrl Pts',(50.5,77.0888517744773,-1.98555770298332));
#14970=CARTESIAN_POINT('Origin',(50.5,76.2123106012294,-3.71231060122938));
#14971=CARTESIAN_POINT('Origin',(50.5,77.75,0.));
#14972=CARTESIAN_POINT('',(50.5,74.3408068913761,-4.64880952380953));
#14973=CARTESIAN_POINT('Origin',(50.5,72.5,0.));
#14974=CARTESIAN_POINT('',(50.5,74.403273227782,-4.89285714285715));
#14975=CARTESIAN_POINT('Origin',(50.5,72.5,-5.25));
#14976=CARTESIAN_POINT('Origin',(50.5,72.5,0.));
#14977=CARTESIAN_POINT('Origin',(50.,72.5,-5.25));
#14978=CARTESIAN_POINT('',(50.5,70.5967267722179,-4.89285714285714));
#14979=CARTESIAN_POINT('Ctrl Pts',(50.5,74.403273227782,-4.89285714285715));
#14980=CARTESIAN_POINT('Ctrl Pts',(50.5697061570166,74.3862067759912,-4.89949582447777));
#14981=CARTESIAN_POINT('Ctrl Pts',(50.6387616746274,74.3654497023091,-4.90747087790158));
#14982=CARTESIAN_POINT('Ctrl Pts',(50.9358460356802,74.2587088248662,-4.94744316308802));
#14983=CARTESIAN_POINT('Ctrl Pts',(51.1482047432697,74.1333991967907,-4.99178294064771));
#14984=CARTESIAN_POINT('Ctrl Pts',(51.4740606738954,73.8558426796362,-5.0737376282104));
#14985=CARTESIAN_POINT('Ctrl Pts',(51.6296320778949,73.6704204069114,-5.12097276357951));
#14986=CARTESIAN_POINT('Ctrl Pts',(51.8146040933356,73.3544255453471,-5.1819972027702));
#14987=CARTESIAN_POINT('Ctrl Pts',(51.8854019526546,73.1895852443647,-5.20738979177675));
#14988=CARTESIAN_POINT('Ctrl Pts',(51.9780873394545,72.8452275762763,-5.24149351823478));
#14989=CARTESIAN_POINT('Ctrl Pts',(52.,72.66569673661,-5.25));
#14990=CARTESIAN_POINT('Ctrl Pts',(52.,72.33430326339,-5.25));
#14991=CARTESIAN_POINT('Ctrl Pts',(51.9780873394545,72.1547724237237,-5.24149351823478));
#14992=CARTESIAN_POINT('Ctrl Pts',(51.8854019526546,71.8104147556353,-5.20738979177675));
#14993=CARTESIAN_POINT('Ctrl Pts',(51.8146040933356,71.6455744546529,-5.18199720277019));
#14994=CARTESIAN_POINT('Ctrl Pts',(51.6296320778949,71.3295795930886,-5.12097276357951));
#14995=CARTESIAN_POINT('Ctrl Pts',(51.4740606738954,71.1441573203638,-5.0737376282104));
#14996=CARTESIAN_POINT('Ctrl Pts',(51.1482047432697,70.8666008032093,-4.9917829406477));
#14997=CARTESIAN_POINT('Ctrl Pts',(50.9358460356802,70.7412911751338,-4.94744316308801));
#14998=CARTESIAN_POINT('Ctrl Pts',(50.6387616746274,70.6345502976909,-4.90747087790157));
#14999=CARTESIAN_POINT('Ctrl Pts',(50.5697061570165,70.6137932240087,-4.89949582447776));
#15000=CARTESIAN_POINT('Ctrl Pts',(50.5,70.5967267722179,-4.89285714285714));
#15001=CARTESIAN_POINT('',(50.5,70.6591931086239,-4.64880952380952));
#15002=CARTESIAN_POINT('Ctrl Pts',(50.5,70.6591931086239,-4.64880952380952));
#15003=CARTESIAN_POINT('Ctrl Pts',(50.6713942524036,70.7004161922738,-4.66513278594319));
#15004=CARTESIAN_POINT('Ctrl Pts',(50.8381301458148,70.7635665514587,-4.68962755878076));
#15005=CARTESIAN_POINT('Ctrl Pts',(51.1442071541938,70.928768137884,-4.74749875221517));
#15006=CARTESIAN_POINT('Ctrl Pts',(51.2843853003557,71.03026241199,-4.78067886064473));
#15007=CARTESIAN_POINT('Ctrl Pts',(51.5305563062079,71.2651954245232,-4.8466495777446));
#15008=CARTESIAN_POINT('Ctrl Pts',(51.6365514935113,71.3986479312302,-4.87938245631315));
#15009=CARTESIAN_POINT('Ctrl Pts',(51.8024830740014,71.6774447755236,-4.9338049711423));
#15010=CARTESIAN_POINT('Ctrl Pts',(51.8718321444342,71.8358723215742,-4.95849421567035));
#15011=CARTESIAN_POINT('Ctrl Pts',(51.9627433519161,72.1672632746627,-4.99169479562539));
#15012=CARTESIAN_POINT('Ctrl Pts',(51.9843134832984,72.3402451075888,-5.));
#15013=CARTESIAN_POINT('Ctrl Pts',(51.9843134832984,72.6597548924112,-5.));
#15014=CARTESIAN_POINT('Ctrl Pts',(51.9627433519161,72.8327367253372,-4.99169479562539));
#15015=CARTESIAN_POINT('Ctrl Pts',(51.8718321444342,73.1641276784257,-4.95849421567036));
#15016=CARTESIAN_POINT('Ctrl Pts',(51.8024830740014,73.3225552244764,-4.93380497114231));
#15017=CARTESIAN_POINT('Ctrl Pts',(51.6365514935113,73.6013520687698,-4.87938245631316));
#15018=CARTESIAN_POINT('Ctrl Pts',(51.5305563062079,73.7348045754768,-4.8466495777446));
#15019=CARTESIAN_POINT('Ctrl Pts',(51.2843853003557,73.96973758801,-4.78067886064474));
#15020=CARTESIAN_POINT('Ctrl Pts',(51.1442071541938,74.0712318621159,-4.74749875221517));
#15021=CARTESIAN_POINT('Ctrl Pts',(50.8381301458148,74.2364334485412,-4.68962755878076));
#15022=CARTESIAN_POINT('Ctrl Pts',(50.6713942524036,74.2995838077262,-4.6651327859432));
#15023=CARTESIAN_POINT('Ctrl Pts',(50.5,74.3408068913761,-4.64880952380953));
#15024=CARTESIAN_POINT('Origin',(50.5,72.5,-5.25));
#15025=CARTESIAN_POINT('Origin',(50.5,77.75,0.));
#15026=CARTESIAN_POINT('',(50.5,70.5144422970167,-4.58885177447732));
#15027=CARTESIAN_POINT('Origin',(50.5,72.5,0.));
#15028=CARTESIAN_POINT('',(50.5,70.3860449407242,-4.80558987090682));
#15029=CARTESIAN_POINT('Origin',(50.5,68.7876893987706,-3.71231060122938));
#15030=CARTESIAN_POINT('Origin',(50.5,72.5,0.));
#15031=CARTESIAN_POINT('Origin',(50.,68.7876893987706,-3.71231060122938));
#15032=CARTESIAN_POINT('',(50.5,67.6944101290932,-2.11395505927584));
#15033=CARTESIAN_POINT('Ctrl Pts',(50.5,70.3860449407242,-4.80558987090681));
#15034=CARTESIAN_POINT('Ctrl Pts',(50.5697061570166,70.36928288014,-4.79821632390684));
#15035=CARTESIAN_POINT('Ctrl Pts',(50.6387616746274,70.3489661982255,-4.78917807070489));
#15036=CARTESIAN_POINT('Ctrl Pts',(50.9358460356802,70.245224326041,-4.74196554635007));
#15037=CARTESIAN_POINT('Ctrl Pts',(51.1482047432697,70.1252640808921,-4.6847112159787));
#15038=CARTESIAN_POINT('Ctrl Pts',(51.4740606738954,69.871051270124,-4.54639983586184));
#15039=CARTESIAN_POINT('Ctrl Pts',(51.6296320778949,69.7065376391675,-4.44868677396487));
#15040=CARTESIAN_POINT('Ctrl Pts',(51.8146040933356,69.4399447349654,-4.26839545930249));
#15041=CARTESIAN_POINT('Ctrl Pts',(51.8854019526546,69.3054297684495,-4.16979103654336));
#15042=CARTESIAN_POINT('Ctrl Pts',(51.9780873394545,69.0378171499484,-3.95040837052668));
#15043=CARTESIAN_POINT('Ctrl Pts',(52.,68.904854684848,-3.82947588730678));
#15044=CARTESIAN_POINT('Ctrl Pts',(52.,68.6705241126932,-3.59514531515198));
#15045=CARTESIAN_POINT('Ctrl Pts',(51.9780873394545,68.5495916294733,-3.46218285005162));
#15046=CARTESIAN_POINT('Ctrl Pts',(51.8854019526546,68.3302089634566,-3.19457023155051));
#15047=CARTESIAN_POINT('Ctrl Pts',(51.8146040933356,68.2316045406975,-3.06005526503457));
#15048=CARTESIAN_POINT('Ctrl Pts',(51.6296320778949,68.0513132260351,-2.79346236083251));
#15049=CARTESIAN_POINT('Ctrl Pts',(51.4740606738954,67.9536001641382,-2.62894872987601));
#15050=CARTESIAN_POINT('Ctrl Pts',(51.1482047432697,67.8152887840213,-2.37473591910794));
#15051=CARTESIAN_POINT('Ctrl Pts',(50.9358460356802,67.7580344536499,-2.25477567395904));
#15052=CARTESIAN_POINT('Ctrl Pts',(50.6387616746274,67.7108219292951,-2.15103380177451));
#15053=CARTESIAN_POINT('Ctrl Pts',(50.5697061570166,67.7017836760932,-2.13071711985998));
#15054=CARTESIAN_POINT('Ctrl Pts',(50.5,67.6944101290932,-2.11395505927584));
#15055=CARTESIAN_POINT('',(50.5,67.9111482255227,-1.98555770298333));
#15056=CARTESIAN_POINT('Ctrl Pts',(50.5,67.9111482255227,-1.98555770298332));
#15057=CARTESIAN_POINT('Ctrl Pts',(50.6713942524036,67.9287550581672,-2.02624911431945));
#15058=CARTESIAN_POINT('Ctrl Pts',(50.8381301458147,67.9560886854041,-2.08822358151052));
#15059=CARTESIAN_POINT('Ctrl Pts',(51.1442071541938,68.0319827341154,-2.24595985684746));
#15060=CARTESIAN_POINT('Ctrl Pts',(51.2843853003557,68.0802881439163,-2.34118902599043));
#15061=CARTESIAN_POINT('Ctrl Pts',(51.5305563062079,68.199762528782,-2.5539600936983));
#15062=CARTESIAN_POINT('Ctrl Pts',(51.6365514935113,68.2709820608373,-2.67147090656074));
#15063=CARTESIAN_POINT('Ctrl Pts',(51.8024830740014,68.4296386707257,-2.90709257501895));
#15064=CARTESIAN_POINT('Ctrl Pts',(51.8718321444342,68.5242059306367,-3.03657569938625));
#15065=CARTESIAN_POINT('Ctrl Pts',(51.9627433519161,68.7350583655639,-3.29438084476454));
#15066=CARTESIAN_POINT('Ctrl Pts',(51.9843134832984,68.8515023263156,-3.42257013818104));
#15067=CARTESIAN_POINT('Ctrl Pts',(51.9843134832984,69.077429861819,-3.64849767368444));
#15068=CARTESIAN_POINT('Ctrl Pts',(51.9627433519161,69.2056191552355,-3.76494163443608));
#15069=CARTESIAN_POINT('Ctrl Pts',(51.8718321444342,69.4634243006138,-3.97579406936331));
#15070=CARTESIAN_POINT('Ctrl Pts',(51.8024830740014,69.592907424981,-4.0703613292743));
#15071=CARTESIAN_POINT('Ctrl Pts',(51.6365514935113,69.8285290934393,-4.22901793916268));
#15072=CARTESIAN_POINT('Ctrl Pts',(51.5305563062079,69.9460399063017,-4.30023747121795));
#15073=CARTESIAN_POINT('Ctrl Pts',(51.2843853003557,70.1588109740096,-4.41971185608372));
#15074=CARTESIAN_POINT('Ctrl Pts',(51.1442071541938,70.2540401431526,-4.46801726588458));
#15075=CARTESIAN_POINT('Ctrl Pts',(50.8381301458148,70.4117764184895,-4.54391131459586));
#15076=CARTESIAN_POINT('Ctrl Pts',(50.6713942524036,70.4737508856806,-4.5712449418328));
#15077=CARTESIAN_POINT('Ctrl Pts',(50.5,70.5144422970167,-4.58885177447732));
#15078=CARTESIAN_POINT('Origin',(50.5,68.7876893987706,-3.71231060122938));
#15079=CARTESIAN_POINT('Origin',(50.5,77.75,0.));
#15080=CARTESIAN_POINT('',(50.5,67.8511904761905,-1.84080689137614));
#15081=CARTESIAN_POINT('Origin',(50.5,72.5,0.));
#15082=CARTESIAN_POINT('',(50.5,67.6071428571428,-1.90327322778204));
#15083=CARTESIAN_POINT('Origin',(50.5,67.25,6.4293956955236E-16));
#15084=CARTESIAN_POINT('Origin',(50.5,72.5,0.));
#15085=CARTESIAN_POINT('Origin',(50.,67.25,6.4293956955236E-16));
#15086=CARTESIAN_POINT('',(52.,67.25,-6.42939569552361E-16));
#15087=CARTESIAN_POINT('Ctrl Pts',(50.5,67.6071428571428,-1.90327322778204));
#15088=CARTESIAN_POINT('Ctrl Pts',(50.5697061570166,67.6005041755222,-1.88620677599126));
#15089=CARTESIAN_POINT('Ctrl Pts',(50.6387616746274,67.5925291220984,-1.86544970230909));
#15090=CARTESIAN_POINT('Ctrl Pts',(50.9358460356802,67.552556836912,-1.7587088248662));
#15091=CARTESIAN_POINT('Ctrl Pts',(51.1482047432697,67.5082170593523,-1.63339919679072));
#15092=CARTESIAN_POINT('Ctrl Pts',(51.4740606738954,67.4262623717896,-1.35584267963623));
#15093=CARTESIAN_POINT('Ctrl Pts',(51.6296320778949,67.3790272364205,-1.17042040691142));
#15094=CARTESIAN_POINT('Ctrl Pts',(51.8146040933356,67.3180027972298,-0.85442554534712));
#15095=CARTESIAN_POINT('Ctrl Pts',(51.8854019526546,67.2926102082232,-0.689585244364653));
#15096=CARTESIAN_POINT('Ctrl Pts',(51.9780873394545,67.2585064817652,-0.345227576276254));
#15097=CARTESIAN_POINT('Ctrl Pts',(52.,67.25,-0.165696736609986));
#15098=CARTESIAN_POINT('Ctrl Pts',(52.,67.25,4.85722573273506E-16));
#15099=CARTESIAN_POINT('',(51.9843134832985,67.5,-6.12323399573677E-16));
#15100=CARTESIAN_POINT('Ctrl Pts',(51.9843134832984,67.5,-7.97972798949331E-16));
#15101=CARTESIAN_POINT('Ctrl Pts',(51.9843134832984,67.5,-0.159754892411225));
#15102=CARTESIAN_POINT('Ctrl Pts',(51.9627433519161,67.5083052043746,-0.332736725337252));
#15103=CARTESIAN_POINT('Ctrl Pts',(51.8718321444342,67.5415057843296,-0.664127678425754));
#15104=CARTESIAN_POINT('Ctrl Pts',(51.8024830740014,67.5661950288577,-0.822555224476386));
#15105=CARTESIAN_POINT('Ctrl Pts',(51.6365514935113,67.6206175436868,-1.10135206876982));
#15106=CARTESIAN_POINT('Ctrl Pts',(51.5305563062079,67.6533504222554,-1.23480457547681));
#15107=CARTESIAN_POINT('Ctrl Pts',(51.2843853003557,67.7193211393553,-1.46973758801002));
#15108=CARTESIAN_POINT('Ctrl Pts',(51.1442071541938,67.7525012477848,-1.57123186211596));
#15109=CARTESIAN_POINT('Ctrl Pts',(50.8381301458148,67.8103724412192,-1.73643344854127));
#15110=CARTESIAN_POINT('Ctrl Pts',(50.6713942524035,67.8348672140568,-1.79958380772616));
#15111=CARTESIAN_POINT('Ctrl Pts',(50.5,67.8511904761905,-1.84080689137614));
#15112=CARTESIAN_POINT('',(50.5,67.8511904761905,1.84080689137614));
#15113=CARTESIAN_POINT('Ctrl Pts',(50.5,67.8511904761905,1.84080689137614));
#15114=CARTESIAN_POINT('Ctrl Pts',(50.6713942524035,67.8348672140568,1.79958380772616));
#15115=CARTESIAN_POINT('Ctrl Pts',(50.8381301458147,67.8103724412192,1.73643344854127));
#15116=CARTESIAN_POINT('Ctrl Pts',(51.1442071541938,67.7525012477848,1.57123186211596));
#15117=CARTESIAN_POINT('Ctrl Pts',(51.2843853003557,67.7193211393553,1.46973758801002));
#15118=CARTESIAN_POINT('Ctrl Pts',(51.5305563062079,67.6533504222554,1.23480457547681));
#15119=CARTESIAN_POINT('Ctrl Pts',(51.6365514935113,67.6206175436868,1.10135206876982));
#15120=CARTESIAN_POINT('Ctrl Pts',(51.8024830740014,67.5661950288577,0.822555224476385));
#15121=CARTESIAN_POINT('Ctrl Pts',(51.8718321444342,67.5415057843296,0.664127678425753));
#15122=CARTESIAN_POINT('Ctrl Pts',(51.9627433519161,67.5083052043746,0.332736725337251));
#15123=CARTESIAN_POINT('Ctrl Pts',(51.9843134832984,67.5,0.159754892411224));
#15124=CARTESIAN_POINT('Ctrl Pts',(51.9843134832984,67.5,-4.5102810375397E-16));
#15125=CARTESIAN_POINT('',(50.5,67.6071428571428,1.90327322778204));
#15126=CARTESIAN_POINT('Origin',(50.5,67.25,6.4293956955236E-16));
#15127=CARTESIAN_POINT('Ctrl Pts',(52.,67.25,7.28583859910259E-16));
#15128=CARTESIAN_POINT('Ctrl Pts',(52.,67.25,0.165696736609987));
#15129=CARTESIAN_POINT('Ctrl Pts',(51.9780873394545,67.2585064817652,0.345227576276255));
#15130=CARTESIAN_POINT('Ctrl Pts',(51.8854019526546,67.2926102082232,0.689585244364655));
#15131=CARTESIAN_POINT('Ctrl Pts',(51.8146040933356,67.3180027972298,0.854425545347121));
#15132=CARTESIAN_POINT('Ctrl Pts',(51.6296320778949,67.3790272364205,1.17042040691142));
#15133=CARTESIAN_POINT('Ctrl Pts',(51.4740606738954,67.4262623717896,1.35584267963623));
#15134=CARTESIAN_POINT('Ctrl Pts',(51.1482047432697,67.5082170593523,1.63339919679073));
#15135=CARTESIAN_POINT('Ctrl Pts',(50.9358460356802,67.552556836912,1.75870882486621));
#15136=CARTESIAN_POINT('Ctrl Pts',(50.6387616746274,67.5925291220984,1.8654497023091));
#15137=CARTESIAN_POINT('Ctrl Pts',(50.5697061570166,67.6005041755222,1.88620677599125));
#15138=CARTESIAN_POINT('Ctrl Pts',(50.5,67.6071428571428,1.90327322778204));
#15139=CARTESIAN_POINT('Origin',(50.5,77.75,0.));
#15140=CARTESIAN_POINT('',(50.5,67.9111482255227,1.98555770298332));
#15141=CARTESIAN_POINT('Origin',(50.5,72.5,0.));
#15142=CARTESIAN_POINT('',(50.5,67.6944101290932,2.11395505927583));
#15143=CARTESIAN_POINT('Origin',(50.5,68.7876893987706,3.71231060122938));
#15144=CARTESIAN_POINT('Origin',(50.5,72.5,0.));
#15145=CARTESIAN_POINT('Origin',(50.,68.7876893987706,3.71231060122938));
#15146=CARTESIAN_POINT('',(50.5,70.3860449407242,4.80558987090681));
#15147=CARTESIAN_POINT('Ctrl Pts',(50.5,67.6944101290932,2.11395505927583));
#15148=CARTESIAN_POINT('Ctrl Pts',(50.5697061570165,67.7017836760932,2.13071711985997));
#15149=CARTESIAN_POINT('Ctrl Pts',(50.6387616746274,67.7108219292951,2.15103380177451));
#15150=CARTESIAN_POINT('Ctrl Pts',(50.9358460356802,67.7580344536499,2.25477567395903));
#15151=CARTESIAN_POINT('Ctrl Pts',(51.1482047432697,67.8152887840213,2.37473591910793));
#15152=CARTESIAN_POINT('Ctrl Pts',(51.4740606738954,67.9536001641382,2.628948729876));
#15153=CARTESIAN_POINT('Ctrl Pts',(51.6296320778949,68.0513132260351,2.7934623608325));
#15154=CARTESIAN_POINT('Ctrl Pts',(51.8146040933356,68.2316045406975,3.06005526503456));
#15155=CARTESIAN_POINT('Ctrl Pts',(51.8854019526546,68.3302089634566,3.19457023155051));
#15156=CARTESIAN_POINT('Ctrl Pts',(51.9780873394545,68.5495916294733,3.46218285005161));
#15157=CARTESIAN_POINT('Ctrl Pts',(52.,68.6705241126932,3.59514531515197));
#15158=CARTESIAN_POINT('Ctrl Pts',(52.,68.904854684848,3.82947588730678));
#15159=CARTESIAN_POINT('Ctrl Pts',(51.9780873394545,69.0378171499484,3.95040837052668));
#15160=CARTESIAN_POINT('Ctrl Pts',(51.8854019526546,69.3054297684495,4.16979103654336));
#15161=CARTESIAN_POINT('Ctrl Pts',(51.8146040933356,69.4399447349654,4.26839545930249));
#15162=CARTESIAN_POINT('Ctrl Pts',(51.6296320778949,69.7065376391675,4.44868677396487));
#15163=CARTESIAN_POINT('Ctrl Pts',(51.4740606738954,69.871051270124,4.54639983586184));
#15164=CARTESIAN_POINT('Ctrl Pts',(51.1482047432697,70.1252640808921,4.6847112159787));
#15165=CARTESIAN_POINT('Ctrl Pts',(50.9358460356802,70.245224326041,4.74196554635007));
#15166=CARTESIAN_POINT('Ctrl Pts',(50.6387616746274,70.3489661982255,4.78917807070489));
#15167=CARTESIAN_POINT('Ctrl Pts',(50.5697061570166,70.36928288014,4.79821632390683));
#15168=CARTESIAN_POINT('Ctrl Pts',(50.5,70.3860449407241,4.80558987090681));
#15169=CARTESIAN_POINT('',(50.5,70.5144422970167,4.58885177447731));
#15170=CARTESIAN_POINT('Ctrl Pts',(50.5,70.5144422970167,4.58885177447731));
#15171=CARTESIAN_POINT('Ctrl Pts',(50.6713942524035,70.4737508856805,4.5712449418328));
#15172=CARTESIAN_POINT('Ctrl Pts',(50.8381301458148,70.4117764184895,4.54391131459586));
#15173=CARTESIAN_POINT('Ctrl Pts',(51.1442071541938,70.2540401431526,4.46801726588458));
#15174=CARTESIAN_POINT('Ctrl Pts',(51.2843853003557,70.1588109740096,4.41971185608372));
#15175=CARTESIAN_POINT('Ctrl Pts',(51.5305563062079,69.9460399063017,4.30023747121795));
#15176=CARTESIAN_POINT('Ctrl Pts',(51.6365514935113,69.8285290934393,4.22901793916267));
#15177=CARTESIAN_POINT('Ctrl Pts',(51.8024830740014,69.592907424981,4.0703613292743));
#15178=CARTESIAN_POINT('Ctrl Pts',(51.8718321444342,69.4634243006138,3.9757940693633));
#15179=CARTESIAN_POINT('Ctrl Pts',(51.9627433519161,69.2056191552355,3.76494163443608));
#15180=CARTESIAN_POINT('Ctrl Pts',(51.9843134832984,69.077429861819,3.64849767368444));
#15181=CARTESIAN_POINT('Ctrl Pts',(51.9843134832984,68.8515023263156,3.42257013818103));
#15182=CARTESIAN_POINT('Ctrl Pts',(51.9627433519161,68.7350583655639,3.29438084476454));
#15183=CARTESIAN_POINT('Ctrl Pts',(51.8718321444342,68.5242059306367,3.03657569938625));
#15184=CARTESIAN_POINT('Ctrl Pts',(51.8024830740014,68.4296386707257,2.90709257501895));
#15185=CARTESIAN_POINT('Ctrl Pts',(51.6365514935113,68.2709820608373,2.67147090656073));
#15186=CARTESIAN_POINT('Ctrl Pts',(51.5305563062079,68.199762528782,2.55396009369829));
#15187=CARTESIAN_POINT('Ctrl Pts',(51.2843853003557,68.0802881439163,2.34118902599042));
#15188=CARTESIAN_POINT('Ctrl Pts',(51.1442071541938,68.0319827341154,2.24595985684745));
#15189=CARTESIAN_POINT('Ctrl Pts',(50.8381301458147,67.9560886854041,2.08822358151051));
#15190=CARTESIAN_POINT('Ctrl Pts',(50.6713942524035,67.9287550581672,2.02624911431944));
#15191=CARTESIAN_POINT('Ctrl Pts',(50.5,67.9111482255227,1.98555770298332));
#15192=CARTESIAN_POINT('Origin',(50.5,68.7876893987706,3.71231060122938));
#15193=CARTESIAN_POINT('Origin',(50.5,77.75,0.));
#15194=CARTESIAN_POINT('',(50.5,70.6591931086239,4.64880952380953));
#15195=CARTESIAN_POINT('Origin',(50.5,72.5,0.));
#15196=CARTESIAN_POINT('',(50.5,70.5967267722179,4.89285714285715));
#15197=CARTESIAN_POINT('Origin',(50.5,72.5,5.25));
#15198=CARTESIAN_POINT('Origin',(50.5,72.5,0.));
#15199=CARTESIAN_POINT('Origin',(50.,72.5,5.25));
#15200=CARTESIAN_POINT('',(50.5,74.3408068913761,4.64880952380952));
#15201=CARTESIAN_POINT('Ctrl Pts',(50.5,74.3408068913761,4.64880952380952));
#15202=CARTESIAN_POINT('Ctrl Pts',(50.6713942524035,74.2995838077262,4.66513278594319));
#15203=CARTESIAN_POINT('Ctrl Pts',(50.8381301458148,74.2364334485413,4.68962755878076));
#15204=CARTESIAN_POINT('Ctrl Pts',(51.1442071541938,74.071231862116,4.74749875221517));
#15205=CARTESIAN_POINT('Ctrl Pts',(51.2843853003557,73.96973758801,4.78067886064474));
#15206=CARTESIAN_POINT('Ctrl Pts',(51.5305563062079,73.7348045754768,4.8466495777446));
#15207=CARTESIAN_POINT('Ctrl Pts',(51.6365514935113,73.6013520687698,4.87938245631315));
#15208=CARTESIAN_POINT('Ctrl Pts',(51.8024830740014,73.3225552244764,4.9338049711423));
#15209=CARTESIAN_POINT('Ctrl Pts',(51.8718321444342,73.1641276784258,4.95849421567036));
#15210=CARTESIAN_POINT('Ctrl Pts',(51.9627433519161,72.8327367253373,4.99169479562539));
#15211=CARTESIAN_POINT('Ctrl Pts',(51.9843134832984,72.6597548924112,5.));
#15212=CARTESIAN_POINT('Ctrl Pts',(51.9843134832984,72.3402451075888,5.));
#15213=CARTESIAN_POINT('Ctrl Pts',(51.9627433519161,72.1672632746627,4.99169479562539));
#15214=CARTESIAN_POINT('Ctrl Pts',(51.8718321444342,71.8358723215742,4.95849421567035));
#15215=CARTESIAN_POINT('Ctrl Pts',(51.8024830740014,71.6774447755236,4.9338049711423));
#15216=CARTESIAN_POINT('Ctrl Pts',(51.6365514935113,71.3986479312302,4.87938245631315));
#15217=CARTESIAN_POINT('Ctrl Pts',(51.5305563062079,71.2651954245232,4.8466495777446));
#15218=CARTESIAN_POINT('Ctrl Pts',(51.2843853003557,71.03026241199,4.78067886064474));
#15219=CARTESIAN_POINT('Ctrl Pts',(51.1442071541938,70.928768137884,4.74749875221517));
#15220=CARTESIAN_POINT('Ctrl Pts',(50.8381301458147,70.7635665514587,4.68962755878076));
#15221=CARTESIAN_POINT('Ctrl Pts',(50.6713942524035,70.7004161922738,4.66513278594319));
#15222=CARTESIAN_POINT('Ctrl Pts',(50.5,70.6591931086239,4.64880952380952));
#15223=CARTESIAN_POINT('',(50.5,74.403273227782,4.89285714285715));
#15224=CARTESIAN_POINT('Origin',(50.5,72.5,5.25));
#15225=CARTESIAN_POINT('Ctrl Pts',(50.5,70.596726772218,4.89285714285715));
#15226=CARTESIAN_POINT('Ctrl Pts',(50.5697061570165,70.6137932240088,4.89949582447777));
#15227=CARTESIAN_POINT('Ctrl Pts',(50.6387616746274,70.6345502976909,4.90747087790157));
#15228=CARTESIAN_POINT('Ctrl Pts',(50.9358460356802,70.7412911751338,4.94744316308802));
#15229=CARTESIAN_POINT('Ctrl Pts',(51.1482047432697,70.8666008032093,4.99178294064771));
#15230=CARTESIAN_POINT('Ctrl Pts',(51.4740606738954,71.1441573203638,5.0737376282104));
#15231=CARTESIAN_POINT('Ctrl Pts',(51.6296320778949,71.3295795930886,5.12097276357951));
#15232=CARTESIAN_POINT('Ctrl Pts',(51.8146040933356,71.6455744546529,5.1819972027702));
#15233=CARTESIAN_POINT('Ctrl Pts',(51.8854019526546,71.8104147556353,5.20738979177675));
#15234=CARTESIAN_POINT('Ctrl Pts',(51.9780873394545,72.1547724237237,5.24149351823478));
#15235=CARTESIAN_POINT('Ctrl Pts',(52.,72.33430326339,5.25));
#15236=CARTESIAN_POINT('Ctrl Pts',(52.,72.66569673661,5.25));
#15237=CARTESIAN_POINT('Ctrl Pts',(51.9780873394545,72.8452275762763,5.24149351823478));
#15238=CARTESIAN_POINT('Ctrl Pts',(51.8854019526546,73.1895852443647,5.20738979177675));
#15239=CARTESIAN_POINT('Ctrl Pts',(51.8146040933356,73.3544255453471,5.18199720277019));
#15240=CARTESIAN_POINT('Ctrl Pts',(51.6296320778949,73.6704204069114,5.12097276357951));
#15241=CARTESIAN_POINT('Ctrl Pts',(51.4740606738954,73.8558426796362,5.0737376282104));
#15242=CARTESIAN_POINT('Ctrl Pts',(51.1482047432697,74.1333991967907,4.9917829406477));
#15243=CARTESIAN_POINT('Ctrl Pts',(50.9358460356802,74.2587088248662,4.94744316308801));
#15244=CARTESIAN_POINT('Ctrl Pts',(50.6387616746274,74.3654497023091,4.90747087790157));
#15245=CARTESIAN_POINT('Ctrl Pts',(50.5697061570165,74.3862067759913,4.89949582447777));
#15246=CARTESIAN_POINT('Ctrl Pts',(50.5,74.4032732277821,4.89285714285714));
#15247=CARTESIAN_POINT('Origin',(50.5,77.75,0.));
#15248=CARTESIAN_POINT('',(50.5,77.3055898709068,2.11395505927583));
#15249=CARTESIAN_POINT('Origin',(50.5,72.5,0.));
#15250=CARTESIAN_POINT('',(50.5,77.0888517744773,1.98555770298332));
#15251=CARTESIAN_POINT('Origin',(50.5,76.2123106012294,3.71231060122938));
#15252=CARTESIAN_POINT('Origin',(50.5,72.5,0.));
#15253=CARTESIAN_POINT('Origin',(50.,76.2123106012294,3.71231060122938));
#15254=CARTESIAN_POINT('',(50.5,74.4855577029833,4.58885177447731));
#15255=CARTESIAN_POINT('Ctrl Pts',(50.5,77.0888517744773,1.98555770298332));
#15256=CARTESIAN_POINT('Ctrl Pts',(50.6713942524036,77.0712449418328,2.02624911431945));
#15257=CARTESIAN_POINT('Ctrl Pts',(50.8381301458148,77.0439113145959,2.08822358151052));
#15258=CARTESIAN_POINT('Ctrl Pts',(51.1442071541938,76.9680172658846,2.24595985684746));
#15259=CARTESIAN_POINT('Ctrl Pts',(51.2843853003557,76.9197118560837,2.34118902599042));
#15260=CARTESIAN_POINT('Ctrl Pts',(51.5305563062079,76.800237471218,2.5539600936983));
#15261=CARTESIAN_POINT('Ctrl Pts',(51.6365514935113,76.7290179391627,2.67147090656073));
#15262=CARTESIAN_POINT('Ctrl Pts',(51.8024830740014,76.5703613292743,2.90709257501895));
#15263=CARTESIAN_POINT('Ctrl Pts',(51.8718321444342,76.4757940693633,3.03657569938625));
#15264=CARTESIAN_POINT('Ctrl Pts',(51.9627433519161,76.2649416344361,3.29438084476454));
#15265=CARTESIAN_POINT('Ctrl Pts',(51.9843134832984,76.1484976736844,3.42257013818103));
#15266=CARTESIAN_POINT('Ctrl Pts',(51.9843134832984,75.922570138181,3.64849767368444));
#15267=CARTESIAN_POINT('Ctrl Pts',(51.9627433519161,75.7943808447645,3.76494163443609));
#15268=CARTESIAN_POINT('Ctrl Pts',(51.8718321444342,75.5365756993862,3.97579406936331));
#15269=CARTESIAN_POINT('Ctrl Pts',(51.8024830740014,75.407092575019,4.0703613292743));
#15270=CARTESIAN_POINT('Ctrl Pts',(51.6365514935113,75.1714709065607,4.22901793916268));
#15271=CARTESIAN_POINT('Ctrl Pts',(51.5305563062079,75.0539600936983,4.30023747121795));
#15272=CARTESIAN_POINT('Ctrl Pts',(51.2843853003556,74.8411890259904,4.41971185608372));
#15273=CARTESIAN_POINT('Ctrl Pts',(51.1442071541937,74.7459598568474,4.46801726588458));
#15274=CARTESIAN_POINT('Ctrl Pts',(50.8381301458147,74.5882235815105,4.54391131459586));
#15275=CARTESIAN_POINT('Ctrl Pts',(50.6713942524035,74.5262491143195,4.5712449418328));
#15276=CARTESIAN_POINT('Ctrl Pts',(50.5,74.4855577029833,4.58885177447732));
#15277=CARTESIAN_POINT('',(50.5,74.6139550592758,4.80558987090682));
#15278=CARTESIAN_POINT('Ctrl Pts',(50.5,74.6139550592758,4.80558987090681));
#15279=CARTESIAN_POINT('Ctrl Pts',(50.5697061570166,74.63071711986,4.79821632390684));
#15280=CARTESIAN_POINT('Ctrl Pts',(50.6387616746274,74.6510338017745,4.78917807070489));
#15281=CARTESIAN_POINT('Ctrl Pts',(50.9358460356802,74.754775673959,4.74196554635008));
#15282=CARTESIAN_POINT('Ctrl Pts',(51.1482047432697,74.8747359191079,4.6847112159787));
#15283=CARTESIAN_POINT('Ctrl Pts',(51.4740606738954,75.128948729876,4.54639983586184));
#15284=CARTESIAN_POINT('Ctrl Pts',(51.6296320778949,75.2934623608325,4.44868677396487));
#15285=CARTESIAN_POINT('Ctrl Pts',(51.8146040933356,75.5600552650346,4.26839545930249));
#15286=CARTESIAN_POINT('Ctrl Pts',(51.8854019526546,75.6945702315505,4.16979103654337));
#15287=CARTESIAN_POINT('Ctrl Pts',(51.9780873394545,75.9621828500516,3.95040837052669));
#15288=CARTESIAN_POINT('Ctrl Pts',(52.,76.095145315152,3.82947588730678));
#15289=CARTESIAN_POINT('Ctrl Pts',(52.,76.3294758873068,3.59514531515198));
#15290=CARTESIAN_POINT('Ctrl Pts',(51.9780873394545,76.4504083705267,3.46218285005161));
#15291=CARTESIAN_POINT('Ctrl Pts',(51.8854019526546,76.6697910365434,3.19457023155051));
#15292=CARTESIAN_POINT('Ctrl Pts',(51.8146040933356,76.7683954593025,3.06005526503456));
#15293=CARTESIAN_POINT('Ctrl Pts',(51.6296320778949,76.9486867739649,2.79346236083251));
#15294=CARTESIAN_POINT('Ctrl Pts',(51.4740606738954,77.0463998358618,2.62894872987601));
#15295=CARTESIAN_POINT('Ctrl Pts',(51.1482047432697,77.1847112159787,2.37473591910793));
#15296=CARTESIAN_POINT('Ctrl Pts',(50.9358460356802,77.2419655463501,2.25477567395904));
#15297=CARTESIAN_POINT('Ctrl Pts',(50.6387616746274,77.2891780707049,2.15103380177451));
#15298=CARTESIAN_POINT('Ctrl Pts',(50.5697061570166,77.2982163239068,2.13071711985997));
#15299=CARTESIAN_POINT('Ctrl Pts',(50.5,77.3055898709068,2.11395505927584));
#15300=CARTESIAN_POINT('Origin',(50.5,76.2123106012294,3.71231060122938));
#15301=CARTESIAN_POINT('Origin',(50.5,77.75,0.));
#15302=CARTESIAN_POINT('Origin',(50.5,72.5,0.));
#15303=CARTESIAN_POINT('Origin',(50.5,72.5,0.));
#15304=CARTESIAN_POINT('Origin',(50.,77.75,0.));
#15305=CARTESIAN_POINT('',(50.,77.5357142857143,-1.48461497791619));
#15306=CARTESIAN_POINT('',(50.,77.5357142857143,1.48461497791619));
#15307=CARTESIAN_POINT('Ctrl Pts',(50.,77.5357142857143,-1.48461497791618));
#15308=CARTESIAN_POINT('Ctrl Pts',(50.1727182699462,77.5357142857143,-1.48461497791618));
#15309=CARTESIAN_POINT('Ctrl Pts',(50.3577581591546,77.5450775174868,-1.45396144352297));
#15310=CARTESIAN_POINT('Ctrl Pts',(50.7022981829173,77.5798615038629,-1.32733498331645));
#15311=CARTESIAN_POINT('Ctrl Pts',(50.8618105615772,77.6048566652809,-1.23127883483552));
#15312=CARTESIAN_POINT('Ctrl Pts',(51.1060440106137,77.6509644936102,-1.0200085411188));
#15313=CARTESIAN_POINT('Ctrl Pts',(51.2224369531323,77.6774747502901,-0.879742458147058));
#15314=CARTESIAN_POINT('Ctrl Pts',(51.360983800725,77.7117561165777,-0.641615173954606));
#15315=CARTESIAN_POINT('Ctrl Pts',(51.414093007669,77.7260429861451,-0.517496746529723));
#15316=CARTESIAN_POINT('Ctrl Pts',(51.4835957959034,77.7452236996811,-0.258759650743461));
#15317=CARTESIAN_POINT('Ctrl Pts',(51.5,77.75,-0.124135135653613));
#15318=CARTESIAN_POINT('Ctrl Pts',(51.5,77.75,0.124135135653613));
#15319=CARTESIAN_POINT('Ctrl Pts',(51.4835957959034,77.7452236996811,0.258759650743461));
#15320=CARTESIAN_POINT('Ctrl Pts',(51.414093007669,77.7260429861451,0.517496746529723));
#15321=CARTESIAN_POINT('Ctrl Pts',(51.360983800725,77.7117561165777,0.641615173954606));
#15322=CARTESIAN_POINT('Ctrl Pts',(51.2224369531323,77.6774747502901,0.879742458147058));
#15323=CARTESIAN_POINT('Ctrl Pts',(51.1060440106137,77.6509644936102,1.0200085411188));
#15324=CARTESIAN_POINT('Ctrl Pts',(50.8618105615772,77.6048566652809,1.23127883483552));
#15325=CARTESIAN_POINT('Ctrl Pts',(50.7022981829173,77.5798615038629,1.32733498331645));
#15326=CARTESIAN_POINT('Ctrl Pts',(50.3577581591546,77.5450775174868,1.45396144352297));
#15327=CARTESIAN_POINT('Ctrl Pts',(50.1727182699462,77.5357142857143,1.48461497791618));
#15328=CARTESIAN_POINT('Ctrl Pts',(50.,77.5357142857143,1.48461497791618));
#15329=CARTESIAN_POINT('',(50.,77.2916666666667,-1.42826137508355));
#15330=CARTESIAN_POINT('Origin',(50.,77.75,0.));
#15331=CARTESIAN_POINT('',(50.,77.2916666666667,1.42826137508355));
#15332=CARTESIAN_POINT('Ctrl Pts',(50.,77.2916666666667,1.42826137508355));
#15333=CARTESIAN_POINT('Ctrl Pts',(50.2517651923378,77.2916666666667,1.42826137508355));
#15334=CARTESIAN_POINT('Ctrl Pts',(50.5133772273697,77.3118985079585,1.36459426070014));
#15335=CARTESIAN_POINT('Ctrl Pts',(50.8525289671394,77.3596690724674,1.17802282449731));
#15336=CARTESIAN_POINT('Ctrl Pts',(50.9571327079723,77.378118540321,1.10102163431744));
#15337=CARTESIAN_POINT('Ctrl Pts',(51.1407987117708,77.4148013076242,0.923508319296553));
#15338=CARTESIAN_POINT('Ctrl Pts',(51.219857573299,77.433000837688,0.822985698525094));
#15339=CARTESIAN_POINT('Ctrl Pts',(51.3435283209474,77.4632341588015,0.613875061488532));
#15340=CARTESIAN_POINT('Ctrl Pts',(51.3952266203134,77.4769533201025,0.495308373975553));
#15341=CARTESIAN_POINT('Ctrl Pts',(51.4629737263734,77.4953947380785,0.247843162720808));
#15342=CARTESIAN_POINT('Ctrl Pts',(51.4790199457749,77.5,0.118935225999524));
#15343=CARTESIAN_POINT('Ctrl Pts',(51.4790199457749,77.5,-0.118935225999524));
#15344=CARTESIAN_POINT('Ctrl Pts',(51.4629737263734,77.4953947380785,-0.247843162720808));
#15345=CARTESIAN_POINT('Ctrl Pts',(51.3952266203134,77.4769533201025,-0.495308373975553));
#15346=CARTESIAN_POINT('Ctrl Pts',(51.3435283209474,77.4632341588015,-0.613875061488532));
#15347=CARTESIAN_POINT('Ctrl Pts',(51.219857573299,77.433000837688,-0.822985698525094));
#15348=CARTESIAN_POINT('Ctrl Pts',(51.1407987117708,77.4148013076242,-0.92350831929656));
#15349=CARTESIAN_POINT('Ctrl Pts',(50.9571327079723,77.378118540321,-1.10102163431745));
#15350=CARTESIAN_POINT('Ctrl Pts',(50.8525289671394,77.3596690724674,-1.17802282449731));
#15351=CARTESIAN_POINT('Ctrl Pts',(50.5133772273697,77.3118985079585,-1.36459426070015));
#15352=CARTESIAN_POINT('Ctrl Pts',(50.2517651923378,77.2916666666667,-1.42826137508355));
#15353=CARTESIAN_POINT('Ctrl Pts',(50.,77.2916666666667,-1.42826137508355));
#15354=CARTESIAN_POINT('Origin',(50.,77.75,0.));
#15355=CARTESIAN_POINT('Origin',(51.0000003874302,72.5,0.));
#15356=CARTESIAN_POINT('',(51.4790199457749,67.5,2.31602577765972E-16));
#15357=CARTESIAN_POINT('',(51.0000003874302,67.5,-6.12323399573677E-16));
#15358=CARTESIAN_POINT('',(50.,67.7083333333333,1.42826137508355));
#15359=CARTESIAN_POINT('Ctrl Pts',(51.4790199457749,67.5,9.0205620750794E-16));
#15360=CARTESIAN_POINT('Ctrl Pts',(51.4790199457749,67.5,0.118935225999525));
#15361=CARTESIAN_POINT('Ctrl Pts',(51.4629737263734,67.5046052619215,0.247843162720808));
#15362=CARTESIAN_POINT('Ctrl Pts',(51.3952266203134,67.5230466798975,0.495308373975554));
#15363=CARTESIAN_POINT('Ctrl Pts',(51.3435283209474,67.5367658411985,0.613875061488533));
#15364=CARTESIAN_POINT('Ctrl Pts',(51.219857573299,67.566999162312,0.822985698525095));
#15365=CARTESIAN_POINT('Ctrl Pts',(51.1407987117708,67.5851986923758,0.923508319296559));
#15366=CARTESIAN_POINT('Ctrl Pts',(50.9571327079723,67.621881459679,1.10102163431745));
#15367=CARTESIAN_POINT('Ctrl Pts',(50.8525289671394,67.6403309275326,1.17802282449731));
#15368=CARTESIAN_POINT('Ctrl Pts',(50.5133772273697,67.6881014920415,1.36459426070015));
#15369=CARTESIAN_POINT('Ctrl Pts',(50.2517651923378,67.7083333333333,1.42826137508355));
#15370=CARTESIAN_POINT('Ctrl Pts',(50.,67.7083333333333,1.42826137508355));
#15371=CARTESIAN_POINT('',(50.,68.1018467031861,2.37828668955713));
#15372=CARTESIAN_POINT('Origin',(50.,72.5,0.));
#15373=CARTESIAN_POINT('',(50.,70.1217133104429,4.39815329681394));
#15374=CARTESIAN_POINT('Ctrl Pts',(50.,68.101846703186,2.37828668955713));
#15375=CARTESIAN_POINT('Ctrl Pts',(50.2517651923378,68.101846703186,2.37828668955713));
#15376=CARTESIAN_POINT('Ctrl Pts',(50.5133772273697,68.1325600793318,2.43761221004959));
#15377=CARTESIAN_POINT('Ctrl Pts',(50.8525289671394,68.2307071169412,2.60331702786963));
#15378=CARTESIAN_POINT('Ctrl Pts',(50.9571327079723,68.2721094368482,2.67081083543388));
#15379=CARTESIAN_POINT('Ctrl Pts',(51.1407987117708,68.3716916721376,2.82227033774878));
#15380=CARTESIAN_POINT('Ctrl Pts',(51.219857573299,68.4299028878252,2.90621957568148));
#15381=CARTESIAN_POINT('Ctrl Pts',(51.3435283209474,68.5563882509149,3.07546131152537));
#15382=CARTESIAN_POINT('Ctrl Pts',(51.3952266203134,68.63052664769,3.16900153227677));
#15383=CARTESIAN_POINT('Ctrl Pts',(51.4629737263734,68.7924709249705,3.35702591296829));
#15384=CARTESIAN_POINT('Ctrl Pts',(51.4790199457749,68.880366189241,3.45143400110652));
#15385=CARTESIAN_POINT('Ctrl Pts',(51.4790199457749,69.0485659988935,3.61963381075895));
#15386=CARTESIAN_POINT('Ctrl Pts',(51.4629737263734,69.1429740870317,3.7075290750295));
#15387=CARTESIAN_POINT('Ctrl Pts',(51.3952266203134,69.3309984677232,3.86947335230996));
#15388=CARTESIAN_POINT('Ctrl Pts',(51.3435283209474,69.4245386884746,3.94361174908507));
#15389=CARTESIAN_POINT('Ctrl Pts',(51.219857573299,69.5937804243185,4.07009711217476));
#15390=CARTESIAN_POINT('Ctrl Pts',(51.1407987117708,69.6777296622512,4.12830832786235));
#15391=CARTESIAN_POINT('Ctrl Pts',(50.9571327079723,69.8291891645661,4.22789056315179));
#15392=CARTESIAN_POINT('Ctrl Pts',(50.8525289671394,69.8966829721303,4.26929288305878));
#15393=CARTESIAN_POINT('Ctrl Pts',(50.5133772273697,70.0623877899504,4.36743992066822));
#15394=CARTESIAN_POINT('Ctrl Pts',(50.2517651923378,70.1217133104429,4.39815329681394));
#15395=CARTESIAN_POINT('Ctrl Pts',(50.,70.1217133104429,4.39815329681394));
#15396=CARTESIAN_POINT('',(50.,71.0717386249165,4.79166666666667));
#15397=CARTESIAN_POINT('Origin',(50.,72.5,0.));
#15398=CARTESIAN_POINT('',(50.,73.9282613750836,4.79166666666666));
#15399=CARTESIAN_POINT('Ctrl Pts',(50.,71.0717386249165,4.79166666666667));
#15400=CARTESIAN_POINT('Ctrl Pts',(50.2517651923378,71.0717386249165,4.79166666666667));
#15401=CARTESIAN_POINT('Ctrl Pts',(50.5133772273697,71.1354057392999,4.81189850795853));
#15402=CARTESIAN_POINT('Ctrl Pts',(50.8525289671393,71.3219771755027,4.85966907246736));
#15403=CARTESIAN_POINT('Ctrl Pts',(50.9571327079723,71.3989783656826,4.87811854032105));
#15404=CARTESIAN_POINT('Ctrl Pts',(51.1407987117708,71.5764916807034,4.91480130762418));
#15405=CARTESIAN_POINT('Ctrl Pts',(51.219857573299,71.6770143014749,4.93300083768803));
#15406=CARTESIAN_POINT('Ctrl Pts',(51.3435283209474,71.8861249385115,4.96323415880146));
#15407=CARTESIAN_POINT('Ctrl Pts',(51.3952266203134,72.0046916260244,4.97695332010249));
#15408=CARTESIAN_POINT('Ctrl Pts',(51.4629737263734,72.2521568372792,4.99539473807849));
#15409=CARTESIAN_POINT('Ctrl Pts',(51.4790199457749,72.3810647740005,5.));
#15410=CARTESIAN_POINT('Ctrl Pts',(51.4790199457749,72.6189352259995,5.));
#15411=CARTESIAN_POINT('Ctrl Pts',(51.4629737263734,72.7478431627208,4.99539473807849));
#15412=CARTESIAN_POINT('Ctrl Pts',(51.3952266203134,72.9953083739756,4.97695332010249));
#15413=CARTESIAN_POINT('Ctrl Pts',(51.3435283209474,73.1138750614885,4.96323415880146));
#15414=CARTESIAN_POINT('Ctrl Pts',(51.219857573299,73.3229856985251,4.93300083768803));
#15415=CARTESIAN_POINT('Ctrl Pts',(51.1407987117708,73.4235083192966,4.91480130762418));
#15416=CARTESIAN_POINT('Ctrl Pts',(50.9571327079723,73.6010216343174,4.87811854032105));
#15417=CARTESIAN_POINT('Ctrl Pts',(50.8525289671394,73.6780228244973,4.85966907246736));
#15418=CARTESIAN_POINT('Ctrl Pts',(50.5133772273697,73.8645942607002,4.81189850795853));
#15419=CARTESIAN_POINT('Ctrl Pts',(50.2517651923378,73.9282613750836,4.79166666666666));
#15420=CARTESIAN_POINT('Ctrl Pts',(50.,73.9282613750836,4.79166666666666));
#15421=CARTESIAN_POINT('',(50.,74.8782866895571,4.39815329681394));
#15422=CARTESIAN_POINT('Origin',(50.,72.5,0.));
#15423=CARTESIAN_POINT('',(50.,76.8981532968139,2.37828668955714));
#15424=CARTESIAN_POINT('Ctrl Pts',(50.,74.8782866895571,4.39815329681394));
#15425=CARTESIAN_POINT('Ctrl Pts',(50.2517651923378,74.8782866895571,4.39815329681394));
#15426=CARTESIAN_POINT('Ctrl Pts',(50.5133772273697,74.9376122100496,4.36743992066823));
#15427=CARTESIAN_POINT('Ctrl Pts',(50.8525289671394,75.1033170278696,4.26929288305879));
#15428=CARTESIAN_POINT('Ctrl Pts',(50.9571327079723,75.1708108354339,4.22789056315179));
#15429=CARTESIAN_POINT('Ctrl Pts',(51.1407987117708,75.3222703377488,4.12830832786235));
#15430=CARTESIAN_POINT('Ctrl Pts',(51.219857573299,75.4062195756815,4.07009711217476));
#15431=CARTESIAN_POINT('Ctrl Pts',(51.3435283209474,75.5754613115254,3.94361174908507));
#15432=CARTESIAN_POINT('Ctrl Pts',(51.3952266203134,75.6690015322768,3.86947335230996));
#15433=CARTESIAN_POINT('Ctrl Pts',(51.4629737263734,75.8570259129683,3.7075290750295));
#15434=CARTESIAN_POINT('Ctrl Pts',(51.4790199457749,75.9514340011065,3.61963381075895));
#15435=CARTESIAN_POINT('Ctrl Pts',(51.4790199457749,76.119633810759,3.45143400110652));
#15436=CARTESIAN_POINT('Ctrl Pts',(51.4629737263734,76.2075290750295,3.35702591296829));
#15437=CARTESIAN_POINT('Ctrl Pts',(51.3952266203134,76.36947335231,3.16900153227678));
#15438=CARTESIAN_POINT('Ctrl Pts',(51.3435283209474,76.4436117490851,3.07546131152537));
#15439=CARTESIAN_POINT('Ctrl Pts',(51.219857573299,76.5700971121748,2.90621957568148));
#15440=CARTESIAN_POINT('Ctrl Pts',(51.1407987117708,76.6283083278624,2.82227033774878));
#15441=CARTESIAN_POINT('Ctrl Pts',(50.9571327079723,76.7278905631518,2.67081083543388));
#15442=CARTESIAN_POINT('Ctrl Pts',(50.8525289671394,76.7692928830588,2.60331702786963));
#15443=CARTESIAN_POINT('Ctrl Pts',(50.5133772273697,76.8674399206682,2.43761221004959));
#15444=CARTESIAN_POINT('Ctrl Pts',(50.2517651923378,76.8981532968139,2.37828668955714));
#15445=CARTESIAN_POINT('Ctrl Pts',(50.,76.8981532968139,2.37828668955714));
#15446=CARTESIAN_POINT('Origin',(50.,72.5,0.));
#15447=CARTESIAN_POINT('',(50.,76.8981532968139,-2.37828668955714));
#15448=CARTESIAN_POINT('Origin',(50.,72.5,0.));
#15449=CARTESIAN_POINT('',(50.,74.8782866895571,-4.39815329681394));
#15450=CARTESIAN_POINT('Ctrl Pts',(50.,76.8981532968139,-2.37828668955714));
#15451=CARTESIAN_POINT('Ctrl Pts',(50.2517651923378,76.8981532968139,-2.37828668955714));
#15452=CARTESIAN_POINT('Ctrl Pts',(50.5133772273697,76.8674399206682,-2.43761221004959));
#15453=CARTESIAN_POINT('Ctrl Pts',(50.8525289671394,76.7692928830588,-2.60331702786963));
#15454=CARTESIAN_POINT('Ctrl Pts',(50.9571327079723,76.7278905631518,-2.67081083543388));
#15455=CARTESIAN_POINT('Ctrl Pts',(51.1407987117708,76.6283083278624,-2.82227033774878));
#15456=CARTESIAN_POINT('Ctrl Pts',(51.219857573299,76.5700971121748,-2.90621957568148));
#15457=CARTESIAN_POINT('Ctrl Pts',(51.3435283209474,76.4436117490851,-3.07546131152537));
#15458=CARTESIAN_POINT('Ctrl Pts',(51.3952266203134,76.36947335231,-3.16900153227678));
#15459=CARTESIAN_POINT('Ctrl Pts',(51.4629737263734,76.2075290750295,-3.35702591296829));
#15460=CARTESIAN_POINT('Ctrl Pts',(51.4790199457749,76.119633810759,-3.45143400110652));
#15461=CARTESIAN_POINT('Ctrl Pts',(51.4790199457749,75.9514340011065,-3.61963381075895));
#15462=CARTESIAN_POINT('Ctrl Pts',(51.4629737263734,75.8570259129683,-3.7075290750295));
#15463=CARTESIAN_POINT('Ctrl Pts',(51.3952266203134,75.6690015322768,-3.86947335230996));
#15464=CARTESIAN_POINT('Ctrl Pts',(51.3435283209474,75.5754613115254,-3.94361174908507));
#15465=CARTESIAN_POINT('Ctrl Pts',(51.219857573299,75.4062195756815,-4.07009711217476));
#15466=CARTESIAN_POINT('Ctrl Pts',(51.1407987117708,75.3222703377488,-4.12830832786235));
#15467=CARTESIAN_POINT('Ctrl Pts',(50.9571327079723,75.1708108354339,-4.22789056315179));
#15468=CARTESIAN_POINT('Ctrl Pts',(50.8525289671394,75.1033170278696,-4.26929288305879));
#15469=CARTESIAN_POINT('Ctrl Pts',(50.5133772273697,74.9376122100496,-4.36743992066823));
#15470=CARTESIAN_POINT('Ctrl Pts',(50.2517651923378,74.8782866895571,-4.39815329681394));
#15471=CARTESIAN_POINT('Ctrl Pts',(50.,74.8782866895571,-4.39815329681394));
#15472=CARTESIAN_POINT('',(50.,73.9282613750835,-4.79166666666667));
#15473=CARTESIAN_POINT('Origin',(50.,72.5,0.));
#15474=CARTESIAN_POINT('',(50.,71.0717386249164,-4.79166666666666));
#15475=CARTESIAN_POINT('Ctrl Pts',(50.,73.9282613750836,-4.79166666666667));
#15476=CARTESIAN_POINT('Ctrl Pts',(50.2517651923378,73.9282613750836,-4.79166666666667));
#15477=CARTESIAN_POINT('Ctrl Pts',(50.5133772273697,73.8645942607001,-4.81189850795853));
#15478=CARTESIAN_POINT('Ctrl Pts',(50.8525289671394,73.6780228244973,-4.85966907246736));
#15479=CARTESIAN_POINT('Ctrl Pts',(50.9571327079723,73.6010216343174,-4.87811854032105));
#15480=CARTESIAN_POINT('Ctrl Pts',(51.1407987117708,73.4235083192965,-4.91480130762418));
#15481=CARTESIAN_POINT('Ctrl Pts',(51.219857573299,73.3229856985251,-4.93300083768803));
#15482=CARTESIAN_POINT('Ctrl Pts',(51.3435283209474,73.1138750614885,-4.96323415880146));
#15483=CARTESIAN_POINT('Ctrl Pts',(51.3952266203134,72.9953083739755,-4.97695332010249));
#15484=CARTESIAN_POINT('Ctrl Pts',(51.4629737263734,72.7478431627208,-4.99539473807849));
#15485=CARTESIAN_POINT('Ctrl Pts',(51.4790199457749,72.6189352259995,-5.));
#15486=CARTESIAN_POINT('Ctrl Pts',(51.4790199457749,72.3810647740005,-5.));
#15487=CARTESIAN_POINT('Ctrl Pts',(51.4629737263734,72.2521568372792,-4.99539473807849));
#15488=CARTESIAN_POINT('Ctrl Pts',(51.3952266203134,72.0046916260244,-4.97695332010249));
#15489=CARTESIAN_POINT('Ctrl Pts',(51.3435283209474,71.8861249385115,-4.96323415880146));
#15490=CARTESIAN_POINT('Ctrl Pts',(51.219857573299,71.6770143014749,-4.93300083768803));
#15491=CARTESIAN_POINT('Ctrl Pts',(51.1407987117708,71.5764916807034,-4.91480130762418));
#15492=CARTESIAN_POINT('Ctrl Pts',(50.9571327079723,71.3989783656825,-4.87811854032105));
#15493=CARTESIAN_POINT('Ctrl Pts',(50.8525289671394,71.3219771755027,-4.85966907246736));
#15494=CARTESIAN_POINT('Ctrl Pts',(50.5133772273697,71.1354057392998,-4.81189850795853));
#15495=CARTESIAN_POINT('Ctrl Pts',(50.2517651923378,71.0717386249164,-4.79166666666666));
#15496=CARTESIAN_POINT('Ctrl Pts',(50.,71.0717386249164,-4.79166666666666));
#15497=CARTESIAN_POINT('',(50.,70.1217133104429,-4.39815329681395));
#15498=CARTESIAN_POINT('Origin',(50.,72.5,0.));
#15499=CARTESIAN_POINT('',(50.,68.1018467031861,-2.37828668955714));
#15500=CARTESIAN_POINT('Ctrl Pts',(50.,70.1217133104429,-4.39815329681395));
#15501=CARTESIAN_POINT('Ctrl Pts',(50.2517651923378,70.1217133104429,-4.39815329681395));
#15502=CARTESIAN_POINT('Ctrl Pts',(50.5133772273697,70.0623877899504,-4.36743992066823));
#15503=CARTESIAN_POINT('Ctrl Pts',(50.8525289671394,69.8966829721304,-4.26929288305879));
#15504=CARTESIAN_POINT('Ctrl Pts',(50.9571327079723,69.8291891645661,-4.2278905631518));
#15505=CARTESIAN_POINT('Ctrl Pts',(51.1407987117709,69.6777296622512,-4.12830832786235));
#15506=CARTESIAN_POINT('Ctrl Pts',(51.219857573299,69.5937804243185,-4.07009711217477));
#15507=CARTESIAN_POINT('Ctrl Pts',(51.3435283209474,69.4245386884746,-3.94361174908507));
#15508=CARTESIAN_POINT('Ctrl Pts',(51.3952266203134,69.3309984677232,-3.86947335230997));
#15509=CARTESIAN_POINT('Ctrl Pts',(51.4629737263734,69.1429740870317,-3.7075290750295));
#15510=CARTESIAN_POINT('Ctrl Pts',(51.4790199457749,69.0485659988935,-3.61963381075896));
#15511=CARTESIAN_POINT('Ctrl Pts',(51.4790199457749,68.880366189241,-3.45143400110652));
#15512=CARTESIAN_POINT('Ctrl Pts',(51.4629737263734,68.7924709249705,-3.3570259129683));
#15513=CARTESIAN_POINT('Ctrl Pts',(51.3952266203134,68.63052664769,-3.16900153227678));
#15514=CARTESIAN_POINT('Ctrl Pts',(51.3435283209474,68.5563882509149,-3.07546131152537));
#15515=CARTESIAN_POINT('Ctrl Pts',(51.219857573299,68.4299028878252,-2.90621957568148));
#15516=CARTESIAN_POINT('Ctrl Pts',(51.1407987117708,68.3716916721376,-2.82227033774878));
#15517=CARTESIAN_POINT('Ctrl Pts',(50.9571327079723,68.2721094368482,-2.67081083543388));
#15518=CARTESIAN_POINT('Ctrl Pts',(50.8525289671394,68.2307071169412,-2.60331702786963));
#15519=CARTESIAN_POINT('Ctrl Pts',(50.5133772273697,68.1325600793318,-2.43761221004959));
#15520=CARTESIAN_POINT('Ctrl Pts',(50.2517651923378,68.1018467031861,-2.37828668955714));
#15521=CARTESIAN_POINT('Ctrl Pts',(50.,68.1018467031861,-2.37828668955714));
#15522=CARTESIAN_POINT('',(50.,67.7083333333333,-1.42826137508355));
#15523=CARTESIAN_POINT('Origin',(50.,72.5,0.));
#15524=CARTESIAN_POINT('Ctrl Pts',(50.,67.7083333333333,-1.42826137508355));
#15525=CARTESIAN_POINT('Ctrl Pts',(50.2517651923378,67.7083333333333,-1.42826137508355));
#15526=CARTESIAN_POINT('Ctrl Pts',(50.5133772273697,67.6881014920415,-1.36459426070014));
#15527=CARTESIAN_POINT('Ctrl Pts',(50.8525289671394,67.6403309275326,-1.1780228244973));
#15528=CARTESIAN_POINT('Ctrl Pts',(50.9571327079723,67.621881459679,-1.10102163431744));
#15529=CARTESIAN_POINT('Ctrl Pts',(51.1407987117708,67.5851986923758,-0.923508319296551));
#15530=CARTESIAN_POINT('Ctrl Pts',(51.219857573299,67.566999162312,-0.822985698525091));
#15531=CARTESIAN_POINT('Ctrl Pts',(51.3435283209474,67.5367658411985,-0.61387506148853));
#15532=CARTESIAN_POINT('Ctrl Pts',(51.3952266203134,67.5230466798975,-0.495308373975552));
#15533=CARTESIAN_POINT('Ctrl Pts',(51.4629737263734,67.5046052619215,-0.247843162720807));
#15534=CARTESIAN_POINT('Ctrl Pts',(51.4790199457749,67.5,-0.118935225999523));
#15535=CARTESIAN_POINT('Ctrl Pts',(51.4790199457749,67.5,7.63278329429795E-16));
#15536=CARTESIAN_POINT('Origin',(50.,77.75,0.));
#15537=CARTESIAN_POINT('',(50.,77.1105690378822,-2.51100640121089));
#15538=CARTESIAN_POINT('Origin',(50.,72.5,0.));
#15539=CARTESIAN_POINT('Origin',(50.,76.2123106012294,-3.71231060122938));
#15540=CARTESIAN_POINT('Origin',(50.,76.2123106012294,-3.71231060122938));
#15541=CARTESIAN_POINT('',(50.,75.0110064012109,-4.6105690378822));
#15542=CARTESIAN_POINT('Ctrl Pts',(50.,75.0110064012109,-4.6105690378822));
#15543=CARTESIAN_POINT('Ctrl Pts',(50.1727182699462,75.0110064012109,-4.6105690378822));
#15544=CARTESIAN_POINT('Ctrl Pts',(50.3577581591546,75.0393025279279,-4.59551452052559));
#15545=CARTESIAN_POINT('Ctrl Pts',(50.7022981829173,75.1534369492608,-4.53057208447915));
#15546=CARTESIAN_POINT('Ctrl Pts',(50.8618105615772,75.2390331513618,-4.48032437864917));
#15547=CARTESIAN_POINT('Ctrl Pts',(51.1060440106137,75.4210269667896,-4.36353687937619));
#15548=CARTESIAN_POINT('Ctrl Pts',(51.2224369531323,75.5389556474988,-4.28309936320579));
#15549=CARTESIAN_POINT('Ctrl Pts',(51.360983800725,75.731577651507,-4.13895853233802));
#15550=CARTESIAN_POINT('Ctrl Pts',(51.414093007669,75.8294449755624,-4.06129589298872));
#15551=CARTESIAN_POINT('Ctrl Pts',(51.4835957959035,76.0259625431467,-3.89190395062306));
#15552=CARTESIAN_POINT('Ctrl Pts',(51.5,76.1245338050252,-3.80008739743356));
#15553=CARTESIAN_POINT('Ctrl Pts',(51.5,76.3000873974336,-3.6245338050252));
#15554=CARTESIAN_POINT('Ctrl Pts',(51.4835957959035,76.3919039506231,-3.52596254314673));
#15555=CARTESIAN_POINT('Ctrl Pts',(51.414093007669,76.5612958929887,-3.32944497556243));
#15556=CARTESIAN_POINT('Ctrl Pts',(51.360983800725,76.638958532338,-3.23157765150705));
#15557=CARTESIAN_POINT('Ctrl Pts',(51.2224369531323,76.7830993632058,-3.03895564749877));
#15558=CARTESIAN_POINT('Ctrl Pts',(51.1060440106137,76.8635368793762,-2.92102696678957));
#15559=CARTESIAN_POINT('Ctrl Pts',(50.8618105615772,76.9803243786492,-2.73903315136184));
#15560=CARTESIAN_POINT('Ctrl Pts',(50.7022981829173,77.0305720844791,-2.65343694926077));
#15561=CARTESIAN_POINT('Ctrl Pts',(50.3577581591546,77.0955145205256,-2.53930252792786));
#15562=CARTESIAN_POINT('Ctrl Pts',(50.1727182699462,77.1105690378822,-2.5110064012109));
#15563=CARTESIAN_POINT('Ctrl Pts',(50.,77.1105690378822,-2.5110064012109));
#15564=CARTESIAN_POINT('Origin',(50.,76.2123106012294,-3.71231060122938));
#15565=CARTESIAN_POINT('Origin',(50.,77.75,0.));
#15566=CARTESIAN_POINT('',(50.,73.9846149779162,-5.03571428571429));
#15567=CARTESIAN_POINT('Origin',(50.,72.5,0.));
#15568=CARTESIAN_POINT('Origin',(50.,72.5,-5.25));
#15569=CARTESIAN_POINT('Origin',(50.,72.5,-5.25));
#15570=CARTESIAN_POINT('',(50.,71.0153850220838,-5.03571428571429));
#15571=CARTESIAN_POINT('Ctrl Pts',(50.,71.0153850220838,-5.03571428571429));
#15572=CARTESIAN_POINT('Ctrl Pts',(50.1727182699462,71.0153850220838,-5.03571428571429));
#15573=CARTESIAN_POINT('Ctrl Pts',(50.3577581591546,71.046038556477,-5.04507751748682));
#15574=CARTESIAN_POINT('Ctrl Pts',(50.7022981829173,71.1726650166835,-5.07986150386291));
#15575=CARTESIAN_POINT('Ctrl Pts',(50.8618105615772,71.2687211651645,-5.10485666528094));
#15576=CARTESIAN_POINT('Ctrl Pts',(51.1060440106137,71.4799914588812,-5.15096449361016));
#15577=CARTESIAN_POINT('Ctrl Pts',(51.2224369531323,71.6202575418529,-5.17747475029013));
#15578=CARTESIAN_POINT('Ctrl Pts',(51.360983800725,71.8583848260454,-5.21175611657766));
#15579=CARTESIAN_POINT('Ctrl Pts',(51.414093007669,71.9825032534703,-5.22604298614506));
#15580=CARTESIAN_POINT('Ctrl Pts',(51.4835957959035,72.2412403492565,-5.24522369968109));
#15581=CARTESIAN_POINT('Ctrl Pts',(51.5,72.3758648643464,-5.25));
#15582=CARTESIAN_POINT('Ctrl Pts',(51.5,72.6241351356536,-5.25));
#15583=CARTESIAN_POINT('Ctrl Pts',(51.4835957959035,72.7587596507435,-5.2452236996811));
#15584=CARTESIAN_POINT('Ctrl Pts',(51.414093007669,73.0174967465297,-5.22604298614506));
#15585=CARTESIAN_POINT('Ctrl Pts',(51.360983800725,73.1416151739546,-5.21175611657767));
#15586=CARTESIAN_POINT('Ctrl Pts',(51.2224369531323,73.379742458147,-5.17747475029013));
#15587=CARTESIAN_POINT('Ctrl Pts',(51.1060440106137,73.5200085411188,-5.15096449361016));
#15588=CARTESIAN_POINT('Ctrl Pts',(50.8618105615772,73.7312788348355,-5.10485666528094));
#15589=CARTESIAN_POINT('Ctrl Pts',(50.7022981829173,73.8273349833164,-5.07986150386291));
#15590=CARTESIAN_POINT('Ctrl Pts',(50.3577581591546,73.953961443523,-5.04507751748682));
#15591=CARTESIAN_POINT('Ctrl Pts',(50.1727182699462,73.9846149779162,-5.03571428571429));
#15592=CARTESIAN_POINT('Ctrl Pts',(50.,73.9846149779162,-5.03571428571429));
#15593=CARTESIAN_POINT('Origin',(50.,72.5,-5.25));
#15594=CARTESIAN_POINT('Origin',(50.,77.75,0.));
#15595=CARTESIAN_POINT('',(50.,69.9889935987891,-4.6105690378822));
#15596=CARTESIAN_POINT('Origin',(50.,72.5,0.));
#15597=CARTESIAN_POINT('Origin',(50.,68.7876893987706,-3.71231060122938));
#15598=CARTESIAN_POINT('Origin',(50.,68.7876893987706,-3.71231060122938));
#15599=CARTESIAN_POINT('',(50.,67.8894309621178,-2.5110064012109));
#15600=CARTESIAN_POINT('Ctrl Pts',(50.,67.8894309621178,-2.5110064012109));
#15601=CARTESIAN_POINT('Ctrl Pts',(50.1727182699462,67.8894309621178,-2.5110064012109));
#15602=CARTESIAN_POINT('Ctrl Pts',(50.3577581591546,67.9044854794744,-2.53930252792786));
#15603=CARTESIAN_POINT('Ctrl Pts',(50.7022981829173,67.9694279155209,-2.65343694926077));
#15604=CARTESIAN_POINT('Ctrl Pts',(50.8618105615772,68.0196756213508,-2.73903315136184));
#15605=CARTESIAN_POINT('Ctrl Pts',(51.1060440106137,68.1364631206238,-2.92102696678957));
#15606=CARTESIAN_POINT('Ctrl Pts',(51.2224369531323,68.2169006367942,-3.03895564749877));
#15607=CARTESIAN_POINT('Ctrl Pts',(51.360983800725,68.361041467662,-3.23157765150705));
#15608=CARTESIAN_POINT('Ctrl Pts',(51.414093007669,68.4387041070113,-3.32944497556243));
#15609=CARTESIAN_POINT('Ctrl Pts',(51.4835957959035,68.6080960493769,-3.52596254314673));
#15610=CARTESIAN_POINT('Ctrl Pts',(51.5,68.6999126025664,-3.6245338050252));
#15611=CARTESIAN_POINT('Ctrl Pts',(51.5,68.8754661949748,-3.80008739743356));
#15612=CARTESIAN_POINT('Ctrl Pts',(51.4835957959035,68.9740374568533,-3.89190395062306));
#15613=CARTESIAN_POINT('Ctrl Pts',(51.414093007669,69.1705550244376,-4.06129589298872));
#15614=CARTESIAN_POINT('Ctrl Pts',(51.360983800725,69.268422348493,-4.13895853233802));
#15615=CARTESIAN_POINT('Ctrl Pts',(51.2224369531323,69.4610443525012,-4.28309936320579));
#15616=CARTESIAN_POINT('Ctrl Pts',(51.1060440106137,69.5789730332104,-4.36353687937618));
#15617=CARTESIAN_POINT('Ctrl Pts',(50.8618105615772,69.7609668486382,-4.48032437864917));
#15618=CARTESIAN_POINT('Ctrl Pts',(50.7022981829173,69.8465630507392,-4.53057208447916));
#15619=CARTESIAN_POINT('Ctrl Pts',(50.3577581591546,69.9606974720722,-4.5955145205256));
#15620=CARTESIAN_POINT('Ctrl Pts',(50.1727182699462,69.9889935987891,-4.6105690378822));
#15621=CARTESIAN_POINT('Ctrl Pts',(50.,69.9889935987891,-4.6105690378822));
#15622=CARTESIAN_POINT('Origin',(50.,68.7876893987706,-3.71231060122938));
#15623=CARTESIAN_POINT('Origin',(50.,77.75,0.));
#15624=CARTESIAN_POINT('',(50.,67.4642857142857,-1.48461497791619));
#15625=CARTESIAN_POINT('Origin',(50.,72.5,0.));
#15626=CARTESIAN_POINT('Origin',(50.,67.25,6.4293956955236E-16));
#15627=CARTESIAN_POINT('Origin',(50.,67.25,6.4293956955236E-16));
#15628=CARTESIAN_POINT('',(50.,67.4642857142857,1.48461497791619));
#15629=CARTESIAN_POINT('',(51.5,67.25,-8.24539592809455E-16));
#15630=CARTESIAN_POINT('Ctrl Pts',(50.,67.4642857142857,1.48461497791619));
#15631=CARTESIAN_POINT('Ctrl Pts',(50.1727182699462,67.4642857142857,1.48461497791619));
#15632=CARTESIAN_POINT('Ctrl Pts',(50.3577581591546,67.4549224825132,1.45396144352297));
#15633=CARTESIAN_POINT('Ctrl Pts',(50.7022981829173,67.4201384961371,1.32733498331645));
#15634=CARTESIAN_POINT('Ctrl Pts',(50.8618105615772,67.3951433347191,1.23127883483552));
#15635=CARTESIAN_POINT('Ctrl Pts',(51.1060440106137,67.3490355063898,1.0200085411188));
#15636=CARTESIAN_POINT('Ctrl Pts',(51.2224369531323,67.3225252497099,0.879742458147057));
#15637=CARTESIAN_POINT('Ctrl Pts',(51.360983800725,67.2882438834223,0.641615173954606));
#15638=CARTESIAN_POINT('Ctrl Pts',(51.414093007669,67.2739570138549,0.517496746529721));
#15639=CARTESIAN_POINT('Ctrl Pts',(51.4835957959035,67.2547763003189,0.258759650743459));
#15640=CARTESIAN_POINT('Ctrl Pts',(51.5,67.25,0.124135135653612));
#15641=CARTESIAN_POINT('Ctrl Pts',(51.5,67.25,-6.24500451351651E-16));
#15642=CARTESIAN_POINT('Origin',(50.,67.25,6.4293956955236E-16));
#15643=CARTESIAN_POINT('Ctrl Pts',(51.5,67.25,-1.14491749414469E-15));
#15644=CARTESIAN_POINT('Ctrl Pts',(51.5,67.25,-0.124135135653613));
#15645=CARTESIAN_POINT('Ctrl Pts',(51.4835957959034,67.2547763003189,-0.258759650743461));
#15646=CARTESIAN_POINT('Ctrl Pts',(51.414093007669,67.2739570138549,-0.517496746529722));
#15647=CARTESIAN_POINT('Ctrl Pts',(51.360983800725,67.2882438834223,-0.641615173954605));
#15648=CARTESIAN_POINT('Ctrl Pts',(51.2224369531323,67.3225252497099,-0.879742458147057));
#15649=CARTESIAN_POINT('Ctrl Pts',(51.1060440106137,67.3490355063898,-1.0200085411188));
#15650=CARTESIAN_POINT('Ctrl Pts',(50.8618105615772,67.3951433347191,-1.23127883483552));
#15651=CARTESIAN_POINT('Ctrl Pts',(50.7022981829173,67.4201384961371,-1.32733498331645));
#15652=CARTESIAN_POINT('Ctrl Pts',(50.3577581591546,67.4549224825132,-1.45396144352297));
#15653=CARTESIAN_POINT('Ctrl Pts',(50.1727182699462,67.4642857142857,-1.48461497791618));
#15654=CARTESIAN_POINT('Ctrl Pts',(50.,67.4642857142857,-1.48461497791618));
#15655=CARTESIAN_POINT('Origin',(50.,77.75,0.));
#15656=CARTESIAN_POINT('',(50.,67.8894309621178,2.51100640121089));
#15657=CARTESIAN_POINT('Origin',(50.,72.5,0.));
#15658=CARTESIAN_POINT('Origin',(50.,68.7876893987706,3.71231060122938));
#15659=CARTESIAN_POINT('Origin',(50.,68.7876893987706,3.71231060122938));
#15660=CARTESIAN_POINT('',(50.,69.9889935987891,4.61056903788219));
#15661=CARTESIAN_POINT('Ctrl Pts',(50.,69.9889935987891,4.61056903788219));
#15662=CARTESIAN_POINT('Ctrl Pts',(50.1727182699462,69.9889935987891,4.61056903788219));
#15663=CARTESIAN_POINT('Ctrl Pts',(50.3577581591546,69.9606974720721,4.59551452052559));
#15664=CARTESIAN_POINT('Ctrl Pts',(50.7022981829173,69.8465630507392,4.53057208447915));
#15665=CARTESIAN_POINT('Ctrl Pts',(50.8618105615772,69.7609668486382,4.48032437864916));
#15666=CARTESIAN_POINT('Ctrl Pts',(51.1060440106137,69.5789730332104,4.36353687937617));
#15667=CARTESIAN_POINT('Ctrl Pts',(51.2224369531323,69.4610443525012,4.28309936320578));
#15668=CARTESIAN_POINT('Ctrl Pts',(51.360983800725,69.2684223484929,4.13895853233802));
#15669=CARTESIAN_POINT('Ctrl Pts',(51.414093007669,69.1705550244376,4.0612958929887));
#15670=CARTESIAN_POINT('Ctrl Pts',(51.4835957959035,68.9740374568533,3.89190395062305));
#15671=CARTESIAN_POINT('Ctrl Pts',(51.5,68.8754661949748,3.80008739743355));
#15672=CARTESIAN_POINT('Ctrl Pts',(51.5,68.6999126025664,3.62453380502519));
#15673=CARTESIAN_POINT('Ctrl Pts',(51.4835957959034,68.6080960493769,3.52596254314672));
#15674=CARTESIAN_POINT('Ctrl Pts',(51.414093007669,68.4387041070113,3.32944497556242));
#15675=CARTESIAN_POINT('Ctrl Pts',(51.360983800725,68.361041467662,3.23157765150704));
#15676=CARTESIAN_POINT('Ctrl Pts',(51.2224369531323,68.2169006367942,3.03895564749877));
#15677=CARTESIAN_POINT('Ctrl Pts',(51.1060440106137,68.1364631206238,2.92102696678957));
#15678=CARTESIAN_POINT('Ctrl Pts',(50.8618105615772,68.0196756213508,2.73903315136183));
#15679=CARTESIAN_POINT('Ctrl Pts',(50.7022981829173,67.9694279155209,2.65343694926076));
#15680=CARTESIAN_POINT('Ctrl Pts',(50.3577581591546,67.9044854794744,2.53930252792785));
#15681=CARTESIAN_POINT('Ctrl Pts',(50.1727182699462,67.8894309621178,2.51100640121089));
#15682=CARTESIAN_POINT('Ctrl Pts',(50.,67.8894309621178,2.51100640121089));
#15683=CARTESIAN_POINT('Origin',(50.,68.7876893987706,3.71231060122938));
#15684=CARTESIAN_POINT('Origin',(50.,77.75,0.));
#15685=CARTESIAN_POINT('',(50.,71.0153850220838,5.03571428571429));
#15686=CARTESIAN_POINT('Origin',(50.,72.5,0.));
#15687=CARTESIAN_POINT('Origin',(50.,72.5,5.25));
#15688=CARTESIAN_POINT('Origin',(50.,72.5,5.25));
#15689=CARTESIAN_POINT('',(50.,73.9846149779162,5.03571428571429));
#15690=CARTESIAN_POINT('Ctrl Pts',(50.,73.9846149779162,5.03571428571429));
#15691=CARTESIAN_POINT('Ctrl Pts',(50.1727182699462,73.9846149779162,5.03571428571429));
#15692=CARTESIAN_POINT('Ctrl Pts',(50.3577581591546,73.953961443523,5.04507751748682));
#15693=CARTESIAN_POINT('Ctrl Pts',(50.7022981829173,73.8273349833165,5.07986150386291));
#15694=CARTESIAN_POINT('Ctrl Pts',(50.8618105615772,73.7312788348355,5.10485666528094));
#15695=CARTESIAN_POINT('Ctrl Pts',(51.1060440106137,73.5200085411188,5.15096449361016));
#15696=CARTESIAN_POINT('Ctrl Pts',(51.2224369531323,73.3797424581471,5.17747475029013));
#15697=CARTESIAN_POINT('Ctrl Pts',(51.360983800725,73.1416151739546,5.21175611657766));
#15698=CARTESIAN_POINT('Ctrl Pts',(51.414093007669,73.0174967465297,5.22604298614506));
#15699=CARTESIAN_POINT('Ctrl Pts',(51.4835957959035,72.7587596507435,5.24522369968109));
#15700=CARTESIAN_POINT('Ctrl Pts',(51.5,72.6241351356536,5.25));
#15701=CARTESIAN_POINT('Ctrl Pts',(51.5,72.3758648643464,5.25));
#15702=CARTESIAN_POINT('Ctrl Pts',(51.4835957959035,72.2412403492565,5.2452236996811));
#15703=CARTESIAN_POINT('Ctrl Pts',(51.414093007669,71.9825032534703,5.22604298614506));
#15704=CARTESIAN_POINT('Ctrl Pts',(51.360983800725,71.8583848260454,5.21175611657767));
#15705=CARTESIAN_POINT('Ctrl Pts',(51.2224369531323,71.620257541853,5.17747475029013));
#15706=CARTESIAN_POINT('Ctrl Pts',(51.1060440106137,71.4799914588812,5.15096449361016));
#15707=CARTESIAN_POINT('Ctrl Pts',(50.8618105615772,71.2687211651645,5.10485666528094));
#15708=CARTESIAN_POINT('Ctrl Pts',(50.7022981829173,71.1726650166836,5.07986150386291));
#15709=CARTESIAN_POINT('Ctrl Pts',(50.3577581591546,71.046038556477,5.04507751748682));
#15710=CARTESIAN_POINT('Ctrl Pts',(50.1727182699462,71.0153850220838,5.03571428571429));
#15711=CARTESIAN_POINT('Ctrl Pts',(50.,71.0153850220838,5.03571428571429));
#15712=CARTESIAN_POINT('Origin',(50.,72.5,5.25));
#15713=CARTESIAN_POINT('Origin',(51.0000003874302,72.5,0.));
#15714=CARTESIAN_POINT('',(51.0000003874302,67.25,-6.42939569552361E-16));
#15715=CARTESIAN_POINT('',(50.,77.1105690378822,2.51100640121089));
#15716=CARTESIAN_POINT('Origin',(50.,72.5,0.));
#15717=CARTESIAN_POINT('',(50.,75.0110064012109,4.6105690378822));
#15718=CARTESIAN_POINT('Ctrl Pts',(50.,77.1105690378822,2.5110064012109));
#15719=CARTESIAN_POINT('Ctrl Pts',(50.1727182699462,77.1105690378822,2.5110064012109));
#15720=CARTESIAN_POINT('Ctrl Pts',(50.3577581591546,77.0955145205256,2.53930252792786));
#15721=CARTESIAN_POINT('Ctrl Pts',(50.7022981829173,77.0305720844791,2.65343694926077));
#15722=CARTESIAN_POINT('Ctrl Pts',(50.8618105615772,76.9803243786492,2.73903315136184));
#15723=CARTESIAN_POINT('Ctrl Pts',(51.1060440106137,76.8635368793762,2.92102696678957));
#15724=CARTESIAN_POINT('Ctrl Pts',(51.2224369531323,76.7830993632058,3.03895564749877));
#15725=CARTESIAN_POINT('Ctrl Pts',(51.360983800725,76.638958532338,3.23157765150705));
#15726=CARTESIAN_POINT('Ctrl Pts',(51.414093007669,76.5612958929887,3.32944497556243));
#15727=CARTESIAN_POINT('Ctrl Pts',(51.4835957959035,76.391903950623,3.52596254314673));
#15728=CARTESIAN_POINT('Ctrl Pts',(51.5,76.3000873974336,3.6245338050252));
#15729=CARTESIAN_POINT('Ctrl Pts',(51.5,76.1245338050252,3.80008739743356));
#15730=CARTESIAN_POINT('Ctrl Pts',(51.4835957959035,76.0259625431467,3.89190395062306));
#15731=CARTESIAN_POINT('Ctrl Pts',(51.414093007669,75.8294449755624,4.06129589298872));
#15732=CARTESIAN_POINT('Ctrl Pts',(51.360983800725,75.731577651507,4.13895853233802));
#15733=CARTESIAN_POINT('Ctrl Pts',(51.2224369531323,75.5389556474988,4.28309936320579));
#15734=CARTESIAN_POINT('Ctrl Pts',(51.1060440106137,75.4210269667896,4.36353687937619));
#15735=CARTESIAN_POINT('Ctrl Pts',(50.8618105615772,75.2390331513618,4.48032437864917));
#15736=CARTESIAN_POINT('Ctrl Pts',(50.7022981829173,75.1534369492608,4.53057208447915));
#15737=CARTESIAN_POINT('Ctrl Pts',(50.3577581591546,75.0393025279279,4.59551452052559));
#15738=CARTESIAN_POINT('Ctrl Pts',(50.1727182699462,75.0110064012109,4.6105690378822));
#15739=CARTESIAN_POINT('Ctrl Pts',(50.,75.0110064012109,4.6105690378822));
#15740=CARTESIAN_POINT('Origin',(50.,72.5,0.));
#15741=CARTESIAN_POINT('Origin',(50.,77.75,0.));
#15742=CARTESIAN_POINT('Origin',(50.,76.2123106012294,3.71231060122938));
#15743=CARTESIAN_POINT('Origin',(50.,76.2123106012294,3.71231060122938));
#15744=CARTESIAN_POINT('Origin',(50.,76.2123106012294,3.71231060122938));
#15745=CARTESIAN_POINT('Origin',(50.,77.75,0.));
#15746=CARTESIAN_POINT('Origin',(50.,76.2123106012294,-3.71231060122938));
#15747=CARTESIAN_POINT('',(49.5,77.0888510007004,-1.98555731019581));
#15748=CARTESIAN_POINT('',(49.5,74.4855573101958,-4.58885100070037));
#15749=CARTESIAN_POINT('Ctrl Pts',(49.5,77.0888510007004,-1.98555731019581));
#15750=CARTESIAN_POINT('Ctrl Pts',(49.3286057686127,77.0712441711211,-2.02624871563609));
#15751=CARTESIAN_POINT('Ctrl Pts',(49.1618698947929,77.0439105496701,-2.08822317138988));
#15752=CARTESIAN_POINT('Ctrl Pts',(48.8557929097039,76.9680165152332,-2.24595942151768));
#15753=CARTESIAN_POINT('Ctrl Pts',(48.7156147689109,76.9197111125704,-2.34118857910381));
#15754=CARTESIAN_POINT('Ctrl Pts',(48.4694437712289,76.800236742938,-2.55395962362862));
#15755=CARTESIAN_POINT('Ctrl Pts',(48.3634485867005,76.7290172190021,-2.67147042484818));
#15756=CARTESIAN_POINT('Ctrl Pts',(48.1975170176454,76.5703606296768,-2.90709206375251));
#15757=CARTESIAN_POINT('Ctrl Pts',(48.1281679541878,76.4757933858482,-3.03657516666273));
#15758=CARTESIAN_POINT('Ctrl Pts',(48.0372567554123,76.2649409856438,-3.29438027029982));
#15759=CARTESIAN_POINT('Ctrl Pts',(48.0156866258239,76.1484970435247,-3.42256954344799));
#15760=CARTESIAN_POINT('Ctrl Pts',(48.0156866258239,75.922569543448,-3.64849704352469));
#15761=CARTESIAN_POINT('Ctrl Pts',(48.0372567554123,75.7943802702998,-3.76494098564382));
#15762=CARTESIAN_POINT('Ctrl Pts',(48.1281679541878,75.5365751666627,-3.97579338584818));
#15763=CARTESIAN_POINT('Ctrl Pts',(48.1975170176454,75.4070920637525,-4.07036062967675));
#15764=CARTESIAN_POINT('Ctrl Pts',(48.3634485867005,75.1714704248482,-4.2290172190021));
#15765=CARTESIAN_POINT('Ctrl Pts',(48.4694437712289,75.0539596236286,-4.30023674293803));
#15766=CARTESIAN_POINT('Ctrl Pts',(48.7156147689109,74.8411885791038,-4.41971111257041));
#15767=CARTESIAN_POINT('Ctrl Pts',(48.8557929097039,74.7459594215177,-4.46801651523323));
#15768=CARTESIAN_POINT('Ctrl Pts',(49.1618698947929,74.5882231713899,-4.54391054967014));
#15769=CARTESIAN_POINT('Ctrl Pts',(49.3286057686127,74.5262487156361,-4.57124417112108));
#15770=CARTESIAN_POINT('Ctrl Pts',(49.5,74.4855573101958,-4.58885100070037));
#15771=CARTESIAN_POINT('',(49.5,77.3055898709068,-2.11395505927583));
#15772=CARTESIAN_POINT('Origin',(49.5,76.2123106012294,-3.71231060122938));
#15773=CARTESIAN_POINT('',(49.5,74.6139550592758,-4.80558987090682));
#15774=CARTESIAN_POINT('Ctrl Pts',(49.5,74.6139550592758,-4.80558987090681));
#15775=CARTESIAN_POINT('Ctrl Pts',(49.4302938429834,74.63071711986,-4.79821632390684));
#15776=CARTESIAN_POINT('Ctrl Pts',(49.3612383253726,74.6510338017745,-4.78917807070489));
#15777=CARTESIAN_POINT('Ctrl Pts',(49.0641539643198,74.754775673959,-4.74196554635008));
#15778=CARTESIAN_POINT('Ctrl Pts',(48.8517952567303,74.8747359191079,-4.6847112159787));
#15779=CARTESIAN_POINT('Ctrl Pts',(48.5259393261046,75.128948729876,-4.54639983586184));
#15780=CARTESIAN_POINT('Ctrl Pts',(48.3703679221051,75.2934623608325,-4.44868677396487));
#15781=CARTESIAN_POINT('Ctrl Pts',(48.1853959066644,75.5600552650346,-4.26839545930249));
#15782=CARTESIAN_POINT('Ctrl Pts',(48.1145980473454,75.6945702315505,-4.16979103654336));
#15783=CARTESIAN_POINT('Ctrl Pts',(48.0219126605455,75.9621828500516,-3.95040837052668));
#15784=CARTESIAN_POINT('Ctrl Pts',(48.,76.095145315152,-3.82947588730678));
#15785=CARTESIAN_POINT('Ctrl Pts',(48.,76.3294758873068,-3.59514531515198));
#15786=CARTESIAN_POINT('Ctrl Pts',(48.0219126605455,76.4504083705267,-3.46218285005162));
#15787=CARTESIAN_POINT('Ctrl Pts',(48.1145980473454,76.6697910365434,-3.19457023155052));
#15788=CARTESIAN_POINT('Ctrl Pts',(48.1853959066644,76.7683954593025,-3.06005526503456));
#15789=CARTESIAN_POINT('Ctrl Pts',(48.3703679221051,76.9486867739649,-2.79346236083251));
#15790=CARTESIAN_POINT('Ctrl Pts',(48.5259393261046,77.0463998358618,-2.62894872987601));
#15791=CARTESIAN_POINT('Ctrl Pts',(48.8517952567303,77.1847112159787,-2.37473591910793));
#15792=CARTESIAN_POINT('Ctrl Pts',(49.0641539643198,77.2419655463501,-2.25477567395903));
#15793=CARTESIAN_POINT('Ctrl Pts',(49.3612383253726,77.2891780707049,-2.15103380177451));
#15794=CARTESIAN_POINT('Ctrl Pts',(49.4302938429835,77.2982163239068,-2.13071711985997));
#15795=CARTESIAN_POINT('Ctrl Pts',(49.5,77.3055898709068,-2.11395505927584));
#15796=CARTESIAN_POINT('Origin',(49.5,76.2123106012294,-3.71231060122938));
#15797=CARTESIAN_POINT('Origin',(49.5,77.5,0.));
#15798=CARTESIAN_POINT('',(49.5,74.403273227782,-4.89285714285715));
#15799=CARTESIAN_POINT('Origin',(49.5,72.5,0.));
#15800=CARTESIAN_POINT('',(49.5,74.3408066219759,-4.64880869892389));
#15801=CARTESIAN_POINT('Origin',(49.5,72.5,-5.25));
#15802=CARTESIAN_POINT('Origin',(49.5,72.5,0.));
#15803=CARTESIAN_POINT('Origin',(50.,72.5,-5.25));
#15804=CARTESIAN_POINT('',(49.5,70.6591933780241,-4.64880869892388));
#15805=CARTESIAN_POINT('Ctrl Pts',(49.5,74.3408066219759,-4.64880869892389));
#15806=CARTESIAN_POINT('Ctrl Pts',(49.3286057686127,74.2995835446624,-4.66513195905601));
#15807=CARTESIAN_POINT('Ctrl Pts',(49.1618698947929,74.2364331976562,-4.68962672789752));
#15808=CARTESIAN_POINT('Ctrl Pts',(48.8557929097039,74.0712316391499,-4.74749791359988));
#15809=CARTESIAN_POINT('Ctrl Pts',(48.7156147689109,73.9697373782633,-4.78067801890489));
#15810=CARTESIAN_POINT('Ctrl Pts',(48.4694437712289,73.7348043928946,-4.84664873038348));
#15811=CARTESIAN_POINT('Ctrl Pts',(48.3634485867005,73.6013519001616,-4.87938160646053));
#15812=CARTESIAN_POINT('Ctrl Pts',(48.1975170176454,73.3225550913062,-4.93380411493217));
#15813=CARTESIAN_POINT('Ctrl Pts',(48.1281679541878,73.1641275718,-4.95849335565977));
#15814=CARTESIAN_POINT('Ctrl Pts',(48.0372567554123,72.8327366727797,-4.99169393065209));
#15815=CARTESIAN_POINT('Ctrl Pts',(48.0156866258239,72.6597548673607,-4.99999913387001));
#15816=CARTESIAN_POINT('Ctrl Pts',(48.0156866258239,72.3402451326392,-4.99999913387));
#15817=CARTESIAN_POINT('Ctrl Pts',(48.0372567554123,72.1672633272203,-4.99169393065209));
#15818=CARTESIAN_POINT('Ctrl Pts',(48.1281679541878,71.8358724282,-4.95849335565976));
#15819=CARTESIAN_POINT('Ctrl Pts',(48.1975170176454,71.6774449086938,-4.93380411493217));
#15820=CARTESIAN_POINT('Ctrl Pts',(48.3634485867005,71.3986480998384,-4.87938160646052));
#15821=CARTESIAN_POINT('Ctrl Pts',(48.4694437712289,71.2651956071054,-4.84664873038347));
#15822=CARTESIAN_POINT('Ctrl Pts',(48.7156147689109,71.0302626217367,-4.78067801890488));
#15823=CARTESIAN_POINT('Ctrl Pts',(48.8557929097039,70.9287683608501,-4.74749791359987));
#15824=CARTESIAN_POINT('Ctrl Pts',(49.1618698947929,70.7635668023438,-4.68962672789751));
#15825=CARTESIAN_POINT('Ctrl Pts',(49.3286057686128,70.7004164553376,-4.665131959056));
#15826=CARTESIAN_POINT('Ctrl Pts',(49.5,70.6591933780241,-4.64880869892388));
#15827=CARTESIAN_POINT('',(49.5,70.5967267722179,-4.89285714285714));
#15828=CARTESIAN_POINT('Ctrl Pts',(49.5,70.596726772218,-4.89285714285714));
#15829=CARTESIAN_POINT('Ctrl Pts',(49.4302938429834,70.6137932240087,-4.89949582447777));
#15830=CARTESIAN_POINT('Ctrl Pts',(49.3612383253726,70.6345502976909,-4.90747087790157));
#15831=CARTESIAN_POINT('Ctrl Pts',(49.0641539643198,70.7412911751338,-4.94744316308801));
#15832=CARTESIAN_POINT('Ctrl Pts',(48.8517952567303,70.8666008032093,-4.9917829406477));
#15833=CARTESIAN_POINT('Ctrl Pts',(48.5259393261046,71.1441573203638,-5.0737376282104));
#15834=CARTESIAN_POINT('Ctrl Pts',(48.3703679221051,71.3295795930886,-5.12097276357951));
#15835=CARTESIAN_POINT('Ctrl Pts',(48.1853959066644,71.6455744546529,-5.18199720277019));
#15836=CARTESIAN_POINT('Ctrl Pts',(48.1145980473454,71.8104147556353,-5.20738979177675));
#15837=CARTESIAN_POINT('Ctrl Pts',(48.0219126605455,72.1547724237237,-5.24149351823478));
#15838=CARTESIAN_POINT('Ctrl Pts',(48.,72.33430326339,-5.25));
#15839=CARTESIAN_POINT('Ctrl Pts',(48.,72.66569673661,-5.25));
#15840=CARTESIAN_POINT('Ctrl Pts',(48.0219126605455,72.8452275762762,-5.24149351823478));
#15841=CARTESIAN_POINT('Ctrl Pts',(48.1145980473454,73.1895852443646,-5.20738979177675));
#15842=CARTESIAN_POINT('Ctrl Pts',(48.1853959066644,73.3544255453471,-5.1819972027702));
#15843=CARTESIAN_POINT('Ctrl Pts',(48.3703679221051,73.6704204069114,-5.12097276357951));
#15844=CARTESIAN_POINT('Ctrl Pts',(48.5259393261046,73.8558426796362,-5.0737376282104));
#15845=CARTESIAN_POINT('Ctrl Pts',(48.8517952567303,74.1333991967907,-4.99178294064771));
#15846=CARTESIAN_POINT('Ctrl Pts',(49.0641539643198,74.2587088248662,-4.94744316308802));
#15847=CARTESIAN_POINT('Ctrl Pts',(49.3612383253726,74.3654497023091,-4.90747087790158));
#15848=CARTESIAN_POINT('Ctrl Pts',(49.4302938429834,74.3862067759912,-4.89949582447777));
#15849=CARTESIAN_POINT('Ctrl Pts',(49.5,74.403273227782,-4.89285714285715));
#15850=CARTESIAN_POINT('Origin',(49.5,72.5,-5.25));
#15851=CARTESIAN_POINT('Origin',(49.5,77.5,0.));
#15852=CARTESIAN_POINT('',(49.5,70.3860449407242,-4.80558987090682));
#15853=CARTESIAN_POINT('Origin',(49.5,72.5,0.));
#15854=CARTESIAN_POINT('',(49.5,70.5144426898042,-4.58885100070037));
#15855=CARTESIAN_POINT('Origin',(49.5,68.7876893987706,-3.71231060122938));
#15856=CARTESIAN_POINT('Origin',(49.5,72.5,0.));
#15857=CARTESIAN_POINT('Origin',(50.,68.7876893987706,-3.71231060122938));
#15858=CARTESIAN_POINT('',(49.5,67.9111489992996,-1.98555731019582));
#15859=CARTESIAN_POINT('Ctrl Pts',(49.5,70.5144426898042,-4.58885100070037));
#15860=CARTESIAN_POINT('Ctrl Pts',(49.3286057686127,70.4737512843639,-4.57124417112108));
#15861=CARTESIAN_POINT('Ctrl Pts',(49.1618698947929,70.4117768286101,-4.54391054967015));
#15862=CARTESIAN_POINT('Ctrl Pts',(48.8557929097038,70.2540405784823,-4.46801651523323));
#15863=CARTESIAN_POINT('Ctrl Pts',(48.7156147689109,70.1588114208962,-4.41971111257041));
#15864=CARTESIAN_POINT('Ctrl Pts',(48.4694437712289,69.9460403763714,-4.30023674293802));
#15865=CARTESIAN_POINT('Ctrl Pts',(48.3634485867005,69.8285295751518,-4.2290172190021));
#15866=CARTESIAN_POINT('Ctrl Pts',(48.1975170176454,69.5929079362475,-4.07036062967675));
#15867=CARTESIAN_POINT('Ctrl Pts',(48.1281679541878,69.4634248333373,-3.97579338584818));
#15868=CARTESIAN_POINT('Ctrl Pts',(48.0372567554123,69.2056197297002,-3.76494098564382));
#15869=CARTESIAN_POINT('Ctrl Pts',(48.0156866258239,69.077430456552,-3.6484970435247));
#15870=CARTESIAN_POINT('Ctrl Pts',(48.0156866258239,68.8515029564753,-3.42256954344799));
#15871=CARTESIAN_POINT('Ctrl Pts',(48.0372567554123,68.7350590143562,-3.29438027029982));
#15872=CARTESIAN_POINT('Ctrl Pts',(48.1281679541878,68.5242066141518,-3.03657516666273));
#15873=CARTESIAN_POINT('Ctrl Pts',(48.1975170176454,68.4296393703232,-2.90709206375251));
#15874=CARTESIAN_POINT('Ctrl Pts',(48.3634485867005,68.2709827809979,-2.67147042484819));
#15875=CARTESIAN_POINT('Ctrl Pts',(48.4694437712289,68.199763257062,-2.55395962362862));
#15876=CARTESIAN_POINT('Ctrl Pts',(48.7156147689109,68.0802888874296,-2.34118857910381));
#15877=CARTESIAN_POINT('Ctrl Pts',(48.8557929097039,68.0319834847668,-2.24595942151769));
#15878=CARTESIAN_POINT('Ctrl Pts',(49.1618698947929,67.9560894503298,-2.08822317138988));
#15879=CARTESIAN_POINT('Ctrl Pts',(49.3286057686127,67.9287558288789,-2.02624871563609));
#15880=CARTESIAN_POINT('Ctrl Pts',(49.5,67.9111489992996,-1.98555731019582));
#15881=CARTESIAN_POINT('',(49.5,67.6944101290932,-2.11395505927584));
#15882=CARTESIAN_POINT('Ctrl Pts',(49.5,67.6944101290932,-2.11395505927584));
#15883=CARTESIAN_POINT('Ctrl Pts',(49.4302938429834,67.7017836760932,-2.13071711985998));
#15884=CARTESIAN_POINT('Ctrl Pts',(49.3612383253726,67.7108219292951,-2.15103380177452));
#15885=CARTESIAN_POINT('Ctrl Pts',(49.0641539643198,67.7580344536499,-2.25477567395904));
#15886=CARTESIAN_POINT('Ctrl Pts',(48.8517952567303,67.8152887840213,-2.37473591910794));
#15887=CARTESIAN_POINT('Ctrl Pts',(48.5259393261046,67.9536001641382,-2.62894872987601));
#15888=CARTESIAN_POINT('Ctrl Pts',(48.3703679221051,68.0513132260351,-2.79346236083251));
#15889=CARTESIAN_POINT('Ctrl Pts',(48.1853959066644,68.2316045406975,-3.06005526503457));
#15890=CARTESIAN_POINT('Ctrl Pts',(48.1145980473454,68.3302089634566,-3.19457023155051));
#15891=CARTESIAN_POINT('Ctrl Pts',(48.0219126605455,68.5495916294733,-3.46218285005162));
#15892=CARTESIAN_POINT('Ctrl Pts',(48.,68.6705241126932,-3.59514531515198));
#15893=CARTESIAN_POINT('Ctrl Pts',(48.,68.904854684848,-3.82947588730678));
#15894=CARTESIAN_POINT('Ctrl Pts',(48.0219126605454,69.0378171499484,-3.95040837052668));
#15895=CARTESIAN_POINT('Ctrl Pts',(48.1145980473454,69.3054297684495,-4.16979103654337));
#15896=CARTESIAN_POINT('Ctrl Pts',(48.1853959066644,69.4399447349654,-4.26839545930249));
#15897=CARTESIAN_POINT('Ctrl Pts',(48.3703679221051,69.7065376391675,-4.44868677396487));
#15898=CARTESIAN_POINT('Ctrl Pts',(48.5259393261046,69.871051270124,-4.54639983586184));
#15899=CARTESIAN_POINT('Ctrl Pts',(48.8517952567303,70.1252640808921,-4.6847112159787));
#15900=CARTESIAN_POINT('Ctrl Pts',(49.0641539643198,70.245224326041,-4.74196554635008));
#15901=CARTESIAN_POINT('Ctrl Pts',(49.3612383253726,70.3489661982255,-4.78917807070489));
#15902=CARTESIAN_POINT('Ctrl Pts',(49.4302938429834,70.36928288014,-4.79821632390684));
#15903=CARTESIAN_POINT('Ctrl Pts',(49.5,70.3860449407242,-4.80558987090681));
#15904=CARTESIAN_POINT('Origin',(49.5,68.7876893987706,-3.71231060122938));
#15905=CARTESIAN_POINT('Origin',(49.5,77.5,0.));
#15906=CARTESIAN_POINT('',(49.5,67.6071428571428,-1.90327322778204));
#15907=CARTESIAN_POINT('Origin',(49.5,72.5,0.));
#15908=CARTESIAN_POINT('',(49.5,67.8511913010761,-1.84080662197593));
#15909=CARTESIAN_POINT('Origin',(49.5,67.25,6.4293956955236E-16));
#15910=CARTESIAN_POINT('Origin',(49.5,72.5,0.));
#15911=CARTESIAN_POINT('Origin',(50.,67.25,6.4293956955236E-16));
#15912=CARTESIAN_POINT('',(48.0156866258239,67.50000086613,-6.12323293503344E-16));
#15913=CARTESIAN_POINT('Ctrl Pts',(49.5,67.8511913010761,-1.84080662197593));
#15914=CARTESIAN_POINT('Ctrl Pts',(49.3286057686127,67.834868040944,-1.79958354466238));
#15915=CARTESIAN_POINT('Ctrl Pts',(49.1618698947929,67.8103732721025,-1.73643319765619));
#15916=CARTESIAN_POINT('Ctrl Pts',(48.8557929097039,67.7525020864001,-1.57123163914993));
#15917=CARTESIAN_POINT('Ctrl Pts',(48.7156147689109,67.7193219810951,-1.46973737826327));
#15918=CARTESIAN_POINT('Ctrl Pts',(48.4694437712289,67.6533512696165,-1.23480439289459));
#15919=CARTESIAN_POINT('Ctrl Pts',(48.3634485867005,67.6206183935395,-1.1013519001616));
#15920=CARTESIAN_POINT('Ctrl Pts',(48.1975170176454,67.5661958850678,-0.822555091306177));
#15921=CARTESIAN_POINT('Ctrl Pts',(48.1281679541878,67.5415066443402,-0.664127571799982));
#15922=CARTESIAN_POINT('Ctrl Pts',(48.0372567554123,67.5083060693479,-0.332736672779726));
#15923=CARTESIAN_POINT('Ctrl Pts',(48.0156866258239,67.50000086613,-0.159754867360759));
#15924=CARTESIAN_POINT('Ctrl Pts',(48.0156866258239,67.50000086613,-2.08166817117217E-16));
#15925=CARTESIAN_POINT('',(48.,67.25,-6.42939569552361E-16));
#15926=CARTESIAN_POINT('Ctrl Pts',(48.,67.25,1.21430643318376E-15));
#15927=CARTESIAN_POINT('Ctrl Pts',(48.,67.25,-0.165696736609985));
#15928=CARTESIAN_POINT('Ctrl Pts',(48.0219126605455,67.2585064817652,-0.345227576276254));
#15929=CARTESIAN_POINT('Ctrl Pts',(48.1145980473454,67.2926102082232,-0.689585244364649));
#15930=CARTESIAN_POINT('Ctrl Pts',(48.1853959066644,67.3180027972298,-0.854425545347119));
#15931=CARTESIAN_POINT('Ctrl Pts',(48.3703679221051,67.3790272364205,-1.17042040691142));
#15932=CARTESIAN_POINT('Ctrl Pts',(48.5259393261046,67.4262623717896,-1.35584267963623));
#15933=CARTESIAN_POINT('Ctrl Pts',(48.8517952567303,67.5082170593523,-1.63339919679072));
#15934=CARTESIAN_POINT('Ctrl Pts',(49.0641539643198,67.552556836912,-1.75870882486621));
#15935=CARTESIAN_POINT('Ctrl Pts',(49.3612383253726,67.5925291220984,-1.8654497023091));
#15936=CARTESIAN_POINT('Ctrl Pts',(49.4302938429834,67.6005041755222,-1.88620677599125));
#15937=CARTESIAN_POINT('Ctrl Pts',(49.5,67.6071428571428,-1.90327322778204));
#15938=CARTESIAN_POINT('',(49.5,67.6071428571428,1.90327322778204));
#15939=CARTESIAN_POINT('Ctrl Pts',(49.5,67.6071428571428,1.90327322778203));
#15940=CARTESIAN_POINT('Ctrl Pts',(49.4302938429834,67.6005041755222,1.88620677599125));
#15941=CARTESIAN_POINT('Ctrl Pts',(49.3612383253726,67.5925291220984,1.8654497023091));
#15942=CARTESIAN_POINT('Ctrl Pts',(49.0641539643198,67.552556836912,1.75870882486621));
#15943=CARTESIAN_POINT('Ctrl Pts',(48.8517952567303,67.5082170593523,1.63339919679073));
#15944=CARTESIAN_POINT('Ctrl Pts',(48.5259393261046,67.4262623717896,1.35584267963623));
#15945=CARTESIAN_POINT('Ctrl Pts',(48.3703679221051,67.3790272364205,1.17042040691142));
#15946=CARTESIAN_POINT('Ctrl Pts',(48.1853959066644,67.3180027972298,0.854425545347121));
#15947=CARTESIAN_POINT('Ctrl Pts',(48.1145980473454,67.2926102082232,0.689585244364655));
#15948=CARTESIAN_POINT('Ctrl Pts',(48.0219126605455,67.2585064817652,0.345227576276255));
#15949=CARTESIAN_POINT('Ctrl Pts',(48.,67.25,0.165696736609986));
#15950=CARTESIAN_POINT('Ctrl Pts',(48.,67.25,8.67361737988404E-17));
#15951=CARTESIAN_POINT('',(49.5,67.8511913010761,1.84080662197593));
#15952=CARTESIAN_POINT('Origin',(49.5,67.25,6.4293956955236E-16));
#15953=CARTESIAN_POINT('Ctrl Pts',(48.0156866258239,67.50000086613,-1.04083408558608E-15));
#15954=CARTESIAN_POINT('Ctrl Pts',(48.0156866258239,67.50000086613,0.159754867360758));
#15955=CARTESIAN_POINT('Ctrl Pts',(48.0372567554123,67.5083060693479,0.332736672779726));
#15956=CARTESIAN_POINT('Ctrl Pts',(48.1281679541878,67.5415066443402,0.66412757179998));
#15957=CARTESIAN_POINT('Ctrl Pts',(48.1975170176454,67.5661958850678,0.822555091306176));
#15958=CARTESIAN_POINT('Ctrl Pts',(48.3634485867005,67.6206183935395,1.1013519001616));
#15959=CARTESIAN_POINT('Ctrl Pts',(48.4694437712289,67.6533512696165,1.23480439289458));
#15960=CARTESIAN_POINT('Ctrl Pts',(48.7156147689109,67.7193219810951,1.46973737826327));
#15961=CARTESIAN_POINT('Ctrl Pts',(48.8557929097038,67.7525020864001,1.57123163914993));
#15962=CARTESIAN_POINT('Ctrl Pts',(49.1618698947929,67.8103732721025,1.73643319765619));
#15963=CARTESIAN_POINT('Ctrl Pts',(49.3286057686127,67.834868040944,1.79958354466238));
#15964=CARTESIAN_POINT('Ctrl Pts',(49.5,67.8511913010761,1.84080662197593));
#15965=CARTESIAN_POINT('Origin',(49.5,77.5,0.));
#15966=CARTESIAN_POINT('',(49.5,67.6944101290932,2.11395505927583));
#15967=CARTESIAN_POINT('Origin',(49.5,72.5,0.));
#15968=CARTESIAN_POINT('',(49.5,67.9111489992996,1.98555731019581));
#15969=CARTESIAN_POINT('Origin',(49.5,68.7876893987706,3.71231060122938));
#15970=CARTESIAN_POINT('Origin',(49.5,72.5,0.));
#15971=CARTESIAN_POINT('Origin',(50.,68.7876893987706,3.71231060122938));
#15972=CARTESIAN_POINT('',(49.5,70.5144426898042,4.58885100070036));
#15973=CARTESIAN_POINT('Ctrl Pts',(49.5,67.9111489992996,1.98555731019581));
#15974=CARTESIAN_POINT('Ctrl Pts',(49.3286057686127,67.9287558288789,2.02624871563609));
#15975=CARTESIAN_POINT('Ctrl Pts',(49.1618698947929,67.9560894503298,2.08822317138988));
#15976=CARTESIAN_POINT('Ctrl Pts',(48.8557929097039,68.0319834847668,2.24595942151768));
#15977=CARTESIAN_POINT('Ctrl Pts',(48.7156147689109,68.0802888874296,2.3411885791038));
#15978=CARTESIAN_POINT('Ctrl Pts',(48.4694437712289,68.199763257062,2.55395962362861));
#15979=CARTESIAN_POINT('Ctrl Pts',(48.3634485867005,68.2709827809979,2.67147042484818));
#15980=CARTESIAN_POINT('Ctrl Pts',(48.1975170176454,68.4296393703232,2.90709206375251));
#15981=CARTESIAN_POINT('Ctrl Pts',(48.1281679541878,68.5242066141518,3.03657516666273));
#15982=CARTESIAN_POINT('Ctrl Pts',(48.0372567554123,68.7350590143562,3.29438027029983));
#15983=CARTESIAN_POINT('Ctrl Pts',(48.0156866258239,68.8515029564753,3.42256954344799));
#15984=CARTESIAN_POINT('Ctrl Pts',(48.0156866258239,69.077430456552,3.64849704352469));
#15985=CARTESIAN_POINT('Ctrl Pts',(48.0372567554123,69.2056197297002,3.76494098564382));
#15986=CARTESIAN_POINT('Ctrl Pts',(48.1281679541878,69.4634248333373,3.97579338584818));
#15987=CARTESIAN_POINT('Ctrl Pts',(48.1975170176454,69.5929079362475,4.07036062967675));
#15988=CARTESIAN_POINT('Ctrl Pts',(48.3634485867005,69.8285295751518,4.2290172190021));
#15989=CARTESIAN_POINT('Ctrl Pts',(48.4694437712289,69.9460403763714,4.30023674293802));
#15990=CARTESIAN_POINT('Ctrl Pts',(48.7156147689109,70.1588114208962,4.41971111257041));
#15991=CARTESIAN_POINT('Ctrl Pts',(48.8557929097039,70.2540405784823,4.46801651523323));
#15992=CARTESIAN_POINT('Ctrl Pts',(49.1618698947929,70.4117768286101,4.54391054967014));
#15993=CARTESIAN_POINT('Ctrl Pts',(49.3286057686127,70.4737512843639,4.57124417112107));
#15994=CARTESIAN_POINT('Ctrl Pts',(49.5,70.5144426898042,4.58885100070036));
#15995=CARTESIAN_POINT('',(49.5,70.3860449407242,4.80558987090681));
#15996=CARTESIAN_POINT('Ctrl Pts',(49.5,70.3860449407241,4.80558987090681));
#15997=CARTESIAN_POINT('Ctrl Pts',(49.4302938429834,70.36928288014,4.79821632390683));
#15998=CARTESIAN_POINT('Ctrl Pts',(49.3612383253726,70.3489661982255,4.78917807070489));
#15999=CARTESIAN_POINT('Ctrl Pts',(49.0641539643198,70.245224326041,4.74196554635007));
#16000=CARTESIAN_POINT('Ctrl Pts',(48.8517952567303,70.1252640808921,4.6847112159787));
#16001=CARTESIAN_POINT('Ctrl Pts',(48.5259393261046,69.871051270124,4.54639983586184));
#16002=CARTESIAN_POINT('Ctrl Pts',(48.3703679221051,69.7065376391675,4.44868677396487));
#16003=CARTESIAN_POINT('Ctrl Pts',(48.1853959066644,69.4399447349654,4.26839545930249));
#16004=CARTESIAN_POINT('Ctrl Pts',(48.1145980473454,69.3054297684495,4.16979103654337));
#16005=CARTESIAN_POINT('Ctrl Pts',(48.0219126605455,69.0378171499484,3.95040837052668));
#16006=CARTESIAN_POINT('Ctrl Pts',(48.,68.904854684848,3.82947588730678));
#16007=CARTESIAN_POINT('Ctrl Pts',(48.,68.6705241126932,3.59514531515197));
#16008=CARTESIAN_POINT('Ctrl Pts',(48.0219126605455,68.5495916294733,3.4621828500516));
#16009=CARTESIAN_POINT('Ctrl Pts',(48.1145980473454,68.3302089634566,3.1945702315505));
#16010=CARTESIAN_POINT('Ctrl Pts',(48.1853959066644,68.2316045406975,3.06005526503456));
#16011=CARTESIAN_POINT('Ctrl Pts',(48.3703679221051,68.0513132260351,2.7934623608325));
#16012=CARTESIAN_POINT('Ctrl Pts',(48.5259393261046,67.9536001641382,2.628948729876));
#16013=CARTESIAN_POINT('Ctrl Pts',(48.8517952567303,67.8152887840213,2.37473591910793));
#16014=CARTESIAN_POINT('Ctrl Pts',(49.0641539643198,67.7580344536499,2.25477567395903));
#16015=CARTESIAN_POINT('Ctrl Pts',(49.3612383253726,67.7108219292951,2.15103380177451));
#16016=CARTESIAN_POINT('Ctrl Pts',(49.4302938429835,67.7017836760932,2.13071711985997));
#16017=CARTESIAN_POINT('Ctrl Pts',(49.5,67.6944101290932,2.11395505927583));
#16018=CARTESIAN_POINT('Origin',(49.5,68.7876893987706,3.71231060122938));
#16019=CARTESIAN_POINT('Origin',(49.5,77.5,0.));
#16020=CARTESIAN_POINT('',(49.5,70.5967267722179,4.89285714285715));
#16021=CARTESIAN_POINT('Origin',(49.5,72.5,0.));
#16022=CARTESIAN_POINT('',(49.5,70.6591933780241,4.64880869892389));
#16023=CARTESIAN_POINT('Origin',(49.5,72.5,5.25));
#16024=CARTESIAN_POINT('Origin',(49.5,72.5,0.));
#16025=CARTESIAN_POINT('Origin',(50.,72.5,5.25));
#16026=CARTESIAN_POINT('',(49.5,74.3408066219759,4.64880869892388));
#16027=CARTESIAN_POINT('Ctrl Pts',(49.5,70.6591933780241,4.64880869892389));
#16028=CARTESIAN_POINT('Ctrl Pts',(49.3286057686127,70.7004164553376,4.66513195905601));
#16029=CARTESIAN_POINT('Ctrl Pts',(49.1618698947929,70.7635668023438,4.68962672789752));
#16030=CARTESIAN_POINT('Ctrl Pts',(48.8557929097039,70.9287683608501,4.74749791359988));
#16031=CARTESIAN_POINT('Ctrl Pts',(48.7156147689109,71.0302626217367,4.78067801890488));
#16032=CARTESIAN_POINT('Ctrl Pts',(48.4694437712289,71.2651956071054,4.84664873038347));
#16033=CARTESIAN_POINT('Ctrl Pts',(48.3634485867005,71.3986480998384,4.87938160646052));
#16034=CARTESIAN_POINT('Ctrl Pts',(48.1975170176454,71.6774449086938,4.93380411493217));
#16035=CARTESIAN_POINT('Ctrl Pts',(48.1281679541878,71.8358724282,4.95849335565977));
#16036=CARTESIAN_POINT('Ctrl Pts',(48.0372567554123,72.1672633272203,4.99169393065209));
#16037=CARTESIAN_POINT('Ctrl Pts',(48.0156866258239,72.3402451326392,4.99999913387001));
#16038=CARTESIAN_POINT('Ctrl Pts',(48.0156866258239,72.6597548673608,4.99999913387001));
#16039=CARTESIAN_POINT('Ctrl Pts',(48.0372567554123,72.8327366727797,4.99169393065209));
#16040=CARTESIAN_POINT('Ctrl Pts',(48.1281679541877,73.1641275718,4.95849335565977));
#16041=CARTESIAN_POINT('Ctrl Pts',(48.1975170176454,73.3225550913062,4.93380411493217));
#16042=CARTESIAN_POINT('Ctrl Pts',(48.3634485867005,73.6013519001616,4.87938160646052));
#16043=CARTESIAN_POINT('Ctrl Pts',(48.4694437712289,73.7348043928946,4.84664873038347));
#16044=CARTESIAN_POINT('Ctrl Pts',(48.7156147689109,73.9697373782633,4.78067801890488));
#16045=CARTESIAN_POINT('Ctrl Pts',(48.8557929097039,74.0712316391499,4.74749791359987));
#16046=CARTESIAN_POINT('Ctrl Pts',(49.1618698947929,74.2364331976562,4.68962672789752));
#16047=CARTESIAN_POINT('Ctrl Pts',(49.3286057686127,74.2995835446624,4.665131959056));
#16048=CARTESIAN_POINT('Ctrl Pts',(49.5,74.3408066219759,4.64880869892388));
#16049=CARTESIAN_POINT('',(49.5,74.403273227782,4.89285714285715));
#16050=CARTESIAN_POINT('Ctrl Pts',(49.5,74.403273227782,4.89285714285714));
#16051=CARTESIAN_POINT('Ctrl Pts',(49.4302938429834,74.3862067759913,4.89949582447777));
#16052=CARTESIAN_POINT('Ctrl Pts',(49.3612383253726,74.3654497023091,4.90747087790157));
#16053=CARTESIAN_POINT('Ctrl Pts',(49.0641539643198,74.2587088248662,4.94744316308801));
#16054=CARTESIAN_POINT('Ctrl Pts',(48.8517952567303,74.1333991967907,4.9917829406477));
#16055=CARTESIAN_POINT('Ctrl Pts',(48.5259393261046,73.8558426796362,5.0737376282104));
#16056=CARTESIAN_POINT('Ctrl Pts',(48.3703679221051,73.6704204069114,5.12097276357951));
#16057=CARTESIAN_POINT('Ctrl Pts',(48.1853959066644,73.3544255453471,5.18199720277019));
#16058=CARTESIAN_POINT('Ctrl Pts',(48.1145980473454,73.1895852443647,5.20738979177675));
#16059=CARTESIAN_POINT('Ctrl Pts',(48.0219126605455,72.8452275762763,5.24149351823478));
#16060=CARTESIAN_POINT('Ctrl Pts',(48.,72.66569673661,5.25));
#16061=CARTESIAN_POINT('Ctrl Pts',(48.,72.33430326339,5.25));
#16062=CARTESIAN_POINT('Ctrl Pts',(48.0219126605455,72.1547724237238,5.24149351823478));
#16063=CARTESIAN_POINT('Ctrl Pts',(48.1145980473454,71.8104147556354,5.20738979177675));
#16064=CARTESIAN_POINT('Ctrl Pts',(48.1853959066644,71.6455744546529,5.1819972027702));
#16065=CARTESIAN_POINT('Ctrl Pts',(48.3703679221051,71.3295795930886,5.12097276357951));
#16066=CARTESIAN_POINT('Ctrl Pts',(48.5259393261046,71.1441573203638,5.0737376282104));
#16067=CARTESIAN_POINT('Ctrl Pts',(48.8517952567303,70.8666008032093,4.99178294064771));
#16068=CARTESIAN_POINT('Ctrl Pts',(49.0641539643198,70.7412911751338,4.94744316308802));
#16069=CARTESIAN_POINT('Ctrl Pts',(49.3612383253726,70.6345502976909,4.90747087790158));
#16070=CARTESIAN_POINT('Ctrl Pts',(49.4302938429834,70.6137932240087,4.89949582447777));
#16071=CARTESIAN_POINT('Ctrl Pts',(49.5,70.596726772218,4.89285714285715));
#16072=CARTESIAN_POINT('Origin',(49.5,72.5,5.25));
#16073=CARTESIAN_POINT('Origin',(49.5,77.5,0.));
#16074=CARTESIAN_POINT('',(49.5,74.6139550592758,4.80558987090682));
#16075=CARTESIAN_POINT('Origin',(49.5,72.5,0.));
#16076=CARTESIAN_POINT('',(49.5,74.4855573101958,4.58885100070037));
#16077=CARTESIAN_POINT('Origin',(49.5,76.2123106012294,3.71231060122938));
#16078=CARTESIAN_POINT('Origin',(49.5,72.5,0.));
#16079=CARTESIAN_POINT('Origin',(50.,76.2123106012294,3.71231060122938));
#16080=CARTESIAN_POINT('',(49.5,77.3055898709068,2.11395505927583));
#16081=CARTESIAN_POINT('Ctrl Pts',(49.5,77.3055898709068,2.11395505927584));
#16082=CARTESIAN_POINT('Ctrl Pts',(49.4302938429834,77.2982163239068,2.13071711985997));
#16083=CARTESIAN_POINT('Ctrl Pts',(49.3612383253726,77.2891780707049,2.15103380177451));
#16084=CARTESIAN_POINT('Ctrl Pts',(49.0641539643198,77.2419655463501,2.25477567395904));
#16085=CARTESIAN_POINT('Ctrl Pts',(48.8517952567303,77.1847112159787,2.37473591910793));
#16086=CARTESIAN_POINT('Ctrl Pts',(48.5259393261046,77.0463998358618,2.62894872987601));
#16087=CARTESIAN_POINT('Ctrl Pts',(48.3703679221051,76.9486867739649,2.79346236083251));
#16088=CARTESIAN_POINT('Ctrl Pts',(48.1853959066644,76.7683954593025,3.06005526503456));
#16089=CARTESIAN_POINT('Ctrl Pts',(48.1145980473454,76.6697910365434,3.19457023155051));
#16090=CARTESIAN_POINT('Ctrl Pts',(48.0219126605455,76.4504083705267,3.46218285005162));
#16091=CARTESIAN_POINT('Ctrl Pts',(48.,76.3294758873068,3.59514531515198));
#16092=CARTESIAN_POINT('Ctrl Pts',(48.,76.095145315152,3.82947588730678));
#16093=CARTESIAN_POINT('Ctrl Pts',(48.0219126605455,75.9621828500516,3.95040837052668));
#16094=CARTESIAN_POINT('Ctrl Pts',(48.1145980473454,75.6945702315505,4.16979103654337));
#16095=CARTESIAN_POINT('Ctrl Pts',(48.1853959066644,75.5600552650346,4.26839545930249));
#16096=CARTESIAN_POINT('Ctrl Pts',(48.3703679221051,75.2934623608325,4.44868677396487));
#16097=CARTESIAN_POINT('Ctrl Pts',(48.5259393261046,75.128948729876,4.54639983586184));
#16098=CARTESIAN_POINT('Ctrl Pts',(48.8517952567303,74.8747359191079,4.6847112159787));
#16099=CARTESIAN_POINT('Ctrl Pts',(49.0641539643198,74.754775673959,4.74196554635008));
#16100=CARTESIAN_POINT('Ctrl Pts',(49.3612383253726,74.6510338017745,4.78917807070489));
#16101=CARTESIAN_POINT('Ctrl Pts',(49.4302938429834,74.63071711986,4.79821632390684));
#16102=CARTESIAN_POINT('Ctrl Pts',(49.5,74.6139550592758,4.80558987090681));
#16103=CARTESIAN_POINT('',(49.5,77.0888510007004,1.98555731019581));
#16104=CARTESIAN_POINT('Origin',(49.5,76.2123106012294,3.71231060122938));
#16105=CARTESIAN_POINT('Ctrl Pts',(49.5,74.4855573101958,4.58885100070037));
#16106=CARTESIAN_POINT('Ctrl Pts',(49.3286057686127,74.5262487156361,4.57124417112108));
#16107=CARTESIAN_POINT('Ctrl Pts',(49.1618698947929,74.5882231713899,4.54391054967015));
#16108=CARTESIAN_POINT('Ctrl Pts',(48.8557929097039,74.7459594215177,4.46801651523323));
#16109=CARTESIAN_POINT('Ctrl Pts',(48.7156147689109,74.8411885791038,4.41971111257042));
#16110=CARTESIAN_POINT('Ctrl Pts',(48.4694437712289,75.0539596236286,4.30023674293803));
#16111=CARTESIAN_POINT('Ctrl Pts',(48.3634485867005,75.1714704248482,4.2290172190021));
#16112=CARTESIAN_POINT('Ctrl Pts',(48.1975170176454,75.4070920637525,4.07036062967675));
#16113=CARTESIAN_POINT('Ctrl Pts',(48.1281679541878,75.5365751666627,3.97579338584819));
#16114=CARTESIAN_POINT('Ctrl Pts',(48.0372567554123,75.7943802702998,3.76494098564382));
#16115=CARTESIAN_POINT('Ctrl Pts',(48.0156866258239,75.922569543448,3.64849704352469));
#16116=CARTESIAN_POINT('Ctrl Pts',(48.0156866258239,76.1484970435247,3.42256954344799));
#16117=CARTESIAN_POINT('Ctrl Pts',(48.0372567554123,76.2649409856438,3.29438027029983));
#16118=CARTESIAN_POINT('Ctrl Pts',(48.1281679541878,76.4757933858482,3.03657516666273));
#16119=CARTESIAN_POINT('Ctrl Pts',(48.1975170176454,76.5703606296768,2.90709206375251));
#16120=CARTESIAN_POINT('Ctrl Pts',(48.3634485867005,76.7290172190021,2.67147042484818));
#16121=CARTESIAN_POINT('Ctrl Pts',(48.4694437712289,76.800236742938,2.55395962362862));
#16122=CARTESIAN_POINT('Ctrl Pts',(48.7156147689109,76.9197111125704,2.34118857910381));
#16123=CARTESIAN_POINT('Ctrl Pts',(48.8557929097039,76.9680165152332,2.24595942151768));
#16124=CARTESIAN_POINT('Ctrl Pts',(49.1618698947929,77.0439105496702,2.08822317138988));
#16125=CARTESIAN_POINT('Ctrl Pts',(49.3286057686127,77.0712441711211,2.02624871563609));
#16126=CARTESIAN_POINT('Ctrl Pts',(49.5,77.0888510007004,1.98555731019581));
#16127=CARTESIAN_POINT('Origin',(49.5,77.5,0.));
#16128=CARTESIAN_POINT('',(49.5,77.1488086989239,-1.84080662197593));
#16129=CARTESIAN_POINT('Origin',(49.5,72.5,0.));
#16130=CARTESIAN_POINT('',(49.5,77.3928571428572,-1.90327322778204));
#16131=CARTESIAN_POINT('Origin',(49.5,77.75,0.));
#16132=CARTESIAN_POINT('Origin',(49.5,72.5,0.));
#16133=CARTESIAN_POINT('Origin',(50.,77.75,0.));
#16134=CARTESIAN_POINT('',(49.5,77.3928571428572,1.90327322778204));
#16135=CARTESIAN_POINT('Ctrl Pts',(49.5,77.3928571428572,-1.90327322778203));
#16136=CARTESIAN_POINT('Ctrl Pts',(49.4302938429834,77.3994958244778,-1.88620677599125));
#16137=CARTESIAN_POINT('Ctrl Pts',(49.3612383253726,77.4074708779016,-1.8654497023091));
#16138=CARTESIAN_POINT('Ctrl Pts',(49.0641539643198,77.447443163088,-1.75870882486621));
#16139=CARTESIAN_POINT('Ctrl Pts',(48.8517952567303,77.4917829406477,-1.63339919679072));
#16140=CARTESIAN_POINT('Ctrl Pts',(48.5259393261046,77.5737376282104,-1.35584267963623));
#16141=CARTESIAN_POINT('Ctrl Pts',(48.3703679221051,77.6209727635795,-1.17042040691142));
#16142=CARTESIAN_POINT('Ctrl Pts',(48.1853959066644,77.6819972027702,-0.854425545347119));
#16143=CARTESIAN_POINT('Ctrl Pts',(48.1145980473454,77.7073897917768,-0.689585244364653));
#16144=CARTESIAN_POINT('Ctrl Pts',(48.0219126605455,77.7414935182348,-0.345227576276254));
#16145=CARTESIAN_POINT('Ctrl Pts',(48.,77.75,-0.165696736609986));
#16146=CARTESIAN_POINT('Ctrl Pts',(48.,77.75,0.165696736609986));
#16147=CARTESIAN_POINT('Ctrl Pts',(48.0219126605455,77.7414935182348,0.345227576276254));
#16148=CARTESIAN_POINT('Ctrl Pts',(48.1145980473454,77.7073897917768,0.689585244364653));
#16149=CARTESIAN_POINT('Ctrl Pts',(48.1853959066644,77.6819972027702,0.854425545347119));
#16150=CARTESIAN_POINT('Ctrl Pts',(48.3703679221051,77.6209727635795,1.17042040691142));
#16151=CARTESIAN_POINT('Ctrl Pts',(48.5259393261046,77.5737376282104,1.35584267963623));
#16152=CARTESIAN_POINT('Ctrl Pts',(48.8517952567303,77.4917829406477,1.63339919679072));
#16153=CARTESIAN_POINT('Ctrl Pts',(49.0641539643198,77.447443163088,1.75870882486621));
#16154=CARTESIAN_POINT('Ctrl Pts',(49.3612383253726,77.4074708779016,1.8654497023091));
#16155=CARTESIAN_POINT('Ctrl Pts',(49.4302938429834,77.3994958244778,1.88620677599125));
#16156=CARTESIAN_POINT('Ctrl Pts',(49.5,77.3928571428572,1.90327322778203));
#16157=CARTESIAN_POINT('',(49.5,77.1488086989239,1.84080662197593));
#16158=CARTESIAN_POINT('Ctrl Pts',(49.5,77.1488086989239,1.84080662197593));
#16159=CARTESIAN_POINT('Ctrl Pts',(49.3286057686127,77.165131959056,1.79958354466238));
#16160=CARTESIAN_POINT('Ctrl Pts',(49.1618698947929,77.1896267278975,1.73643319765619));
#16161=CARTESIAN_POINT('Ctrl Pts',(48.8557929097039,77.2474979135999,1.57123163914993));
#16162=CARTESIAN_POINT('Ctrl Pts',(48.7156147689109,77.2806780189049,1.46973737826328));
#16163=CARTESIAN_POINT('Ctrl Pts',(48.4694437712289,77.3466487303835,1.23480439289459));
#16164=CARTESIAN_POINT('Ctrl Pts',(48.3634485867005,77.3793816064605,1.1013519001616));
#16165=CARTESIAN_POINT('Ctrl Pts',(48.1975170176454,77.4338041149322,0.822555091306178));
#16166=CARTESIAN_POINT('Ctrl Pts',(48.1281679541878,77.4584933556598,0.664127571799987));
#16167=CARTESIAN_POINT('Ctrl Pts',(48.0372567554123,77.4916939306521,0.33273667277973));
#16168=CARTESIAN_POINT('Ctrl Pts',(48.0156866258239,77.49999913387,0.159754867360759));
#16169=CARTESIAN_POINT('Ctrl Pts',(48.0156866258239,77.49999913387,-0.159754867360759));
#16170=CARTESIAN_POINT('Ctrl Pts',(48.0372567554123,77.4916939306521,-0.332736672779732));
#16171=CARTESIAN_POINT('Ctrl Pts',(48.1281679541878,77.4584933556598,-0.664127571799986));
#16172=CARTESIAN_POINT('Ctrl Pts',(48.1975170176454,77.4338041149322,-0.822555091306178));
#16173=CARTESIAN_POINT('Ctrl Pts',(48.3634485867005,77.3793816064605,-1.1013519001616));
#16174=CARTESIAN_POINT('Ctrl Pts',(48.4694437712289,77.3466487303835,-1.23480439289458));
#16175=CARTESIAN_POINT('Ctrl Pts',(48.7156147689109,77.2806780189049,-1.46973737826327));
#16176=CARTESIAN_POINT('Ctrl Pts',(48.8557929097038,77.2474979135999,-1.57123163914993));
#16177=CARTESIAN_POINT('Ctrl Pts',(49.1618698947929,77.1896267278975,-1.73643319765619));
#16178=CARTESIAN_POINT('Ctrl Pts',(49.3286057686127,77.165131959056,-1.79958354466238));
#16179=CARTESIAN_POINT('Ctrl Pts',(49.5,77.1488086989239,-1.84080662197592));
#16180=CARTESIAN_POINT('Origin',(49.5,77.75,0.));
#16181=CARTESIAN_POINT('Origin',(49.5,77.5,0.));
#16182=CARTESIAN_POINT('Origin',(49.5,72.5,0.));
#16183=CARTESIAN_POINT('Origin',(49.5,72.5,0.));
#16184=CARTESIAN_POINT('Origin',(50.,76.2123106012294,-3.71231060122938));
#16185=CARTESIAN_POINT('',(50.,74.8782866895571,-4.39815329681394));
#16186=CARTESIAN_POINT('',(50.,76.8981532968139,-2.37828668955714));
#16187=CARTESIAN_POINT('Ctrl Pts',(50.,74.8782862934521,-4.39815252635452));
#16188=CARTESIAN_POINT('Ctrl Pts',(49.7482348363221,74.8782862934521,-4.39815252635452));
#16189=CARTESIAN_POINT('Ctrl Pts',(49.4866228276465,74.9376118011098,-4.36743915665876));
#16190=CARTESIAN_POINT('Ctrl Pts',(49.1474711180079,75.1033165889718,-4.26929213614408));
#16191=CARTESIAN_POINT('Ctrl Pts',(49.0428673857692,75.1708103848428,-4.22788982317999));
#16192=CARTESIAN_POINT('Ctrl Pts',(48.8592013961165,75.3222698629264,-4.12830760314561));
#16193=CARTESIAN_POINT('Ctrl Pts',(48.7801425401211,75.4062190883105,-4.07009639578862));
#16194=CARTESIAN_POINT('Ctrl Pts',(48.6564718064482,75.5754607945963,-3.9436110534972));
#16195=CARTESIAN_POINT('Ctrl Pts',(48.6047735145636,75.6690009953033,-3.8694726720704));
#16196=CARTESIAN_POINT('Ctrl Pts',(48.5370264179834,75.8570253366803,-3.70752842790717));
#16197=CARTESIAN_POINT('Ctrl Pts',(48.520980200628,75.9514334055662,-3.61963318140653));
#16198=CARTESIAN_POINT('Ctrl Pts',(48.520980200628,76.1196331814065,-3.45143340556616));
#16199=CARTESIAN_POINT('Ctrl Pts',(48.5370264179834,76.2075284279072,-3.35702533668025));
#16200=CARTESIAN_POINT('Ctrl Pts',(48.6047735145636,76.3694726720704,-3.16900099530324));
#16201=CARTESIAN_POINT('Ctrl Pts',(48.6564718064482,76.4436110534972,-3.07546079459631));
#16202=CARTESIAN_POINT('Ctrl Pts',(48.7801425401211,76.5700963957886,-2.90621908831054));
#16203=CARTESIAN_POINT('Ctrl Pts',(48.8592013961165,76.6283076031456,-2.82226986292639));
#16204=CARTESIAN_POINT('Ctrl Pts',(49.0428673857692,76.72788982318,-2.67081038484278));
#16205=CARTESIAN_POINT('Ctrl Pts',(49.1474711180079,76.7692921361441,-2.60331658897177));
#16206=CARTESIAN_POINT('Ctrl Pts',(49.4866228276465,76.8674391566587,-2.43761180110979));
#16207=CARTESIAN_POINT('Ctrl Pts',(49.7482348363221,76.8981525263545,-2.3782862934521));
#16208=CARTESIAN_POINT('Ctrl Pts',(50.,76.8981525263545,-2.3782862934521));
#16209=CARTESIAN_POINT('',(50.,75.0110064012109,-4.6105690378822));
#16210=CARTESIAN_POINT('Origin',(50.,76.2123106012294,-3.71231060122938));
#16211=CARTESIAN_POINT('',(50.,77.1105690378822,-2.51100640121089));
#16212=CARTESIAN_POINT('Ctrl Pts',(50.,77.1105690378822,-2.51100640121089));
#16213=CARTESIAN_POINT('Ctrl Pts',(49.8272817300538,77.1105690378822,-2.51100640121089));
#16214=CARTESIAN_POINT('Ctrl Pts',(49.6422418408454,77.0955145205256,-2.53930252792786));
#16215=CARTESIAN_POINT('Ctrl Pts',(49.2977018170827,77.0305720844791,-2.65343694926077));
#16216=CARTESIAN_POINT('Ctrl Pts',(49.1381894384228,76.9803243786492,-2.73903315136184));
#16217=CARTESIAN_POINT('Ctrl Pts',(48.8939559893863,76.8635368793762,-2.92102696678957));
#16218=CARTESIAN_POINT('Ctrl Pts',(48.7775630468677,76.7830993632058,-3.03895564749877));
#16219=CARTESIAN_POINT('Ctrl Pts',(48.639016199275,76.638958532338,-3.23157765150705));
#16220=CARTESIAN_POINT('Ctrl Pts',(48.585906992331,76.5612958929887,-3.32944497556242));
#16221=CARTESIAN_POINT('Ctrl Pts',(48.5164042040966,76.3919039506231,-3.52596254314672));
#16222=CARTESIAN_POINT('Ctrl Pts',(48.5,76.3000873974336,-3.6245338050252));
#16223=CARTESIAN_POINT('Ctrl Pts',(48.5,76.1245338050252,-3.80008739743356));
#16224=CARTESIAN_POINT('Ctrl Pts',(48.5164042040965,76.0259625431467,-3.89190395062306));
#16225=CARTESIAN_POINT('Ctrl Pts',(48.585906992331,75.8294449755624,-4.06129589298871));
#16226=CARTESIAN_POINT('Ctrl Pts',(48.6390161992751,75.7315776515071,-4.13895853233802));
#16227=CARTESIAN_POINT('Ctrl Pts',(48.7775630468677,75.5389556474988,-4.28309936320579));
#16228=CARTESIAN_POINT('Ctrl Pts',(48.8939559893863,75.4210269667896,-4.36353687937619));
#16229=CARTESIAN_POINT('Ctrl Pts',(49.1381894384228,75.2390331513618,-4.48032437864917));
#16230=CARTESIAN_POINT('Ctrl Pts',(49.2977018170827,75.1534369492608,-4.53057208447915));
#16231=CARTESIAN_POINT('Ctrl Pts',(49.6422418408454,75.0393025279279,-4.59551452052559));
#16232=CARTESIAN_POINT('Ctrl Pts',(49.8272817300538,75.0110064012109,-4.6105690378822));
#16233=CARTESIAN_POINT('Ctrl Pts',(50.,75.0110064012109,-4.6105690378822));
#16234=CARTESIAN_POINT('Origin',(50.,76.2123106012294,-3.71231060122938));
#16235=CARTESIAN_POINT('Origin',(49.,72.5,0.));
#16236=CARTESIAN_POINT('',(50.,73.9846149779162,-5.03571428571429));
#16237=CARTESIAN_POINT('Origin',(50.,72.5,0.));
#16238=CARTESIAN_POINT('',(50.,71.0153850220838,-5.03571428571429));
#16239=CARTESIAN_POINT('Ctrl Pts',(50.,73.9846149779162,-5.03571428571429));
#16240=CARTESIAN_POINT('Ctrl Pts',(49.8272817300538,73.9846149779162,-5.03571428571429));
#16241=CARTESIAN_POINT('Ctrl Pts',(49.6422418408454,73.953961443523,-5.04507751748682));
#16242=CARTESIAN_POINT('Ctrl Pts',(49.2977018170827,73.8273349833164,-5.07986150386291));
#16243=CARTESIAN_POINT('Ctrl Pts',(49.1381894384228,73.7312788348355,-5.10485666528094));
#16244=CARTESIAN_POINT('Ctrl Pts',(48.8939559893863,73.5200085411188,-5.15096449361016));
#16245=CARTESIAN_POINT('Ctrl Pts',(48.7775630468677,73.379742458147,-5.17747475029013));
#16246=CARTESIAN_POINT('Ctrl Pts',(48.639016199275,73.1416151739546,-5.21175611657767));
#16247=CARTESIAN_POINT('Ctrl Pts',(48.585906992331,73.0174967465297,-5.22604298614506));
#16248=CARTESIAN_POINT('Ctrl Pts',(48.5164042040965,72.7587596507435,-5.24522369968109));
#16249=CARTESIAN_POINT('Ctrl Pts',(48.5,72.6241351356536,-5.25));
#16250=CARTESIAN_POINT('Ctrl Pts',(48.5,72.3758648643464,-5.25));
#16251=CARTESIAN_POINT('Ctrl Pts',(48.5164042040965,72.2412403492565,-5.24522369968109));
#16252=CARTESIAN_POINT('Ctrl Pts',(48.585906992331,71.9825032534703,-5.22604298614506));
#16253=CARTESIAN_POINT('Ctrl Pts',(48.639016199275,71.8583848260454,-5.21175611657766));
#16254=CARTESIAN_POINT('Ctrl Pts',(48.7775630468677,71.6202575418529,-5.17747475029013));
#16255=CARTESIAN_POINT('Ctrl Pts',(48.8939559893863,71.4799914588812,-5.15096449361016));
#16256=CARTESIAN_POINT('Ctrl Pts',(49.1381894384228,71.2687211651645,-5.10485666528094));
#16257=CARTESIAN_POINT('Ctrl Pts',(49.2977018170827,71.1726650166836,-5.07986150386291));
#16258=CARTESIAN_POINT('Ctrl Pts',(49.6422418408454,71.046038556477,-5.04507751748682));
#16259=CARTESIAN_POINT('Ctrl Pts',(49.8272817300538,71.0153850220838,-5.03571428571429));
#16260=CARTESIAN_POINT('Ctrl Pts',(50.,71.0153850220838,-5.03571428571429));
#16261=CARTESIAN_POINT('',(50.,69.9889935987891,-4.6105690378822));
#16262=CARTESIAN_POINT('Origin',(50.,72.5,0.));
#16263=CARTESIAN_POINT('',(50.,67.8894309621178,-2.5110064012109));
#16264=CARTESIAN_POINT('Ctrl Pts',(50.,69.9889935987891,-4.6105690378822));
#16265=CARTESIAN_POINT('Ctrl Pts',(49.8272817300538,69.9889935987891,-4.6105690378822));
#16266=CARTESIAN_POINT('Ctrl Pts',(49.6422418408454,69.9606974720722,-4.5955145205256));
#16267=CARTESIAN_POINT('Ctrl Pts',(49.2977018170827,69.8465630507392,-4.53057208447916));
#16268=CARTESIAN_POINT('Ctrl Pts',(49.1381894384228,69.7609668486382,-4.48032437864917));
#16269=CARTESIAN_POINT('Ctrl Pts',(48.8939559893863,69.5789730332104,-4.36353687937618));
#16270=CARTESIAN_POINT('Ctrl Pts',(48.7775630468677,69.4610443525012,-4.28309936320579));
#16271=CARTESIAN_POINT('Ctrl Pts',(48.639016199275,69.268422348493,-4.13895853233802));
#16272=CARTESIAN_POINT('Ctrl Pts',(48.585906992331,69.1705550244376,-4.06129589298872));
#16273=CARTESIAN_POINT('Ctrl Pts',(48.5164042040965,68.9740374568533,-3.89190395062306));
#16274=CARTESIAN_POINT('Ctrl Pts',(48.5,68.8754661949748,-3.80008739743356));
#16275=CARTESIAN_POINT('Ctrl Pts',(48.5,68.6999126025664,-3.6245338050252));
#16276=CARTESIAN_POINT('Ctrl Pts',(48.5164042040965,68.6080960493769,-3.52596254314673));
#16277=CARTESIAN_POINT('Ctrl Pts',(48.585906992331,68.4387041070113,-3.32944497556243));
#16278=CARTESIAN_POINT('Ctrl Pts',(48.639016199275,68.361041467662,-3.23157765150705));
#16279=CARTESIAN_POINT('Ctrl Pts',(48.7775630468677,68.2169006367942,-3.03895564749877));
#16280=CARTESIAN_POINT('Ctrl Pts',(48.8939559893863,68.1364631206238,-2.92102696678957));
#16281=CARTESIAN_POINT('Ctrl Pts',(49.1381894384228,68.0196756213508,-2.73903315136184));
#16282=CARTESIAN_POINT('Ctrl Pts',(49.2977018170827,67.9694279155209,-2.65343694926077));
#16283=CARTESIAN_POINT('Ctrl Pts',(49.6422418408454,67.9044854794744,-2.53930252792786));
#16284=CARTESIAN_POINT('Ctrl Pts',(49.8272817300538,67.8894309621178,-2.5110064012109));
#16285=CARTESIAN_POINT('Ctrl Pts',(50.,67.8894309621178,-2.5110064012109));
#16286=CARTESIAN_POINT('',(50.,67.4642857142857,-1.48461497791619));
#16287=CARTESIAN_POINT('Origin',(50.,72.5,0.));
#16288=CARTESIAN_POINT('',(48.5,67.25,-6.4239362783189E-16));
#16289=CARTESIAN_POINT('Ctrl Pts',(50.,67.4642857142857,-1.48461497791618));
#16290=CARTESIAN_POINT('Ctrl Pts',(49.8272817300538,67.4642857142857,-1.48461497791618));
#16291=CARTESIAN_POINT('Ctrl Pts',(49.6422418408454,67.4549224825132,-1.45396144352297));
#16292=CARTESIAN_POINT('Ctrl Pts',(49.2977018170827,67.4201384961371,-1.32733498331645));
#16293=CARTESIAN_POINT('Ctrl Pts',(49.1381894384228,67.3951433347191,-1.23127883483552));
#16294=CARTESIAN_POINT('Ctrl Pts',(48.8939559893863,67.3490355063898,-1.0200085411188));
#16295=CARTESIAN_POINT('Ctrl Pts',(48.7775630468677,67.3225252497099,-0.879742458147057));
#16296=CARTESIAN_POINT('Ctrl Pts',(48.639016199275,67.2882438834223,-0.641615173954605));
#16297=CARTESIAN_POINT('Ctrl Pts',(48.585906992331,67.2739570138549,-0.517496746529722));
#16298=CARTESIAN_POINT('Ctrl Pts',(48.5164042040966,67.2547763003189,-0.258759650743461));
#16299=CARTESIAN_POINT('Ctrl Pts',(48.5,67.25,-0.124135135653613));
#16300=CARTESIAN_POINT('Ctrl Pts',(48.5,67.25,-1.04083408558608E-15));
#16301=CARTESIAN_POINT('',(49.,67.25,-6.42939569552361E-16));
#16302=CARTESIAN_POINT('',(50.,67.4642857142857,1.48461497791619));
#16303=CARTESIAN_POINT('Ctrl Pts',(48.5,67.25,-6.07153216591882E-16));
#16304=CARTESIAN_POINT('Ctrl Pts',(48.5,67.25,0.124135135653612));
#16305=CARTESIAN_POINT('Ctrl Pts',(48.5164042040966,67.2547763003189,0.258759650743461));
#16306=CARTESIAN_POINT('Ctrl Pts',(48.585906992331,67.2739570138549,0.517496746529722));
#16307=CARTESIAN_POINT('Ctrl Pts',(48.639016199275,67.2882438834223,0.641615173954606));
#16308=CARTESIAN_POINT('Ctrl Pts',(48.7775630468677,67.3225252497099,0.879742458147057));
#16309=CARTESIAN_POINT('Ctrl Pts',(48.8939559893863,67.3490355063898,1.0200085411188));
#16310=CARTESIAN_POINT('Ctrl Pts',(49.1381894384228,67.3951433347191,1.23127883483552));
#16311=CARTESIAN_POINT('Ctrl Pts',(49.2977018170827,67.4201384961371,1.32733498331645));
#16312=CARTESIAN_POINT('Ctrl Pts',(49.6422418408454,67.4549224825132,1.45396144352296));
#16313=CARTESIAN_POINT('Ctrl Pts',(49.8272817300538,67.4642857142857,1.48461497791618));
#16314=CARTESIAN_POINT('Ctrl Pts',(50.,67.4642857142857,1.48461497791618));
#16315=CARTESIAN_POINT('',(50.,67.8894309621178,2.51100640121089));
#16316=CARTESIAN_POINT('Origin',(50.,72.5,0.));
#16317=CARTESIAN_POINT('',(50.,69.9889935987891,4.61056903788219));
#16318=CARTESIAN_POINT('Ctrl Pts',(50.,67.8894309621178,2.51100640121089));
#16319=CARTESIAN_POINT('Ctrl Pts',(49.8272817300538,67.8894309621178,2.51100640121089));
#16320=CARTESIAN_POINT('Ctrl Pts',(49.6422418408454,67.9044854794744,2.53930252792785));
#16321=CARTESIAN_POINT('Ctrl Pts',(49.2977018170827,67.9694279155209,2.65343694926076));
#16322=CARTESIAN_POINT('Ctrl Pts',(49.1381894384228,68.0196756213508,2.73903315136183));
#16323=CARTESIAN_POINT('Ctrl Pts',(48.8939559893863,68.1364631206238,2.92102696678957));
#16324=CARTESIAN_POINT('Ctrl Pts',(48.7775630468677,68.2169006367942,3.03895564749877));
#16325=CARTESIAN_POINT('Ctrl Pts',(48.639016199275,68.361041467662,3.23157765150704));
#16326=CARTESIAN_POINT('Ctrl Pts',(48.585906992331,68.4387041070113,3.32944497556242));
#16327=CARTESIAN_POINT('Ctrl Pts',(48.5164042040966,68.6080960493769,3.52596254314673));
#16328=CARTESIAN_POINT('Ctrl Pts',(48.5,68.6999126025664,3.62453380502519));
#16329=CARTESIAN_POINT('Ctrl Pts',(48.5,68.8754661949748,3.80008739743355));
#16330=CARTESIAN_POINT('Ctrl Pts',(48.5164042040965,68.9740374568533,3.89190395062305));
#16331=CARTESIAN_POINT('Ctrl Pts',(48.585906992331,69.1705550244376,4.0612958929887));
#16332=CARTESIAN_POINT('Ctrl Pts',(48.639016199275,69.2684223484929,4.13895853233802));
#16333=CARTESIAN_POINT('Ctrl Pts',(48.7775630468677,69.4610443525012,4.28309936320578));
#16334=CARTESIAN_POINT('Ctrl Pts',(48.8939559893863,69.5789730332104,4.36353687937617));
#16335=CARTESIAN_POINT('Ctrl Pts',(49.1381894384228,69.7609668486382,4.48032437864916));
#16336=CARTESIAN_POINT('Ctrl Pts',(49.2977018170827,69.8465630507392,4.53057208447915));
#16337=CARTESIAN_POINT('Ctrl Pts',(49.6422418408454,69.9606974720721,4.59551452052559));
#16338=CARTESIAN_POINT('Ctrl Pts',(49.8272817300538,69.9889935987891,4.61056903788219));
#16339=CARTESIAN_POINT('Ctrl Pts',(50.,69.9889935987891,4.61056903788219));
#16340=CARTESIAN_POINT('',(50.,71.0153850220838,5.03571428571429));
#16341=CARTESIAN_POINT('Origin',(50.,72.5,0.));
#16342=CARTESIAN_POINT('',(50.,73.9846149779162,5.03571428571429));
#16343=CARTESIAN_POINT('Ctrl Pts',(50.,71.0153850220838,5.03571428571429));
#16344=CARTESIAN_POINT('Ctrl Pts',(49.8272817300538,71.0153850220838,5.03571428571429));
#16345=CARTESIAN_POINT('Ctrl Pts',(49.6422418408454,71.046038556477,5.04507751748682));
#16346=CARTESIAN_POINT('Ctrl Pts',(49.2977018170827,71.1726650166836,5.07986150386291));
#16347=CARTESIAN_POINT('Ctrl Pts',(49.1381894384228,71.2687211651645,5.10485666528094));
#16348=CARTESIAN_POINT('Ctrl Pts',(48.8939559893863,71.4799914588812,5.15096449361016));
#16349=CARTESIAN_POINT('Ctrl Pts',(48.7775630468677,71.620257541853,5.17747475029013));
#16350=CARTESIAN_POINT('Ctrl Pts',(48.639016199275,71.8583848260454,5.21175611657767));
#16351=CARTESIAN_POINT('Ctrl Pts',(48.585906992331,71.9825032534703,5.22604298614506));
#16352=CARTESIAN_POINT('Ctrl Pts',(48.5164042040965,72.2412403492566,5.2452236996811));
#16353=CARTESIAN_POINT('Ctrl Pts',(48.5,72.3758648643464,5.25));
#16354=CARTESIAN_POINT('Ctrl Pts',(48.5,72.6241351356536,5.25));
#16355=CARTESIAN_POINT('Ctrl Pts',(48.5164042040965,72.7587596507435,5.24522369968109));
#16356=CARTESIAN_POINT('Ctrl Pts',(48.585906992331,73.0174967465297,5.22604298614506));
#16357=CARTESIAN_POINT('Ctrl Pts',(48.639016199275,73.1416151739546,5.21175611657766));
#16358=CARTESIAN_POINT('Ctrl Pts',(48.7775630468677,73.3797424581471,5.17747475029013));
#16359=CARTESIAN_POINT('Ctrl Pts',(48.8939559893863,73.5200085411188,5.15096449361016));
#16360=CARTESIAN_POINT('Ctrl Pts',(49.1381894384228,73.7312788348355,5.10485666528094));
#16361=CARTESIAN_POINT('Ctrl Pts',(49.2977018170827,73.8273349833164,5.07986150386291));
#16362=CARTESIAN_POINT('Ctrl Pts',(49.6422418408454,73.953961443523,5.04507751748682));
#16363=CARTESIAN_POINT('Ctrl Pts',(49.8272817300538,73.9846149779162,5.03571428571429));
#16364=CARTESIAN_POINT('Ctrl Pts',(50.,73.9846149779162,5.03571428571429));
#16365=CARTESIAN_POINT('',(50.,75.0110064012109,4.6105690378822));
#16366=CARTESIAN_POINT('Origin',(50.,72.5,0.));
#16367=CARTESIAN_POINT('',(50.,77.1105690378822,2.51100640121089));
#16368=CARTESIAN_POINT('Ctrl Pts',(50.,75.0110064012109,4.61056903788219));
#16369=CARTESIAN_POINT('Ctrl Pts',(49.8272817300538,75.0110064012109,4.61056903788219));
#16370=CARTESIAN_POINT('Ctrl Pts',(49.6422418408454,75.0393025279279,4.59551452052559));
#16371=CARTESIAN_POINT('Ctrl Pts',(49.2977018170827,75.1534369492608,4.53057208447915));
#16372=CARTESIAN_POINT('Ctrl Pts',(49.1381894384228,75.2390331513618,4.48032437864917));
#16373=CARTESIAN_POINT('Ctrl Pts',(48.8939559893863,75.4210269667896,4.36353687937619));
#16374=CARTESIAN_POINT('Ctrl Pts',(48.7775630468677,75.5389556474988,4.28309936320579));
#16375=CARTESIAN_POINT('Ctrl Pts',(48.639016199275,75.731577651507,4.13895853233802));
#16376=CARTESIAN_POINT('Ctrl Pts',(48.585906992331,75.8294449755624,4.06129589298872));
#16377=CARTESIAN_POINT('Ctrl Pts',(48.5164042040965,76.0259625431467,3.89190395062306));
#16378=CARTESIAN_POINT('Ctrl Pts',(48.5,76.1245338050252,3.80008739743356));
#16379=CARTESIAN_POINT('Ctrl Pts',(48.5,76.3000873974336,3.6245338050252));
#16380=CARTESIAN_POINT('Ctrl Pts',(48.5164042040966,76.3919039506231,3.52596254314672));
#16381=CARTESIAN_POINT('Ctrl Pts',(48.585906992331,76.5612958929887,3.32944497556241));
#16382=CARTESIAN_POINT('Ctrl Pts',(48.639016199275,76.638958532338,3.23157765150705));
#16383=CARTESIAN_POINT('Ctrl Pts',(48.7775630468677,76.7830993632058,3.03895564749877));
#16384=CARTESIAN_POINT('Ctrl Pts',(48.8939559893863,76.8635368793762,2.92102696678957));
#16385=CARTESIAN_POINT('Ctrl Pts',(49.1381894384228,76.9803243786492,2.73903315136184));
#16386=CARTESIAN_POINT('Ctrl Pts',(49.2977018170827,77.0305720844791,2.65343694926077));
#16387=CARTESIAN_POINT('Ctrl Pts',(49.6422418408454,77.0955145205256,2.53930252792786));
#16388=CARTESIAN_POINT('Ctrl Pts',(49.8272817300538,77.1105690378822,2.5110064012109));
#16389=CARTESIAN_POINT('Ctrl Pts',(50.,77.1105690378822,2.5110064012109));
#16390=CARTESIAN_POINT('',(50.,77.5357142857143,1.48461497791619));
#16391=CARTESIAN_POINT('Origin',(50.,72.5,0.));
#16392=CARTESIAN_POINT('',(50.,77.5357142857143,-1.48461497791619));
#16393=CARTESIAN_POINT('Ctrl Pts',(50.,77.5357142857143,1.48461497791618));
#16394=CARTESIAN_POINT('Ctrl Pts',(49.8272817300538,77.5357142857143,1.48461497791618));
#16395=CARTESIAN_POINT('Ctrl Pts',(49.6422418408454,77.5450775174868,1.45396144352297));
#16396=CARTESIAN_POINT('Ctrl Pts',(49.2977018170827,77.5798615038629,1.32733498331645));
#16397=CARTESIAN_POINT('Ctrl Pts',(49.1381894384228,77.6048566652809,1.23127883483552));
#16398=CARTESIAN_POINT('Ctrl Pts',(48.8939559893863,77.6509644936102,1.0200085411188));
#16399=CARTESIAN_POINT('Ctrl Pts',(48.7775630468677,77.6774747502901,0.879742458147058));
#16400=CARTESIAN_POINT('Ctrl Pts',(48.639016199275,77.7117561165777,0.641615173954606));
#16401=CARTESIAN_POINT('Ctrl Pts',(48.585906992331,77.7260429861451,0.517496746529721));
#16402=CARTESIAN_POINT('Ctrl Pts',(48.5164042040965,77.7452236996811,0.258759650743461));
#16403=CARTESIAN_POINT('Ctrl Pts',(48.5,77.75,0.124135135653613));
#16404=CARTESIAN_POINT('Ctrl Pts',(48.5,77.75,-0.124135135653613));
#16405=CARTESIAN_POINT('Ctrl Pts',(48.5164042040965,77.7452236996811,-0.25875965074346));
#16406=CARTESIAN_POINT('Ctrl Pts',(48.585906992331,77.7260429861451,-0.517496746529722));
#16407=CARTESIAN_POINT('Ctrl Pts',(48.639016199275,77.7117561165777,-0.641615173954606));
#16408=CARTESIAN_POINT('Ctrl Pts',(48.7775630468677,77.6774747502901,-0.879742458147058));
#16409=CARTESIAN_POINT('Ctrl Pts',(48.8939559893863,77.6509644936102,-1.0200085411188));
#16410=CARTESIAN_POINT('Ctrl Pts',(49.1381894384228,77.6048566652809,-1.23127883483552));
#16411=CARTESIAN_POINT('Ctrl Pts',(49.2977018170827,77.5798615038629,-1.32733498331645));
#16412=CARTESIAN_POINT('Ctrl Pts',(49.6422418408454,77.5450775174868,-1.45396144352297));
#16413=CARTESIAN_POINT('Ctrl Pts',(49.8272817300538,77.5357142857143,-1.48461497791618));
#16414=CARTESIAN_POINT('Ctrl Pts',(50.,77.5357142857143,-1.48461497791618));
#16415=CARTESIAN_POINT('Origin',(50.,72.5,0.));
#16416=CARTESIAN_POINT('Origin',(50.,77.5,0.));
#16417=CARTESIAN_POINT('',(50.,73.9282613750835,-4.79166666666667));
#16418=CARTESIAN_POINT('Origin',(50.,72.5,0.));
#16419=CARTESIAN_POINT('Origin',(50.,72.5,-5.25));
#16420=CARTESIAN_POINT('Origin',(50.,72.5,-5.25));
#16421=CARTESIAN_POINT('',(50.,71.0717386249164,-4.79166666666666));
#16422=CARTESIAN_POINT('Ctrl Pts',(50.,71.071738889625,-4.79166584178103));
#16423=CARTESIAN_POINT('Ctrl Pts',(49.7482348363221,71.071738889625,-4.79166584178103));
#16424=CARTESIAN_POINT('Ctrl Pts',(49.4866228276465,71.135405990372,-4.81189767855815));
#16425=CARTESIAN_POINT('Ctrl Pts',(49.1474711180079,71.3219773933035,-4.85966823397125));
#16426=CARTESIAN_POINT('Ctrl Pts',(49.0428673857692,71.3989785703056,-4.87811769846596));
#16427=CARTESIAN_POINT('Ctrl Pts',(48.8592013961165,71.5764918574054,-4.91480045942192));
#16428=CARTESIAN_POINT('Ctrl Pts',(48.7801425401211,71.6770144634131,-4.93299998650322));
#16429=CARTESIAN_POINT('Ctrl Pts',(48.6564718064482,71.8861250648423,-4.96323330142252));
#16430=CARTESIAN_POINT('Ctrl Pts',(48.6047735145636,72.0046917273288,-4.97695245940285));
#16431=CARTESIAN_POINT('Ctrl Pts',(48.5370264179835,72.2521568873666,-4.99539387299672));
#16432=CARTESIAN_POINT('Ctrl Pts',(48.520980200628,72.3810647979092,-4.99999913387001));
#16433=CARTESIAN_POINT('Ctrl Pts',(48.520980200628,72.6189352020908,-4.99999913387001));
#16434=CARTESIAN_POINT('Ctrl Pts',(48.5370264179835,72.7478431126334,-4.99539387299672));
#16435=CARTESIAN_POINT('Ctrl Pts',(48.6047735145636,72.9953082726712,-4.97695245940285));
#16436=CARTESIAN_POINT('Ctrl Pts',(48.6564718064482,73.1138749351577,-4.96323330142252));
#16437=CARTESIAN_POINT('Ctrl Pts',(48.7801425401211,73.3229855365869,-4.93299998650322));
#16438=CARTESIAN_POINT('Ctrl Pts',(48.8592013961165,73.4235081425946,-4.91480045942193));
#16439=CARTESIAN_POINT('Ctrl Pts',(49.0428673857692,73.6010214296944,-4.87811769846596));
#16440=CARTESIAN_POINT('Ctrl Pts',(49.1474711180079,73.6780226066965,-4.85966823397125));
#16441=CARTESIAN_POINT('Ctrl Pts',(49.4866228276465,73.864594009628,-4.81189767855815));
#16442=CARTESIAN_POINT('Ctrl Pts',(49.748234836322,73.928261110375,-4.79166584178103));
#16443=CARTESIAN_POINT('Ctrl Pts',(50.,73.928261110375,-4.79166584178103));
#16444=CARTESIAN_POINT('Origin',(50.,72.5,-5.25));
#16445=CARTESIAN_POINT('Origin',(50.,77.5,0.));
#16446=CARTESIAN_POINT('',(50.,70.1217133104429,-4.39815329681395));
#16447=CARTESIAN_POINT('Origin',(50.,72.5,0.));
#16448=CARTESIAN_POINT('Origin',(50.,68.7876893987706,-3.71231060122938));
#16449=CARTESIAN_POINT('Origin',(50.,68.7876893987706,-3.71231060122938));
#16450=CARTESIAN_POINT('',(50.,68.1018467031861,-2.37828668955714));
#16451=CARTESIAN_POINT('Ctrl Pts',(50.,68.1018474736455,-2.3782862934521));
#16452=CARTESIAN_POINT('Ctrl Pts',(49.7482348363221,68.1018474736455,-2.3782862934521));
#16453=CARTESIAN_POINT('Ctrl Pts',(49.4866228276465,68.1325608433413,-2.43761180110979));
#16454=CARTESIAN_POINT('Ctrl Pts',(49.1474711180079,68.2307078638559,-2.60331658897177));
#16455=CARTESIAN_POINT('Ctrl Pts',(49.0428673857692,68.27211017682,-2.6708103848428));
#16456=CARTESIAN_POINT('Ctrl Pts',(48.8592013961165,68.3716923968544,-2.8222698629264));
#16457=CARTESIAN_POINT('Ctrl Pts',(48.7801425401211,68.4299036042114,-2.90621908831054));
#16458=CARTESIAN_POINT('Ctrl Pts',(48.6564718064482,68.5563889465028,-3.07546079459632));
#16459=CARTESIAN_POINT('Ctrl Pts',(48.6047735145636,68.6305273279296,-3.16900099530325));
#16460=CARTESIAN_POINT('Ctrl Pts',(48.5370264179835,68.7924715720928,-3.35702533668026));
#16461=CARTESIAN_POINT('Ctrl Pts',(48.520980200628,68.8803668185935,-3.45143340556616));
#16462=CARTESIAN_POINT('Ctrl Pts',(48.520980200628,69.0485665944339,-3.61963318140654));
#16463=CARTESIAN_POINT('Ctrl Pts',(48.5370264179835,69.1429746633197,-3.70752842790718));
#16464=CARTESIAN_POINT('Ctrl Pts',(48.6047735145636,69.3309990046968,-3.86947267207041));
#16465=CARTESIAN_POINT('Ctrl Pts',(48.6564718064482,69.4245392054037,-3.94361105349721));
#16466=CARTESIAN_POINT('Ctrl Pts',(48.7801425401211,69.5937809116895,-4.07009639578862));
#16467=CARTESIAN_POINT('Ctrl Pts',(48.8592013961165,69.6777301370736,-4.12830760314562));
#16468=CARTESIAN_POINT('Ctrl Pts',(49.0428673857692,69.8291896151572,-4.22788982318001));
#16469=CARTESIAN_POINT('Ctrl Pts',(49.1474711180079,69.8966834110282,-4.26929213614409));
#16470=CARTESIAN_POINT('Ctrl Pts',(49.4866228276465,70.0623881988902,-4.36743915665877));
#16471=CARTESIAN_POINT('Ctrl Pts',(49.7482348363221,70.1217137065479,-4.39815252635453));
#16472=CARTESIAN_POINT('Ctrl Pts',(50.,70.1217137065479,-4.39815252635453));
#16473=CARTESIAN_POINT('Origin',(50.,68.7876893987706,-3.71231060122938));
#16474=CARTESIAN_POINT('Origin',(50.,77.5,0.));
#16475=CARTESIAN_POINT('',(50.,67.7083333333333,-1.42826137508355));
#16476=CARTESIAN_POINT('Origin',(50.,72.5,0.));
#16477=CARTESIAN_POINT('Origin',(50.,67.25,6.4293956955236E-16));
#16478=CARTESIAN_POINT('Origin',(50.,67.25,6.4293956955236E-16));
#16479=CARTESIAN_POINT('',(50.,67.7083333333333,1.42826137508355));
#16480=CARTESIAN_POINT('',(48.520980200628,67.50000086613,-1.15342064394223E-16));
#16481=CARTESIAN_POINT('Ctrl Pts',(50.,67.708334158219,1.42826111037503));
#16482=CARTESIAN_POINT('Ctrl Pts',(49.7482348363221,67.708334158219,1.42826111037503));
#16483=CARTESIAN_POINT('Ctrl Pts',(49.4866228276465,67.6881023214418,1.36459400962798));
#16484=CARTESIAN_POINT('Ctrl Pts',(49.1474711180079,67.6403317660287,1.17802260669652));
#16485=CARTESIAN_POINT('Ctrl Pts',(49.0428673857692,67.621882301534,1.10102142969437));
#16486=CARTESIAN_POINT('Ctrl Pts',(48.8592013961165,67.5851995405781,0.923508142594565));
#16487=CARTESIAN_POINT('Ctrl Pts',(48.7801425401211,67.5670000134968,0.822985536586894));
#16488=CARTESIAN_POINT('Ctrl Pts',(48.6564718064482,67.5367666985775,0.613874935157677));
#16489=CARTESIAN_POINT('Ctrl Pts',(48.6047735145636,67.5230475405971,0.495308272671163));
#16490=CARTESIAN_POINT('Ctrl Pts',(48.5370264179835,67.5046061270033,0.247843112633397));
#16491=CARTESIAN_POINT('Ctrl Pts',(48.520980200628,67.50000086613,0.118935202090787));
#16492=CARTESIAN_POINT('Ctrl Pts',(48.520980200628,67.50000086613,8.32667268468867E-16));
#16493=CARTESIAN_POINT('Origin',(50.,67.25,6.4293956955236E-16));
#16494=CARTESIAN_POINT('Ctrl Pts',(48.520980200628,67.50000086613,4.85722573273506E-16));
#16495=CARTESIAN_POINT('Ctrl Pts',(48.520980200628,67.50000086613,-0.118935202090786));
#16496=CARTESIAN_POINT('Ctrl Pts',(48.5370264179835,67.5046061270033,-0.247843112633396));
#16497=CARTESIAN_POINT('Ctrl Pts',(48.6047735145636,67.5230475405971,-0.495308272671162));
#16498=CARTESIAN_POINT('Ctrl Pts',(48.6564718064482,67.5367666985775,-0.613874935157676));
#16499=CARTESIAN_POINT('Ctrl Pts',(48.7801425401211,67.5670000134968,-0.822985536586892));
#16500=CARTESIAN_POINT('Ctrl Pts',(48.8592013961165,67.5851995405781,-0.923508142594564));
#16501=CARTESIAN_POINT('Ctrl Pts',(49.0428673857692,67.621882301534,-1.10102142969437));
#16502=CARTESIAN_POINT('Ctrl Pts',(49.1474711180079,67.6403317660287,-1.17802260669652));
#16503=CARTESIAN_POINT('Ctrl Pts',(49.4866228276465,67.6881023214418,-1.36459400962798));
#16504=CARTESIAN_POINT('Ctrl Pts',(49.7482348363221,67.708334158219,-1.42826111037503));
#16505=CARTESIAN_POINT('Ctrl Pts',(50.,67.708334158219,-1.42826111037503));
#16506=CARTESIAN_POINT('Origin',(50.,77.5,0.));
#16507=CARTESIAN_POINT('',(50.,68.1018467031861,2.37828668955713));
#16508=CARTESIAN_POINT('Origin',(50.,72.5,0.));
#16509=CARTESIAN_POINT('Origin',(50.,68.7876893987706,3.71231060122938));
#16510=CARTESIAN_POINT('Origin',(50.,68.7876893987706,3.71231060122938));
#16511=CARTESIAN_POINT('',(50.,70.1217133104429,4.39815329681394));
#16512=CARTESIAN_POINT('Ctrl Pts',(50.,70.1217137065479,4.39815252635452));
#16513=CARTESIAN_POINT('Ctrl Pts',(49.7482348363221,70.1217137065479,4.39815252635452));
#16514=CARTESIAN_POINT('Ctrl Pts',(49.4866228276465,70.0623881988902,4.36743915665876));
#16515=CARTESIAN_POINT('Ctrl Pts',(49.1474711180079,69.8966834110282,4.26929213614408));
#16516=CARTESIAN_POINT('Ctrl Pts',(49.0428673857692,69.8291896151572,4.22788982317999));
#16517=CARTESIAN_POINT('Ctrl Pts',(48.8592013961165,69.6777301370736,4.1283076031456));
#16518=CARTESIAN_POINT('Ctrl Pts',(48.7801425401211,69.5937809116894,4.07009639578861));
#16519=CARTESIAN_POINT('Ctrl Pts',(48.6564718064482,69.4245392054037,3.9436110534972));
#16520=CARTESIAN_POINT('Ctrl Pts',(48.6047735145636,69.3309990046967,3.86947267207039));
#16521=CARTESIAN_POINT('Ctrl Pts',(48.5370264179835,69.1429746633197,3.70752842790717));
#16522=CARTESIAN_POINT('Ctrl Pts',(48.520980200628,69.0485665944338,3.61963318140653));
#16523=CARTESIAN_POINT('Ctrl Pts',(48.520980200628,68.8803668185935,3.45143340556615));
#16524=CARTESIAN_POINT('Ctrl Pts',(48.5370264179835,68.7924715720928,3.35702533668025));
#16525=CARTESIAN_POINT('Ctrl Pts',(48.6047735145636,68.6305273279296,3.16900099530324));
#16526=CARTESIAN_POINT('Ctrl Pts',(48.6564718064482,68.5563889465028,3.07546079459631));
#16527=CARTESIAN_POINT('Ctrl Pts',(48.7801425401211,68.4299036042114,2.90621908831053));
#16528=CARTESIAN_POINT('Ctrl Pts',(48.8592013961165,68.3716923968544,2.82226986292639));
#16529=CARTESIAN_POINT('Ctrl Pts',(49.0428673857692,68.27211017682,2.67081038484279));
#16530=CARTESIAN_POINT('Ctrl Pts',(49.1474711180079,68.2307078638559,2.60331658897176));
#16531=CARTESIAN_POINT('Ctrl Pts',(49.4866228276465,68.1325608433412,2.43761180110979));
#16532=CARTESIAN_POINT('Ctrl Pts',(49.748234836322,68.1018474736455,2.37828629345209));
#16533=CARTESIAN_POINT('Ctrl Pts',(50.,68.1018474736455,2.3782862934521));
#16534=CARTESIAN_POINT('Origin',(50.,68.7876893987706,3.71231060122938));
#16535=CARTESIAN_POINT('Origin',(50.,77.5,0.));
#16536=CARTESIAN_POINT('',(50.,71.0717386249165,4.79166666666667));
#16537=CARTESIAN_POINT('Origin',(50.,72.5,0.));
#16538=CARTESIAN_POINT('Origin',(50.,72.5,5.25));
#16539=CARTESIAN_POINT('Origin',(50.,72.5,5.25));
#16540=CARTESIAN_POINT('',(50.,73.9282613750836,4.79166666666666));
#16541=CARTESIAN_POINT('Ctrl Pts',(50.,73.928261110375,4.79166584178103));
#16542=CARTESIAN_POINT('Ctrl Pts',(49.7482348363221,73.928261110375,4.79166584178103));
#16543=CARTESIAN_POINT('Ctrl Pts',(49.4866228276465,73.864594009628,4.81189767855815));
#16544=CARTESIAN_POINT('Ctrl Pts',(49.1474711180079,73.6780226066965,4.85966823397125));
#16545=CARTESIAN_POINT('Ctrl Pts',(49.0428673857692,73.6010214296944,4.87811769846596));
#16546=CARTESIAN_POINT('Ctrl Pts',(48.8592013961165,73.4235081425946,4.91480045942192));
#16547=CARTESIAN_POINT('Ctrl Pts',(48.7801425401211,73.3229855365869,4.93299998650322));
#16548=CARTESIAN_POINT('Ctrl Pts',(48.6564718064482,73.1138749351577,4.96323330142252));
#16549=CARTESIAN_POINT('Ctrl Pts',(48.6047735145636,72.9953082726712,4.97695245940285));
#16550=CARTESIAN_POINT('Ctrl Pts',(48.5370264179835,72.7478431126334,4.99539387299672));
#16551=CARTESIAN_POINT('Ctrl Pts',(48.520980200628,72.6189352020908,4.99999913387001));
#16552=CARTESIAN_POINT('Ctrl Pts',(48.520980200628,72.3810647979092,4.99999913387001));
#16553=CARTESIAN_POINT('Ctrl Pts',(48.5370264179835,72.2521568873666,4.99539387299672));
#16554=CARTESIAN_POINT('Ctrl Pts',(48.6047735145636,72.0046917273288,4.97695245940285));
#16555=CARTESIAN_POINT('Ctrl Pts',(48.6564718064482,71.8861250648423,4.96323330142252));
#16556=CARTESIAN_POINT('Ctrl Pts',(48.7801425401211,71.6770144634131,4.93299998650322));
#16557=CARTESIAN_POINT('Ctrl Pts',(48.8592013961165,71.5764918574054,4.91480045942193));
#16558=CARTESIAN_POINT('Ctrl Pts',(49.0428673857692,71.3989785703056,4.87811769846596));
#16559=CARTESIAN_POINT('Ctrl Pts',(49.1474711180079,71.3219773933035,4.85966823397125));
#16560=CARTESIAN_POINT('Ctrl Pts',(49.4866228276465,71.135405990372,4.81189767855815));
#16561=CARTESIAN_POINT('Ctrl Pts',(49.748234836322,71.071738889625,4.79166584178103));
#16562=CARTESIAN_POINT('Ctrl Pts',(50.,71.071738889625,4.79166584178103));
#16563=CARTESIAN_POINT('Origin',(50.,72.5,5.25));
#16564=CARTESIAN_POINT('Origin',(50.,77.5,0.));
#16565=CARTESIAN_POINT('',(50.,74.8782866895571,4.39815329681394));
#16566=CARTESIAN_POINT('Origin',(50.,72.5,0.));
#16567=CARTESIAN_POINT('Origin',(50.,76.2123106012294,3.71231060122938));
#16568=CARTESIAN_POINT('Origin',(50.,76.2123106012294,3.71231060122938));
#16569=CARTESIAN_POINT('',(50.,76.8981532968139,2.37828668955714));
#16570=CARTESIAN_POINT('Ctrl Pts',(50.,76.8981525263545,2.3782862934521));
#16571=CARTESIAN_POINT('Ctrl Pts',(49.7482348363221,76.8981525263545,2.3782862934521));
#16572=CARTESIAN_POINT('Ctrl Pts',(49.4866228276465,76.8674391566587,2.43761180110979));
#16573=CARTESIAN_POINT('Ctrl Pts',(49.1474711180079,76.7692921361441,2.60331658897177));
#16574=CARTESIAN_POINT('Ctrl Pts',(49.0428673857692,76.72788982318,2.6708103848428));
#16575=CARTESIAN_POINT('Ctrl Pts',(48.8592013961165,76.6283076031456,2.8222698629264));
#16576=CARTESIAN_POINT('Ctrl Pts',(48.7801425401211,76.5700963957886,2.90621908831054));
#16577=CARTESIAN_POINT('Ctrl Pts',(48.6564718064482,76.4436110534972,3.07546079459631));
#16578=CARTESIAN_POINT('Ctrl Pts',(48.6047735145636,76.3694726720704,3.16900099530325));
#16579=CARTESIAN_POINT('Ctrl Pts',(48.5370264179835,76.2075284279072,3.35702533668026));
#16580=CARTESIAN_POINT('Ctrl Pts',(48.520980200628,76.1196331814065,3.45143340556616));
#16581=CARTESIAN_POINT('Ctrl Pts',(48.520980200628,75.9514334055662,3.61963318140653));
#16582=CARTESIAN_POINT('Ctrl Pts',(48.5370264179834,75.8570253366803,3.70752842790717));
#16583=CARTESIAN_POINT('Ctrl Pts',(48.6047735145636,75.6690009953033,3.8694726720704));
#16584=CARTESIAN_POINT('Ctrl Pts',(48.6564718064482,75.5754607945963,3.9436110534972));
#16585=CARTESIAN_POINT('Ctrl Pts',(48.7801425401211,75.4062190883105,4.07009639578862));
#16586=CARTESIAN_POINT('Ctrl Pts',(48.8592013961165,75.3222698629264,4.12830760314561));
#16587=CARTESIAN_POINT('Ctrl Pts',(49.0428673857692,75.1708103848428,4.22788982318));
#16588=CARTESIAN_POINT('Ctrl Pts',(49.1474711180079,75.1033165889718,4.26929213614408));
#16589=CARTESIAN_POINT('Ctrl Pts',(49.4866228276465,74.9376118011098,4.36743915665876));
#16590=CARTESIAN_POINT('Ctrl Pts',(49.7482348363221,74.8782862934521,4.39815252635452));
#16591=CARTESIAN_POINT('Ctrl Pts',(50.,74.8782862934521,4.39815252635452));
#16592=CARTESIAN_POINT('Origin',(50.,76.2123106012294,3.71231060122938));
#16593=CARTESIAN_POINT('Origin',(49.,72.5,0.));
#16594=CARTESIAN_POINT('',(50.,77.2916666666667,-1.42826137508355));
#16595=CARTESIAN_POINT('Origin',(50.,72.5,0.));
#16596=CARTESIAN_POINT('',(50.,77.2916666666667,1.42826137508355));
#16597=CARTESIAN_POINT('Ctrl Pts',(50.,77.291665841781,-1.42826111037503));
#16598=CARTESIAN_POINT('Ctrl Pts',(49.7482348363221,77.291665841781,-1.42826111037503));
#16599=CARTESIAN_POINT('Ctrl Pts',(49.4866228276465,77.3118976785582,-1.36459400962798));
#16600=CARTESIAN_POINT('Ctrl Pts',(49.1474711180079,77.3596682339713,-1.17802260669652));
#16601=CARTESIAN_POINT('Ctrl Pts',(49.0428673857692,77.378117698466,-1.10102142969437));
#16602=CARTESIAN_POINT('Ctrl Pts',(48.8592013961165,77.4148004594219,-0.923508142594564));
#16603=CARTESIAN_POINT('Ctrl Pts',(48.7801425401211,77.4329999865032,-0.822985536586891));
#16604=CARTESIAN_POINT('Ctrl Pts',(48.6564718064482,77.4632333014225,-0.613874935157675));
#16605=CARTESIAN_POINT('Ctrl Pts',(48.6047735145636,77.4769524594029,-0.495308272671162));
#16606=CARTESIAN_POINT('Ctrl Pts',(48.5370264179835,77.4953938729967,-0.247843112633396));
#16607=CARTESIAN_POINT('Ctrl Pts',(48.520980200628,77.49999913387,-0.118935202090786));
#16608=CARTESIAN_POINT('Ctrl Pts',(48.520980200628,77.49999913387,0.118935202090786));
#16609=CARTESIAN_POINT('Ctrl Pts',(48.5370264179835,77.4953938729967,0.247843112633398));
#16610=CARTESIAN_POINT('Ctrl Pts',(48.6047735145636,77.4769524594029,0.495308272671163));
#16611=CARTESIAN_POINT('Ctrl Pts',(48.6564718064482,77.4632333014225,0.613874935157675));
#16612=CARTESIAN_POINT('Ctrl Pts',(48.7801425401211,77.4329999865032,0.822985536586892));
#16613=CARTESIAN_POINT('Ctrl Pts',(48.8592013961165,77.4148004594219,0.92350814259457));
#16614=CARTESIAN_POINT('Ctrl Pts',(49.0428673857692,77.378117698466,1.10102142969438));
#16615=CARTESIAN_POINT('Ctrl Pts',(49.1474711180079,77.3596682339712,1.17802260669651));
#16616=CARTESIAN_POINT('Ctrl Pts',(49.4866228276465,77.3118976785581,1.36459400962798));
#16617=CARTESIAN_POINT('Ctrl Pts',(49.7482348363221,77.291665841781,1.42826111037503));
#16618=CARTESIAN_POINT('Ctrl Pts',(50.,77.291665841781,1.42826111037503));
#16619=CARTESIAN_POINT('Origin',(50.,72.5,0.));
#16620=CARTESIAN_POINT('',(49.,67.50000086613,-6.12323293503344E-16));
#16621=CARTESIAN_POINT('Origin',(50.,77.5,0.));
#16622=CARTESIAN_POINT('Origin',(50.,77.75,0.));
#16623=CARTESIAN_POINT('Origin',(50.,77.75,0.));
#16624=CARTESIAN_POINT('Origin',(50.,77.75,0.));
#16625=CARTESIAN_POINT('Origin',(50.,77.5,0.));
#16626=CARTESIAN_POINT('',(-59.2593756667913,40.7142517226673,-205.));
#16627=CARTESIAN_POINT('',(0.,0.,0.));
#16628=CARTESIAN_POINT('',(-3.13493856137087,14.6532566239526,153.));
#16629=CARTESIAN_POINT('',(50.3932097448313,31.6644292922333,-208.));
#16630=CARTESIAN_POINT('',(30.3932097448313,31.6644292922333,-208.));
#16631=CARTESIAN_POINT('',(10.3932097448313,31.6644292922333,-208.));
#16632=CARTESIAN_POINT('',(-9.6067902551687,31.6644292922333,-208.));
#16633=CARTESIAN_POINT('',(36.8650614386286,15.1532566239526,205.));
#16634=CARTESIAN_POINT('',(3.33691313242658,31.6644292922333,208.));
#16635=CARTESIAN_POINT('',(-56.6630868675734,31.6644292922333,208.));
#16636=CARTESIAN_POINT('',(-36.6630868675734,31.6644292922333,208.));
#16637=CARTESIAN_POINT('',(-16.6630868675734,31.6644292922334,208.));
#16638=CARTESIAN_POINT('',(6.7681014270812,52.8413736774074,-204.));
#16639=CARTESIAN_POINT('',(-53.2318985729188,52.8413736774075,-204.));
#16640=CARTESIAN_POINT('',(-59.2593756667913,40.7142517226673,-205.));
#16641=CARTESIAN_POINT('',(0.,0.,0.));
#16642=CARTESIAN_POINT('',(-33.774762537572,21.4459420637956,153.));
#16643=CARTESIAN_POINT('',(50.3932097448313,31.6644292922334,-208.));
#16644=CARTESIAN_POINT('',(30.3932097448313,31.6644292922334,-208.));
#16645=CARTESIAN_POINT('',(10.3932097448313,31.6644292922334,-208.));
#16646=CARTESIAN_POINT('',(-9.60679025516869,31.6644292922334,-208.));
#16647=CARTESIAN_POINT('',(36.8650614386287,15.1532566239526,205.));
#16648=CARTESIAN_POINT('',(3.33691313242658,31.6644292922334,208.));
#16649=CARTESIAN_POINT('',(-16.6630868675734,31.6644292922333,208.));
#16650=CARTESIAN_POINT('',(-36.6630868675734,31.6644292922333,208.));
#16651=CARTESIAN_POINT('',(-56.6630868675734,31.6644292922333,208.));
#16652=CARTESIAN_POINT('',(6.76810142708121,52.8413736774075,-204.));
#16653=CARTESIAN_POINT('',(-53.2318985729188,52.8413736774075,-204.));
#16654=CARTESIAN_POINT('',(0.,0.,0.));
#16655=CARTESIAN_POINT('',(0.,0.,0.));
#16656=CARTESIAN_POINT('Origin',(103.098769878974,0.,-61.3049552774091));
#16657=CARTESIAN_POINT('',(100.598769878974,8.,-63.8049552774091));
#16658=CARTESIAN_POINT('',(105.598769878974,8.,-58.8049552774091));
#16659=CARTESIAN_POINT('',(103.098769878974,8.,-61.3049552774091));
#16660=CARTESIAN_POINT('',(105.598769878974,0.,-58.8049552774091));
#16661=CARTESIAN_POINT('',(105.598769878974,0.,-58.8049552774091));
#16662=CARTESIAN_POINT('',(100.598769878974,0.,-63.8049552774091));
#16663=CARTESIAN_POINT('',(103.098769878974,0.,-61.3049552774091));
#16664=CARTESIAN_POINT('',(100.598769878974,0.,-63.8049552774091));
#16665=CARTESIAN_POINT('Origin',(84.5987698789738,0.,-42.8049552774091));
#16666=CARTESIAN_POINT('',(105.598769878974,0.,-26.8049552774091));
#16667=CARTESIAN_POINT('',(105.598769878974,0.,-63.8049552774091));
#16668=CARTESIAN_POINT('',(100.598769878974,0.,-21.8049552774091));
#16669=CARTESIAN_POINT('',(103.098769878974,0.,-24.3049552774091));
#16670=CARTESIAN_POINT('',(68.5987698789738,0.,-21.8049552774091));
#16671=CARTESIAN_POINT('',(105.598769878974,0.,-21.8049552774091));
#16672=CARTESIAN_POINT('',(63.5987698789738,0.,-26.8049552774091));
#16673=CARTESIAN_POINT('',(66.0987698789738,0.,-24.3049552774091));
#16674=CARTESIAN_POINT('',(63.5987698789738,0.,-58.8049552774091));
#16675=CARTESIAN_POINT('',(63.5987698789738,0.,-21.8049552774091));
#16676=CARTESIAN_POINT('',(68.5987698789738,0.,-63.8049552774091));
#16677=CARTESIAN_POINT('',(66.0987698789738,0.,-61.3049552774091));
#16678=CARTESIAN_POINT('',(63.5987698789738,0.,-63.8049552774091));
#16679=CARTESIAN_POINT('Origin',(105.598769878974,0.,-21.8049552774091));
#16680=CARTESIAN_POINT('',(105.598769878974,8.,-55.8049552774091));
#16681=CARTESIAN_POINT('',(105.598769878974,8.,-63.8049552774091));
#16682=CARTESIAN_POINT('',(105.598769878974,6.,-55.8049552774091));
#16683=CARTESIAN_POINT('',(105.598769878974,4.,-55.8049552774091));
#16684=CARTESIAN_POINT('',(105.598769878974,6.,-29.8049552774091));
#16685=CARTESIAN_POINT('',(105.598769878974,6.,-32.3049552774091));
#16686=CARTESIAN_POINT('',(105.598769878974,8.,-29.8049552774091));
#16687=CARTESIAN_POINT('',(105.598769878974,4.,-29.8049552774091));
#16688=CARTESIAN_POINT('',(105.598769878974,8.,-26.8049552774091));
#16689=CARTESIAN_POINT('',(105.598769878974,8.,-63.8049552774091));
#16690=CARTESIAN_POINT('',(105.598769878974,0.,-26.8049552774091));
#16691=CARTESIAN_POINT('Origin',(66.0987698789738,0.,-61.3049552774091));
#16692=CARTESIAN_POINT('',(63.5987698789738,8.,-58.8049552774091));
#16693=CARTESIAN_POINT('',(68.5987698789738,8.,-63.8049552774091));
#16694=CARTESIAN_POINT('',(66.0987698789738,8.,-61.3049552774091));
#16695=CARTESIAN_POINT('',(68.5987698789738,0.,-63.8049552774091));
#16696=CARTESIAN_POINT('',(63.5987698789738,0.,-58.8049552774091));
#16697=CARTESIAN_POINT('Origin',(84.5987698789738,8.,-42.8049552774091));
#16698=CARTESIAN_POINT('',(63.5987698789738,8.,-55.8049552774091));
#16699=CARTESIAN_POINT('',(63.5987698789738,8.,-21.8049552774091));
#16700=CARTESIAN_POINT('',(71.5987698789738,8.,-55.8049552774091));
#16701=CARTESIAN_POINT('',(74.0987698789738,8.,-55.8049552774091));
#16702=CARTESIAN_POINT('',(71.5987698789738,8.,-63.8049552774091));
#16703=CARTESIAN_POINT('',(71.5987698789738,8.,-49.3049552774091));
#16704=CARTESIAN_POINT('',(63.5987698789738,8.,-63.8049552774091));
#16705=CARTESIAN_POINT('Origin',(63.5987698789738,0.,-63.8049552774091));
#16706=CARTESIAN_POINT('',(63.5987698789738,8.,-26.8049552774091));
#16707=CARTESIAN_POINT('',(63.5987698789738,0.,-26.8049552774091));
#16708=CARTESIAN_POINT('',(63.5987698789738,8.,-29.8049552774091));
#16709=CARTESIAN_POINT('',(63.5987698789738,8.,-21.8049552774091));
#16710=CARTESIAN_POINT('',(63.5987698789738,6.,-29.8049552774091));
#16711=CARTESIAN_POINT('',(63.5987698789738,4.,-29.8049552774091));
#16712=CARTESIAN_POINT('',(63.5987698789738,6.,-55.8049552774091));
#16713=CARTESIAN_POINT('',(63.5987698789738,6.,-53.3049552774091));
#16714=CARTESIAN_POINT('',(63.5987698789738,4.,-55.804955277409));
#16715=CARTESIAN_POINT('Origin',(66.0987698789738,0.,-24.3049552774091));
#16716=CARTESIAN_POINT('',(68.5987698789738,8.,-21.8049552774091));
#16717=CARTESIAN_POINT('',(66.0987698789738,8.,-24.3049552774091));
#16718=CARTESIAN_POINT('',(68.5987698789738,0.,-21.8049552774091));
#16719=CARTESIAN_POINT('Origin',(84.5987698789738,8.,-42.8049552774091));
#16720=CARTESIAN_POINT('',(71.5987698789738,8.,-21.8049552774091));
#16721=CARTESIAN_POINT('',(105.598769878974,8.,-21.8049552774091));
#16722=CARTESIAN_POINT('',(71.5987698789738,8.,-29.8049552774091));
#16723=CARTESIAN_POINT('',(71.5987698789738,8.,-32.3049552774091));
#16724=CARTESIAN_POINT('',(78.0987698789738,8.,-29.8049552774091));
#16725=CARTESIAN_POINT('Origin',(103.098769878974,0.,-24.3049552774091));
#16726=CARTESIAN_POINT('',(100.598769878974,8.,-21.8049552774091));
#16727=CARTESIAN_POINT('',(103.098769878974,8.,-24.3049552774091));
#16728=CARTESIAN_POINT('',(100.598769878974,0.,-21.8049552774091));
#16729=CARTESIAN_POINT('Origin',(84.5987698789738,8.,-42.8049552774091));
#16730=CARTESIAN_POINT('',(97.5987698789738,8.,-29.8049552774091));
#16731=CARTESIAN_POINT('',(95.0987698789738,8.,-29.8049552774091));
#16732=CARTESIAN_POINT('',(97.5987698789738,8.,-21.8049552774091));
#16733=CARTESIAN_POINT('',(97.5987698789738,8.,-36.3049552774091));
#16734=CARTESIAN_POINT('',(105.598769878974,8.,-21.8049552774091));
#16735=CARTESIAN_POINT('Origin',(97.5987698789738,8.,-29.8049552774091));
#16736=CARTESIAN_POINT('',(97.5987698789738,6.,-29.8049552774091));
#16737=CARTESIAN_POINT('',(97.5987698789738,8.,-29.8049552774091));
#16738=CARTESIAN_POINT('',(97.5987698789738,6.,-21.8049552774091));
#16739=CARTESIAN_POINT('',(97.5987698789738,6.,-63.8049552774091));
#16740=CARTESIAN_POINT('',(97.5987698789738,4.,-21.8049552774091));
#16741=CARTESIAN_POINT('Origin',(105.598769878974,8.,-29.8049552774091));
#16742=CARTESIAN_POINT('',(105.598769878974,6.,-29.8049552774091));
#16743=CARTESIAN_POINT('Origin',(97.5987698789738,8.,-55.8049552774091));
#16744=CARTESIAN_POINT('',(97.5987698789738,8.,-55.8049552774091));
#16745=CARTESIAN_POINT('',(91.0987698789738,8.,-55.8049552774091));
#16746=CARTESIAN_POINT('',(97.5987698789738,6.,-55.8049552774091));
#16747=CARTESIAN_POINT('',(97.5987698789738,8.,-55.8049552774091));
#16748=CARTESIAN_POINT('',(63.5987698789738,6.,-55.8049552774091));
#16749=CARTESIAN_POINT('Origin',(97.5987698789738,8.,-63.8049552774091));
#16750=CARTESIAN_POINT('',(97.5987698789738,8.,-63.8049552774091));
#16751=CARTESIAN_POINT('',(97.5987698789738,8.,-53.3049552774091));
#16752=CARTESIAN_POINT('',(97.5987698789738,6.,-63.8049552774091));
#16753=CARTESIAN_POINT('',(97.5987698789738,4.,-63.8049552774091));
#16754=CARTESIAN_POINT('',(97.5987698789738,6.,-63.8049552774091));
#16755=CARTESIAN_POINT('Origin',(71.5987698789738,8.,-55.8049552774091));
#16756=CARTESIAN_POINT('',(71.5987698789738,6.,-55.8049552774091));
#16757=CARTESIAN_POINT('',(71.5987698789738,8.,-55.8049552774091));
#16758=CARTESIAN_POINT('',(71.5987698789738,6.,-63.8049552774091));
#16759=CARTESIAN_POINT('',(71.5987698789738,6.,-21.8049552774091));
#16760=CARTESIAN_POINT('',(71.5987698789738,4.,-63.8049552774091));
#16761=CARTESIAN_POINT('Origin',(63.5987698789738,8.,-55.8049552774091));
#16762=CARTESIAN_POINT('',(63.5987698789738,6.,-55.8049552774091));
#16763=CARTESIAN_POINT('Origin',(71.5987698789738,8.,-29.8049552774091));
#16764=CARTESIAN_POINT('',(71.5987698789738,6.,-29.8049552774091));
#16765=CARTESIAN_POINT('',(71.5987698789738,8.,-29.8049552774091));
#16766=CARTESIAN_POINT('',(105.598769878974,6.,-29.8049552774091));
#16767=CARTESIAN_POINT('Origin',(71.5987698789738,8.,-21.8049552774091));
#16768=CARTESIAN_POINT('',(71.5987698789738,6.,-21.8049552774091));
#16769=CARTESIAN_POINT('',(71.5987698789738,4.,-21.8049552774091));
#16770=CARTESIAN_POINT('',(71.5987698789738,6.,-21.8049552774091));
#16771=CARTESIAN_POINT('Origin',(84.5987698789738,6.,-42.8049552774091));
#16772=CARTESIAN_POINT('',(74.0987698789738,6.,-21.8049552774091));
#16773=CARTESIAN_POINT('',(95.0987698789738,6.,-63.8049552774091));
#16774=CARTESIAN_POINT('Origin',(84.5987698789738,8.,-42.8049552774091));
#16775=CARTESIAN_POINT('',(63.5987698789738,8.,-63.8049552774091));
#16776=CARTESIAN_POINT('Origin',(63.5987698789738,0.,-21.8049552774091));
#16777=CARTESIAN_POINT('Origin',(105.598769878974,0.,-63.8049552774091));
#16778=CARTESIAN_POINT('',(0.,0.,0.));
#16779=CARTESIAN_POINT('Origin',(103.098769878974,6.,-61.3049552774091));
#16780=CARTESIAN_POINT('',(100.598769878974,28.,-63.8049552774091));
#16781=CARTESIAN_POINT('',(105.598769878974,28.,-58.8049552774091));
#16782=CARTESIAN_POINT('',(103.098769878974,28.,-61.3049552774091));
#16783=CARTESIAN_POINT('',(105.598769878974,8.,-58.8049552774091));
#16784=CARTESIAN_POINT('',(105.598769878974,6.,-58.8049552774091));
#16785=CARTESIAN_POINT('',(100.598769878974,8.,-63.8049552774091));
#16786=CARTESIAN_POINT('',(103.098769878974,8.,-61.3049552774091));
#16787=CARTESIAN_POINT('',(100.598769878974,6.,-63.8049552774091));
#16788=CARTESIAN_POINT('Origin',(84.5987698789738,8.,-42.8049552774091));
#16789=CARTESIAN_POINT('',(105.598769878974,8.,-55.8049552774091));
#16790=CARTESIAN_POINT('',(105.598769878974,8.,-21.8049552774091));
#16791=CARTESIAN_POINT('',(97.5987698789738,8.,-55.8049552774091));
#16792=CARTESIAN_POINT('',(105.598769878974,8.,-55.8049552774091));
#16793=CARTESIAN_POINT('',(97.5987698789738,8.,-63.8049552774091));
#16794=CARTESIAN_POINT('',(97.5987698789738,8.,-55.8049552774091));
#16795=CARTESIAN_POINT('',(97.5987698789738,8.,-63.8049552774091));
#16796=CARTESIAN_POINT('Origin',(105.598769878974,6.,-29.8049552774091));
#16797=CARTESIAN_POINT('',(105.598769878974,28.,-55.8049552774091));
#16798=CARTESIAN_POINT('',(105.598769878974,28.,-21.8049552774091));
#16799=CARTESIAN_POINT('',(105.598769878974,30.,-55.8049552774091));
#16800=CARTESIAN_POINT('',(105.598769878974,28.,-55.8049552774091));
#16801=CARTESIAN_POINT('',(105.598769878974,30.,-29.8049552774091));
#16802=CARTESIAN_POINT('',(105.598769878974,30.,-55.8049552774091));
#16803=CARTESIAN_POINT('',(105.598769878974,28.,-29.8049552774091));
#16804=CARTESIAN_POINT('',(105.598769878974,28.,-29.8049552774091));
#16805=CARTESIAN_POINT('',(105.598769878974,28.,-26.8049552774091));
#16806=CARTESIAN_POINT('',(105.598769878974,28.,-21.8049552774091));
#16807=CARTESIAN_POINT('',(105.598769878974,8.,-26.8049552774091));
#16808=CARTESIAN_POINT('',(105.598769878974,6.,-26.8049552774091));
#16809=CARTESIAN_POINT('',(105.598769878974,8.,-29.8049552774091));
#16810=CARTESIAN_POINT('',(105.598769878974,8.,-21.8049552774091));
#16811=CARTESIAN_POINT('',(105.598769878974,6.,-29.8049552774091));
#16812=CARTESIAN_POINT('',(105.598769878974,6.,-29.8049552774091));
#16813=CARTESIAN_POINT('',(105.598769878974,6.,-55.8049552774091));
#16814=CARTESIAN_POINT('',(105.598769878974,6.,-29.8049552774091));
#16815=CARTESIAN_POINT('',(105.598769878974,6.,-55.8049552774091));
#16816=CARTESIAN_POINT('Origin',(66.0987698789738,6.,-61.3049552774091));
#16817=CARTESIAN_POINT('',(63.5987698789738,28.,-58.8049552774091));
#16818=CARTESIAN_POINT('',(68.5987698789738,28.,-63.8049552774091));
#16819=CARTESIAN_POINT('',(66.0987698789738,28.,-61.3049552774091));
#16820=CARTESIAN_POINT('',(68.5987698789738,8.,-63.8049552774091));
#16821=CARTESIAN_POINT('',(68.5987698789738,6.,-63.8049552774091));
#16822=CARTESIAN_POINT('',(63.5987698789738,8.,-58.8049552774091));
#16823=CARTESIAN_POINT('',(66.0987698789738,8.,-61.3049552774091));
#16824=CARTESIAN_POINT('',(63.5987698789738,6.,-58.8049552774091));
#16825=CARTESIAN_POINT('Origin',(63.5987698789738,6.,-55.8049552774091));
#16826=CARTESIAN_POINT('',(63.5987698789738,8.,-55.8049552774091));
#16827=CARTESIAN_POINT('',(63.5987698789738,8.,-63.8049552774091));
#16828=CARTESIAN_POINT('',(63.5987698789738,6.,-55.8049552774091));
#16829=CARTESIAN_POINT('',(63.5987698789738,6.,-55.8049552774091));
#16830=CARTESIAN_POINT('',(63.5987698789738,6.,-29.8049552774091));
#16831=CARTESIAN_POINT('',(63.5987698789738,6.,-55.8049552774091));
#16832=CARTESIAN_POINT('',(63.5987698789738,8.,-29.8049552774091));
#16833=CARTESIAN_POINT('',(63.5987698789738,6.,-29.8049552774091));
#16834=CARTESIAN_POINT('',(63.5987698789738,8.,-26.8049552774091));
#16835=CARTESIAN_POINT('',(63.5987698789738,8.,-63.8049552774091));
#16836=CARTESIAN_POINT('',(63.5987698789738,28.,-26.8049552774091));
#16837=CARTESIAN_POINT('',(63.5987698789738,6.,-26.8049552774091));
#16838=CARTESIAN_POINT('',(63.5987698789738,28.,-29.8049552774091));
#16839=CARTESIAN_POINT('',(63.5987698789738,28.,-63.8049552774091));
#16840=CARTESIAN_POINT('',(63.5987698789738,30.,-29.8049552774091));
#16841=CARTESIAN_POINT('',(63.5987698789738,28.,-29.8049552774091));
#16842=CARTESIAN_POINT('',(63.5987698789738,30.,-55.8049552774091));
#16843=CARTESIAN_POINT('',(63.5987698789738,30.,-29.8049552774091));
#16844=CARTESIAN_POINT('',(63.5987698789738,28.,-55.8049552774091));
#16845=CARTESIAN_POINT('',(63.5987698789738,28.,-55.8049552774091));
#16846=CARTESIAN_POINT('',(63.5987698789738,28.,-63.8049552774091));
#16847=CARTESIAN_POINT('Origin',(84.5987698789738,8.,-42.8049552774091));
#16848=CARTESIAN_POINT('',(71.5987698789738,8.,-63.8049552774091));
#16849=CARTESIAN_POINT('',(97.5987698789738,8.,-63.8049552774091));
#16850=CARTESIAN_POINT('',(71.5987698789738,8.,-55.8049552774091));
#16851=CARTESIAN_POINT('',(71.5987698789738,8.,-63.8049552774091));
#16852=CARTESIAN_POINT('',(71.5987698789738,8.,-55.8049552774091));
#16853=CARTESIAN_POINT('Origin',(66.0987698789738,6.,-24.3049552774091));
#16854=CARTESIAN_POINT('',(68.5987698789738,28.,-21.8049552774091));
#16855=CARTESIAN_POINT('',(66.0987698789738,28.,-24.3049552774091));
#16856=CARTESIAN_POINT('',(68.5987698789738,8.,-21.8049552774091));
#16857=CARTESIAN_POINT('',(66.0987698789738,8.,-24.3049552774091));
#16858=CARTESIAN_POINT('',(68.5987698789738,6.,-21.8049552774091));
#16859=CARTESIAN_POINT('Origin',(71.5987698789738,6.,-21.8049552774091));
#16860=CARTESIAN_POINT('',(71.5987698789738,8.,-21.8049552774091));
#16861=CARTESIAN_POINT('',(63.5987698789738,8.,-21.8049552774091));
#16862=CARTESIAN_POINT('',(71.5987698789738,6.,-21.8049552774091));
#16863=CARTESIAN_POINT('',(71.5987698789738,6.,-21.8049552774091));
#16864=CARTESIAN_POINT('',(97.5987698789738,6.,-21.8049552774091));
#16865=CARTESIAN_POINT('',(71.5987698789738,6.,-21.8049552774091));
#16866=CARTESIAN_POINT('',(97.5987698789738,8.,-21.8049552774091));
#16867=CARTESIAN_POINT('',(97.5987698789738,6.,-21.8049552774091));
#16868=CARTESIAN_POINT('',(100.598769878974,8.,-21.8049552774091));
#16869=CARTESIAN_POINT('',(63.5987698789738,8.,-21.8049552774091));
#16870=CARTESIAN_POINT('',(100.598769878974,28.,-21.8049552774091));
#16871=CARTESIAN_POINT('',(100.598769878974,6.,-21.8049552774091));
#16872=CARTESIAN_POINT('',(97.5987698789738,28.,-21.8049552774091));
#16873=CARTESIAN_POINT('',(63.5987698789738,28.,-21.8049552774091));
#16874=CARTESIAN_POINT('',(97.5987698789738,30.,-21.8049552774091));
#16875=CARTESIAN_POINT('',(97.5987698789738,28.,-21.8049552774091));
#16876=CARTESIAN_POINT('',(71.5987698789738,30.,-21.8049552774091));
#16877=CARTESIAN_POINT('',(71.5987698789738,30.,-21.8049552774091));
#16878=CARTESIAN_POINT('',(71.5987698789738,28.,-21.8049552774091));
#16879=CARTESIAN_POINT('',(71.5987698789738,28.,-21.8049552774091));
#16880=CARTESIAN_POINT('',(63.5987698789738,28.,-21.8049552774091));
#16881=CARTESIAN_POINT('Origin',(84.5987698789738,8.,-42.8049552774091));
#16882=CARTESIAN_POINT('',(71.5987698789738,8.,-29.8049552774091));
#16883=CARTESIAN_POINT('',(63.5987698789738,8.,-29.8049552774091));
#16884=CARTESIAN_POINT('',(71.5987698789738,8.,-29.8049552774091));
#16885=CARTESIAN_POINT('Origin',(103.098769878974,6.,-24.3049552774091));
#16886=CARTESIAN_POINT('',(103.098769878974,28.,-24.3049552774091));
#16887=CARTESIAN_POINT('',(103.098769878974,8.,-24.3049552774091));
#16888=CARTESIAN_POINT('Origin',(84.5987698789738,8.,-42.8049552774091));
#16889=CARTESIAN_POINT('',(97.5987698789738,8.,-29.8049552774091));
#16890=CARTESIAN_POINT('',(97.5987698789738,8.,-21.8049552774091));
#16891=CARTESIAN_POINT('',(97.5987698789738,8.,-29.8049552774091));
#16892=CARTESIAN_POINT('Origin',(63.5987698789738,28.,-29.8049552774091));
#16893=CARTESIAN_POINT('',(71.5987698789738,28.,-29.8049552774091));
#16894=CARTESIAN_POINT('',(74.0987698789738,28.,-29.8049552774091));
#16895=CARTESIAN_POINT('',(71.5987698789738,30.,-29.8049552774091));
#16896=CARTESIAN_POINT('',(71.5987698789738,28.,-29.8049552774091));
#16897=CARTESIAN_POINT('',(105.598769878974,30.,-29.8049552774091));
#16898=CARTESIAN_POINT('Origin',(71.5987698789738,28.,-55.8049552774091));
#16899=CARTESIAN_POINT('',(71.5987698789738,28.,-55.8049552774091));
#16900=CARTESIAN_POINT('',(78.0987698789738,28.,-55.8049552774091));
#16901=CARTESIAN_POINT('',(71.5987698789738,30.,-55.8049552774091));
#16902=CARTESIAN_POINT('',(63.5987698789738,30.,-55.8049552774091));
#16903=CARTESIAN_POINT('',(71.5987698789738,28.,-55.8049552774091));
#16904=CARTESIAN_POINT('Origin',(71.5987698789738,28.,-63.8049552774091));
#16905=CARTESIAN_POINT('',(71.5987698789738,28.,-63.8049552774091));
#16906=CARTESIAN_POINT('',(71.5987698789738,28.,-53.3049552774091));
#16907=CARTESIAN_POINT('',(71.5987698789738,30.,-63.8049552774091));
#16908=CARTESIAN_POINT('',(71.5987698789738,30.,-63.8049552774091));
#16909=CARTESIAN_POINT('',(71.5987698789738,28.,-63.8049552774091));
#16910=CARTESIAN_POINT('Origin',(97.5987698789738,28.,-55.8049552774091));
#16911=CARTESIAN_POINT('',(97.5987698789738,28.,-63.8049552774091));
#16912=CARTESIAN_POINT('',(97.5987698789738,28.,-55.8049552774091));
#16913=CARTESIAN_POINT('',(97.5987698789738,28.,-49.3049552774091));
#16914=CARTESIAN_POINT('',(97.5987698789738,30.,-63.8049552774091));
#16915=CARTESIAN_POINT('',(97.5987698789738,28.,-63.8049552774091));
#16916=CARTESIAN_POINT('',(97.5987698789738,30.,-55.8049552774091));
#16917=CARTESIAN_POINT('',(97.5987698789738,30.,-21.8049552774091));
#16918=CARTESIAN_POINT('',(97.5987698789738,28.,-55.8049552774091));
#16919=CARTESIAN_POINT('Origin',(105.598769878974,28.,-55.8049552774091));
#16920=CARTESIAN_POINT('',(95.0987698789738,28.,-55.8049552774091));
#16921=CARTESIAN_POINT('',(63.5987698789738,30.,-55.8049552774091));
#16922=CARTESIAN_POINT('Origin',(97.5987698789738,28.,-29.8049552774091));
#16923=CARTESIAN_POINT('',(97.5987698789738,28.,-29.8049552774091));
#16924=CARTESIAN_POINT('',(91.0987698789738,28.,-29.8049552774091));
#16925=CARTESIAN_POINT('',(97.5987698789738,30.,-29.8049552774091));
#16926=CARTESIAN_POINT('',(105.598769878974,30.,-29.8049552774091));
#16927=CARTESIAN_POINT('',(97.5987698789738,28.,-29.8049552774091));
#16928=CARTESIAN_POINT('Origin',(97.5987698789738,28.,-21.8049552774091));
#16929=CARTESIAN_POINT('',(97.5987698789738,28.,-32.3049552774091));
#16930=CARTESIAN_POINT('',(97.5987698789738,30.,-21.8049552774091));
#16931=CARTESIAN_POINT('Origin',(71.5987698789738,28.,-29.8049552774091));
#16932=CARTESIAN_POINT('',(71.5987698789738,28.,-36.3049552774091));
#16933=CARTESIAN_POINT('',(71.5987698789738,30.,-63.8049552774091));
#16934=CARTESIAN_POINT('Origin',(84.5987698789738,30.,-42.8049552774091));
#16935=CARTESIAN_POINT('',(97.5987698789738,30.,-63.8049552774091));
#16936=CARTESIAN_POINT('Origin',(84.5987698789738,28.,-42.8049552774091));
#16937=CARTESIAN_POINT('Origin',(84.5987698789738,28.,-42.8049552774091));
#16938=CARTESIAN_POINT('Origin',(84.5987698789738,28.,-42.8049552774091));
#16939=CARTESIAN_POINT('',(97.5987698789738,28.,-63.8049552774091));
#16940=CARTESIAN_POINT('Origin',(84.5987698789738,28.,-42.8049552774091));
#16941=CARTESIAN_POINT('',(97.5987698789738,28.,-63.8049552774091));
#16942=CARTESIAN_POINT('Origin',(63.5987698789738,6.,-29.8049552774091));
#16943=CARTESIAN_POINT('',(71.5987698789738,6.,-29.8049552774091));
#16944=CARTESIAN_POINT('',(63.5987698789738,6.,-29.8049552774091));
#16945=CARTESIAN_POINT('',(71.5987698789738,6.,-29.8049552774091));
#16946=CARTESIAN_POINT('Origin',(71.5987698789738,6.,-55.8049552774091));
#16947=CARTESIAN_POINT('',(71.5987698789738,6.,-55.8049552774091));
#16948=CARTESIAN_POINT('',(71.5987698789738,6.,-55.8049552774091));
#16949=CARTESIAN_POINT('',(71.5987698789738,6.,-55.8049552774091));
#16950=CARTESIAN_POINT('Origin',(71.5987698789738,6.,-63.8049552774091));
#16951=CARTESIAN_POINT('',(71.5987698789738,6.,-63.8049552774091));
#16952=CARTESIAN_POINT('',(71.5987698789738,6.,-63.8049552774091));
#16953=CARTESIAN_POINT('',(71.5987698789738,6.,-63.8049552774091));
#16954=CARTESIAN_POINT('Origin',(97.5987698789738,6.,-63.8049552774091));
#16955=CARTESIAN_POINT('',(97.5987698789738,6.,-63.8049552774091));
#16956=CARTESIAN_POINT('',(97.5987698789738,6.,-63.8049552774091));
#16957=CARTESIAN_POINT('',(97.5987698789738,6.,-63.8049552774091));
#16958=CARTESIAN_POINT('Origin',(97.5987698789738,6.,-55.8049552774091));
#16959=CARTESIAN_POINT('',(97.5987698789738,6.,-55.8049552774091));
#16960=CARTESIAN_POINT('',(97.5987698789738,6.,-55.8049552774091));
#16961=CARTESIAN_POINT('',(97.5987698789738,6.,-55.8049552774091));
#16962=CARTESIAN_POINT('Origin',(105.598769878974,6.,-55.8049552774091));
#16963=CARTESIAN_POINT('',(105.598769878974,6.,-55.8049552774091));
#16964=CARTESIAN_POINT('Origin',(97.5987698789738,6.,-29.8049552774091));
#16965=CARTESIAN_POINT('',(97.5987698789738,6.,-29.8049552774091));
#16966=CARTESIAN_POINT('',(97.5987698789738,6.,-29.8049552774091));
#16967=CARTESIAN_POINT('',(97.5987698789738,6.,-29.8049552774091));
#16968=CARTESIAN_POINT('Origin',(97.5987698789738,6.,-21.8049552774091));
#16969=CARTESIAN_POINT('',(97.5987698789738,6.,-21.8049552774091));
#16970=CARTESIAN_POINT('Origin',(71.5987698789738,6.,-29.8049552774091));
#16971=CARTESIAN_POINT('',(71.5987698789738,6.,-29.8049552774091));
#16972=CARTESIAN_POINT('Origin',(84.5987698789738,6.,-42.8049552774091));
#16973=CARTESIAN_POINT('',(0.,0.,0.));
#16974=CARTESIAN_POINT('Origin',(84.5987698789741,-9.9999999999998,-42.8049552774091));
#16975=CARTESIAN_POINT('',(81.5987698789741,-9.9999999999998,-42.8049552774091));
#16976=CARTESIAN_POINT('Origin',(84.5987698789741,-9.9999999999999,-42.8049552774091));
#16977=CARTESIAN_POINT('',(81.5987698789741,6.,-42.8049552774091));
#16978=CARTESIAN_POINT('',(81.5987698789741,-9.9999999999998,-42.8049552774091));
#16979=CARTESIAN_POINT('Origin',(84.5987698789741,6.,-42.8049552774091));
#16980=CARTESIAN_POINT('Origin',(84.598769878974,9.76996261670138E-14,-42.8049552774091));
#16981=CARTESIAN_POINT('',(73.598769878974,-9.9999999999999,-42.8049552774091));
#16982=CARTESIAN_POINT('Origin',(84.598769878974,-9.9999999999999,-42.8049552774091));
#16983=CARTESIAN_POINT('',(73.598769878974,9.76996261670138E-14,-42.8049552774091));
#16984=CARTESIAN_POINT('',(73.598769878974,9.76996261670138E-14,-42.8049552774091));
#16985=CARTESIAN_POINT('Origin',(84.598769878974,0.,-42.8049552774091));
#16986=CARTESIAN_POINT('Origin',(84.598769878974,-9.9999999999999,-42.8049552774091));
#16987=CARTESIAN_POINT('Origin',(66.0987698789738,0.,-24.3049552774091));
#16988=CARTESIAN_POINT('',(68.5987698789738,8.,-21.8049552774091));
#16989=CARTESIAN_POINT('',(63.5987698789738,8.,-26.8049552774091));
#16990=CARTESIAN_POINT('',(66.0987698789738,8.,-24.3049552774091));
#16991=CARTESIAN_POINT('',(63.5987698789738,0.,-26.8049552774091));
#16992=CARTESIAN_POINT('',(63.5987698789738,0.,-26.8049552774091));
#16993=CARTESIAN_POINT('',(68.5987698789738,0.,-21.8049552774091));
#16994=CARTESIAN_POINT('',(66.0987698789738,0.,-24.3049552774091));
#16995=CARTESIAN_POINT('',(68.5987698789738,0.,-21.8049552774091));
#16996=CARTESIAN_POINT('Origin',(63.5987698789738,0.,-63.8049552774091));
#16997=CARTESIAN_POINT('',(63.5987698789738,8.,-29.8049552774091));
#16998=CARTESIAN_POINT('',(63.5987698789738,8.,-21.8049552774091));
#16999=CARTESIAN_POINT('',(63.5987698789738,6.,-29.8049552774091));
#17000=CARTESIAN_POINT('',(63.5987698789738,4.,-29.8049552774091));
#17001=CARTESIAN_POINT('',(63.5987698789738,6.,-55.8049552774091));
#17002=CARTESIAN_POINT('',(63.5987698789738,6.,-53.3049552774091));
#17003=CARTESIAN_POINT('',(63.5987698789738,8.,-55.8049552774091));
#17004=CARTESIAN_POINT('',(63.5987698789738,4.,-55.804955277409));
#17005=CARTESIAN_POINT('',(63.5987698789738,8.,-58.8049552774091));
#17006=CARTESIAN_POINT('',(63.5987698789738,8.,-21.8049552774091));
#17007=CARTESIAN_POINT('',(63.5987698789738,0.,-58.8049552774091));
#17008=CARTESIAN_POINT('',(63.5987698789738,0.,-58.8049552774091));
#17009=CARTESIAN_POINT('',(63.5987698789738,0.,-21.8049552774091));
#17010=CARTESIAN_POINT('Origin',(84.5987698789738,8.,-42.8049552774091));
#17011=CARTESIAN_POINT('',(71.5987698789738,8.,-21.8049552774091));
#17012=CARTESIAN_POINT('',(105.598769878974,8.,-21.8049552774091));
#17013=CARTESIAN_POINT('',(71.5987698789738,8.,-29.8049552774091));
#17014=CARTESIAN_POINT('',(71.5987698789738,8.,-32.3049552774091));
#17015=CARTESIAN_POINT('',(78.0987698789738,8.,-29.8049552774091));
#17016=CARTESIAN_POINT('Origin',(66.0987698789738,0.,-61.3049552774091));
#17017=CARTESIAN_POINT('',(68.5987698789738,8.,-63.8049552774091));
#17018=CARTESIAN_POINT('',(66.0987698789738,8.,-61.3049552774091));
#17019=CARTESIAN_POINT('',(68.5987698789738,0.,-63.8049552774091));
#17020=CARTESIAN_POINT('',(68.5987698789738,0.,-63.8049552774091));
#17021=CARTESIAN_POINT('',(66.0987698789738,0.,-61.3049552774091));
#17022=CARTESIAN_POINT('Origin',(105.598769878974,0.,-63.8049552774091));
#17023=CARTESIAN_POINT('',(71.5987698789738,8.,-63.8049552774091));
#17024=CARTESIAN_POINT('',(63.5987698789738,8.,-63.8049552774091));
#17025=CARTESIAN_POINT('',(71.5987698789738,6.,-63.8049552774091));
#17026=CARTESIAN_POINT('',(71.5987698789738,4.,-63.8049552774091));
#17027=CARTESIAN_POINT('',(97.5987698789738,6.,-63.8049552774091));
#17028=CARTESIAN_POINT('',(95.0987698789738,6.,-63.8049552774091));
#17029=CARTESIAN_POINT('',(97.5987698789738,8.,-63.8049552774091));
#17030=CARTESIAN_POINT('',(97.5987698789738,4.,-63.8049552774091));
#17031=CARTESIAN_POINT('',(100.598769878974,8.,-63.8049552774091));
#17032=CARTESIAN_POINT('',(63.5987698789738,8.,-63.8049552774091));
#17033=CARTESIAN_POINT('',(100.598769878974,0.,-63.8049552774091));
#17034=CARTESIAN_POINT('',(100.598769878974,0.,-63.8049552774091));
#17035=CARTESIAN_POINT('',(63.5987698789738,0.,-63.8049552774091));
#17036=CARTESIAN_POINT('Origin',(84.5987698789738,8.,-42.8049552774091));
#17037=CARTESIAN_POINT('',(71.5987698789738,8.,-55.8049552774091));
#17038=CARTESIAN_POINT('',(74.0987698789738,8.,-55.8049552774091));
#17039=CARTESIAN_POINT('',(71.5987698789738,8.,-49.3049552774091));
#17040=CARTESIAN_POINT('Origin',(103.098769878974,0.,-61.3049552774091));
#17041=CARTESIAN_POINT('',(105.598769878974,8.,-58.8049552774091));
#17042=CARTESIAN_POINT('',(103.098769878974,8.,-61.3049552774091));
#17043=CARTESIAN_POINT('',(105.598769878974,0.,-58.8049552774091));
#17044=CARTESIAN_POINT('',(105.598769878974,0.,-58.8049552774091));
#17045=CARTESIAN_POINT('',(103.098769878974,0.,-61.3049552774091));
#17046=CARTESIAN_POINT('Origin',(84.5987698789738,0.,-42.8049552774091));
#17047=CARTESIAN_POINT('',(105.598769878974,0.,-26.8049552774091));
#17048=CARTESIAN_POINT('',(105.598769878974,0.,-63.8049552774091));
#17049=CARTESIAN_POINT('',(100.598769878974,0.,-21.8049552774091));
#17050=CARTESIAN_POINT('',(103.098769878974,0.,-24.3049552774091));
#17051=CARTESIAN_POINT('',(105.598769878974,0.,-21.8049552774091));
#17052=CARTESIAN_POINT('Origin',(105.598769878974,0.,-21.8049552774091));
#17053=CARTESIAN_POINT('',(105.598769878974,8.,-55.8049552774091));
#17054=CARTESIAN_POINT('',(105.598769878974,8.,-63.8049552774091));
#17055=CARTESIAN_POINT('',(105.598769878974,6.,-55.8049552774091));
#17056=CARTESIAN_POINT('',(105.598769878974,4.,-55.8049552774091));
#17057=CARTESIAN_POINT('',(105.598769878974,6.,-29.8049552774091));
#17058=CARTESIAN_POINT('',(105.598769878974,6.,-32.3049552774091));
#17059=CARTESIAN_POINT('',(105.598769878974,8.,-29.8049552774091));
#17060=CARTESIAN_POINT('',(105.598769878974,4.,-29.8049552774091));
#17061=CARTESIAN_POINT('',(105.598769878974,8.,-26.8049552774091));
#17062=CARTESIAN_POINT('',(105.598769878974,8.,-63.8049552774091));
#17063=CARTESIAN_POINT('',(105.598769878974,0.,-26.8049552774091));
#17064=CARTESIAN_POINT('Origin',(103.098769878974,0.,-24.3049552774091));
#17065=CARTESIAN_POINT('',(100.598769878974,8.,-21.8049552774091));
#17066=CARTESIAN_POINT('',(103.098769878974,8.,-24.3049552774091));
#17067=CARTESIAN_POINT('',(100.598769878974,0.,-21.8049552774091));
#17068=CARTESIAN_POINT('Origin',(84.5987698789738,8.,-42.8049552774091));
#17069=CARTESIAN_POINT('',(97.5987698789738,8.,-29.8049552774091));
#17070=CARTESIAN_POINT('',(95.0987698789738,8.,-29.8049552774091));
#17071=CARTESIAN_POINT('',(97.5987698789738,8.,-21.8049552774091));
#17072=CARTESIAN_POINT('',(97.5987698789738,8.,-36.3049552774091));
#17073=CARTESIAN_POINT('',(105.598769878974,8.,-21.8049552774091));
#17074=CARTESIAN_POINT('Origin',(97.5987698789738,8.,-29.8049552774091));
#17075=CARTESIAN_POINT('',(97.5987698789738,6.,-29.8049552774091));
#17076=CARTESIAN_POINT('',(97.5987698789738,8.,-29.8049552774091));
#17077=CARTESIAN_POINT('',(97.5987698789738,6.,-21.8049552774091));
#17078=CARTESIAN_POINT('',(97.5987698789738,6.,-63.8049552774091));
#17079=CARTESIAN_POINT('',(97.5987698789738,4.,-21.8049552774091));
#17080=CARTESIAN_POINT('Origin',(105.598769878974,8.,-29.8049552774091));
#17081=CARTESIAN_POINT('',(105.598769878974,6.,-29.8049552774091));
#17082=CARTESIAN_POINT('Origin',(97.5987698789738,8.,-55.8049552774091));
#17083=CARTESIAN_POINT('',(97.5987698789738,8.,-55.8049552774091));
#17084=CARTESIAN_POINT('',(91.0987698789738,8.,-55.8049552774091));
#17085=CARTESIAN_POINT('',(97.5987698789738,6.,-55.8049552774091));
#17086=CARTESIAN_POINT('',(97.5987698789738,8.,-55.8049552774091));
#17087=CARTESIAN_POINT('',(63.5987698789738,6.,-55.8049552774091));
#17088=CARTESIAN_POINT('Origin',(97.5987698789738,8.,-63.8049552774091));
#17089=CARTESIAN_POINT('',(97.5987698789738,8.,-53.3049552774091));
#17090=CARTESIAN_POINT('',(97.5987698789738,6.,-63.8049552774091));
#17091=CARTESIAN_POINT('Origin',(71.5987698789738,8.,-55.8049552774091));
#17092=CARTESIAN_POINT('',(71.5987698789738,6.,-55.8049552774091));
#17093=CARTESIAN_POINT('',(71.5987698789738,8.,-55.8049552774091));
#17094=CARTESIAN_POINT('',(71.5987698789738,6.,-21.8049552774091));
#17095=CARTESIAN_POINT('Origin',(63.5987698789738,8.,-55.8049552774091));
#17096=CARTESIAN_POINT('',(63.5987698789738,6.,-55.8049552774091));
#17097=CARTESIAN_POINT('Origin',(71.5987698789738,8.,-29.8049552774091));
#17098=CARTESIAN_POINT('',(71.5987698789738,6.,-29.8049552774091));
#17099=CARTESIAN_POINT('',(71.5987698789738,8.,-29.8049552774091));
#17100=CARTESIAN_POINT('',(105.598769878974,6.,-29.8049552774091));
#17101=CARTESIAN_POINT('Origin',(71.5987698789738,8.,-21.8049552774091));
#17102=CARTESIAN_POINT('',(71.5987698789738,6.,-21.8049552774091));
#17103=CARTESIAN_POINT('',(71.5987698789738,4.,-21.8049552774091));
#17104=CARTESIAN_POINT('',(71.5987698789738,6.,-21.8049552774091));
#17105=CARTESIAN_POINT('Origin',(84.5987698789738,6.,-42.8049552774091));
#17106=CARTESIAN_POINT('',(74.0987698789738,6.,-21.8049552774091));
#17107=CARTESIAN_POINT('Origin',(84.5987698789738,8.,-42.8049552774091));
#17108=CARTESIAN_POINT('Origin',(63.5987698789738,0.,-21.8049552774091));
#17109=CARTESIAN_POINT('',(0.,0.,0.));
#17110=CARTESIAN_POINT('Origin',(84.5987698789739,45.9999999999999,-42.8049552774091));
#17111=CARTESIAN_POINT('',(87.5987698789739,71.9999999999999,-42.8049552774091));
#17112=CARTESIAN_POINT('Origin',(84.5987698789739,71.9999999999999,-42.8049552774091));
#17113=CARTESIAN_POINT('',(87.5987698789739,45.9999999999999,-42.8049552774091));
#17114=CARTESIAN_POINT('',(87.5987698789739,45.9999999999999,-42.8049552774091));
#17115=CARTESIAN_POINT('Origin',(84.5987698789739,45.9999999999999,-42.8049552774091));
#17116=CARTESIAN_POINT('Origin',(84.5987698789739,71.9999999999999,-42.8049552774091));
#17117=CARTESIAN_POINT('Origin',(84.5987698789739,45.9999999999999,-42.8049552774091));
#17118=CARTESIAN_POINT('',(0.,0.,0.));
#17119=CARTESIAN_POINT('',(0.,0.,0.));
#17120=CARTESIAN_POINT('',(169.197539757948,36.0000000000002,8.88178419700125E-15));
#17121=CARTESIAN_POINT('',(-8.88178419700125E-14,-15.9999999999999,0.));
#17122=CARTESIAN_POINT('',(0.,0.,0.));
#17123=CARTESIAN_POINT('',(-1.77635683940025E-15,-3.5527136788005E-15,0.));
#17124=CARTESIAN_POINT('',(169.197539757948,36.0000000000001,4.44089209850063E-15));
#17125=CARTESIAN_POINT('',(-1.06581410364015E-13,-15.9999999999999,0.));
#17126=CARTESIAN_POINT('',(0.,0.,0.));
#17127=CARTESIAN_POINT('Origin',(3.50000005215406,0.,-6.00000017881393));
#17128=CARTESIAN_POINT('',(3.49106001094224,0.25,-8.49998415962257));
#17129=CARTESIAN_POINT('',(1.00000008642673,3.35410194048221,-6.00000017881393));
#17130=CARTESIAN_POINT('Ctrl Pts',(3.49106001094224,0.25,-8.49998415962257));
#17131=CARTESIAN_POINT('Ctrl Pts',(3.46392198669064,0.628961884962899,-8.49988711297864));
#17132=CARTESIAN_POINT('Ctrl Pts',(3.37142432000776,1.01778245078241,-8.50146903321777));
#17133=CARTESIAN_POINT('Ctrl Pts',(3.03031339016657,1.81510231639726,-8.46272860004226));
#17134=CARTESIAN_POINT('Ctrl Pts',(2.74944483607523,2.2083143022018,-8.40899563620278));
#17135=CARTESIAN_POINT('Ctrl Pts',(2.31654312395244,2.62933003116039,-8.20636985840987));
#17136=CARTESIAN_POINT('Ctrl Pts',(2.1760546891691,2.74658191083441,-8.1274942906015));
#17137=CARTESIAN_POINT('Ctrl Pts',(1.89950012731127,2.94462647911801,-7.92807249763131));
#17138=CARTESIAN_POINT('Ctrl Pts',(1.76399795039708,3.02577838608291,-7.80710172050031));
#17139=CARTESIAN_POINT('Ctrl Pts',(1.45936608643593,3.18848339418699,-7.47150976192874));
#17140=CARTESIAN_POINT('Ctrl Pts',(1.28726975619705,3.2569614632499,-7.20535928804052));
#17141=CARTESIAN_POINT('Ctrl Pts',(1.05754851759313,3.33863003887988,-6.61927293365624));
#17142=CARTESIAN_POINT('Ctrl Pts',(1.00000008642673,3.35410194048221,-6.29962723830061));
#17143=CARTESIAN_POINT('Ctrl Pts',(1.00000008642673,3.35410194048221,-6.00000017881393));
#17144=CARTESIAN_POINT('',(3.49106001094224,0.25,-3.5000161980053));
#17145=CARTESIAN_POINT('Origin',(3.50000005215406,0.25,-6.00000017881393));
#17146=CARTESIAN_POINT('Ctrl Pts',(1.00000008642673,3.35410194048221,-6.00000017881393));
#17147=CARTESIAN_POINT('Ctrl Pts',(1.00000008642673,3.35410194048221,-5.70037311932726));
#17148=CARTESIAN_POINT('Ctrl Pts',(1.05754851759313,3.33863003887988,-5.38072742397163));
#17149=CARTESIAN_POINT('Ctrl Pts',(1.28726975619705,3.2569614632499,-4.79464106958735));
#17150=CARTESIAN_POINT('Ctrl Pts',(1.45936608643593,3.18848339418699,-4.52849059569913));
#17151=CARTESIAN_POINT('Ctrl Pts',(1.76399795039708,3.02577838608291,-4.19289863712756));
#17152=CARTESIAN_POINT('Ctrl Pts',(1.89950012731127,2.94462647911802,-4.07192785999656));
#17153=CARTESIAN_POINT('Ctrl Pts',(2.1760546891691,2.74658191083441,-3.87250606702636));
#17154=CARTESIAN_POINT('Ctrl Pts',(2.31654312395244,2.62933003116039,-3.79363049921799));
#17155=CARTESIAN_POINT('Ctrl Pts',(2.74944483607523,2.20831430220181,-3.59100472142508));
#17156=CARTESIAN_POINT('Ctrl Pts',(3.03031339016657,1.81510231639726,-3.5372717575856));
#17157=CARTESIAN_POINT('Ctrl Pts',(3.37142432000776,1.01778245078241,-3.4985313244101));
#17158=CARTESIAN_POINT('Ctrl Pts',(3.46392198669064,0.628961884962899,-3.50011324464923));
#17159=CARTESIAN_POINT('Ctrl Pts',(3.49106001094224,0.25,-3.5000161980053));
#17160=CARTESIAN_POINT('',(1.00000008642673,6.92820321780089,-6.00000017881393));
#17161=CARTESIAN_POINT('',(1.00000008642673,0.,-6.00000017881393));
#17162=CARTESIAN_POINT('Ctrl Pts',(1.00000008642673,6.92820321780089,-6.00000017881393));
#17163=CARTESIAN_POINT('Ctrl Pts',(1.00000008642673,6.92820321780089,-6.31236251485563));
#17164=CARTESIAN_POINT('Ctrl Pts',(1.0622213508466,6.92011432165283,-6.64541893157874));
#17165=CARTESIAN_POINT('Ctrl Pts',(1.31383418906018,6.87678243346142,-7.25698411209923));
#17166=CARTESIAN_POINT('Ctrl Pts',(1.50322506141878,6.84031334581743,-7.53540567296564));
#17167=CARTESIAN_POINT('Ctrl Pts',(1.95382511630531,6.72615951254924,-7.99280010417384));
#17168=CARTESIAN_POINT('Ctrl Pts',(2.24980340963742,6.63714149685245,-8.19114552350226));
#17169=CARTESIAN_POINT('Ctrl Pts',(2.87615524126376,6.3906959257305,-8.44436645049119));
#17170=CARTESIAN_POINT('Ctrl Pts',(3.20574755503816,6.23206455817484,-8.50000014454126));
#17171=CARTESIAN_POINT('Ctrl Pts',(3.8630832122814,5.85255163197728,-8.50000014454126));
#17172=CARTESIAN_POINT('Ctrl Pts',(4.2272047327209,5.59548927786143,-8.41795422597879));
#17173=CARTESIAN_POINT('Ctrl Pts',(4.86995102012286,5.04602176185962,-8.12098185496156));
#17174=CARTESIAN_POINT('Ctrl Pts',(5.14935914473899,4.75391593492923,-7.90719870073119));
#17175=CARTESIAN_POINT('Ctrl Pts',(5.54288327177094,4.28380707486102,-7.46497122281502));
#17176=CARTESIAN_POINT('Ctrl Pts',(5.70400409633407,4.0627926612065,-7.21851048385814));
#17177=CARTESIAN_POINT('Ctrl Pts',(5.87484033127393,3.80745818757008,-6.79576005359585));
#17178=CARTESIAN_POINT('Ctrl Pts',(5.92041783818653,3.73525518030872,-6.64591469660694));
#17179=CARTESIAN_POINT('Ctrl Pts',(5.98297360400116,3.6342273609316,-6.33222307275657));
#17180=CARTESIAN_POINT('Ctrl Pts',(6.0000000178814,3.60555124570755,-6.16833854004171));
#17181=CARTESIAN_POINT('Ctrl Pts',(6.0000000178814,3.60555124570755,-5.83166181758616));
#17182=CARTESIAN_POINT('Ctrl Pts',(5.98297360400116,3.6342273609316,-5.66777728487129));
#17183=CARTESIAN_POINT('Ctrl Pts',(5.92041783818653,3.73525518030872,-5.35408566102093));
#17184=CARTESIAN_POINT('Ctrl Pts',(5.87484033127393,3.80745818757008,-5.20424030403201));
#17185=CARTESIAN_POINT('Ctrl Pts',(5.70400409633407,4.06279266120651,-4.78148987376972));
#17186=CARTESIAN_POINT('Ctrl Pts',(5.54288327177094,4.28380707486102,-4.53502913481285));
#17187=CARTESIAN_POINT('Ctrl Pts',(5.14935914473899,4.75391593492923,-4.09280165689668));
#17188=CARTESIAN_POINT('Ctrl Pts',(4.86995102012286,5.04602176185963,-3.87901850266631));
#17189=CARTESIAN_POINT('Ctrl Pts',(4.2272047327209,5.59548927786143,-3.58204613164907));
#17190=CARTESIAN_POINT('Ctrl Pts',(3.8630832122814,5.85255163197728,-3.5000002130866));
#17191=CARTESIAN_POINT('Ctrl Pts',(3.20574755503816,6.23206455817484,-3.5000002130866));
#17192=CARTESIAN_POINT('Ctrl Pts',(2.87615524126376,6.3906959257305,-3.55563390713668));
#17193=CARTESIAN_POINT('Ctrl Pts',(2.24980340963741,6.63714149685245,-3.80885483412561));
#17194=CARTESIAN_POINT('Ctrl Pts',(1.95382511630531,6.72615951254924,-4.00720025345403));
#17195=CARTESIAN_POINT('Ctrl Pts',(1.50322506141878,6.84031334581743,-4.46459468466223));
#17196=CARTESIAN_POINT('Ctrl Pts',(1.31383418906018,6.87678243346142,-4.74301624552864));
#17197=CARTESIAN_POINT('Ctrl Pts',(1.0622213508466,6.92011432165283,-5.35458142604913));
#17198=CARTESIAN_POINT('Ctrl Pts',(1.00000008642673,6.92820321780089,-5.68763784277223));
#17199=CARTESIAN_POINT('Ctrl Pts',(1.00000008642673,6.92820321780089,-6.00000017881393));
#17200=CARTESIAN_POINT('Origin',(0.,0.25,12.));
#17201=CARTESIAN_POINT('',(3.49106001094224,0.25,-12.));
#17202=CARTESIAN_POINT('',(3.49106001094224,0.25,12.));
#17203=CARTESIAN_POINT('',(6.99553428981661,0.25,-12.));
#17204=CARTESIAN_POINT('',(0.,0.25,-12.));
#17205=CARTESIAN_POINT('',(6.99553428981661,0.25,-0.250000000000057));
#17206=CARTESIAN_POINT('',(6.99553428981661,0.25,0.));
#17207=CARTESIAN_POINT('',(3.49106001094224,0.25,-0.249999999999999));
#17208=CARTESIAN_POINT('',(0.,0.25,-0.249999999999999));
#17209=CARTESIAN_POINT('',(3.49106001094224,0.25,12.));
#17210=CARTESIAN_POINT('Origin',(3.50000005215406,0.,-6.00000017881393));
#17211=CARTESIAN_POINT('',(3.49106001094224,-0.25,-3.5000161980053));
#17212=CARTESIAN_POINT('',(1.00000008642673,-3.35410194048221,-6.00000017881393));
#17213=CARTESIAN_POINT('Ctrl Pts',(3.49106001094224,-0.25,-3.5000161980053));
#17214=CARTESIAN_POINT('Ctrl Pts',(3.46392198669064,-0.6289618849629,-3.50011324464923));
#17215=CARTESIAN_POINT('Ctrl Pts',(3.37142432000776,-1.01778245078241,-3.4985313244101));
#17216=CARTESIAN_POINT('Ctrl Pts',(3.03031339016657,-1.81510231639726,-3.5372717575856));
#17217=CARTESIAN_POINT('Ctrl Pts',(2.74944483607523,-2.2083143022018,-3.59100472142508));
#17218=CARTESIAN_POINT('Ctrl Pts',(2.31654312395244,-2.62933003116039,-3.79363049921799));
#17219=CARTESIAN_POINT('Ctrl Pts',(2.1760546891691,-2.74658191083441,-3.87250606702636));
#17220=CARTESIAN_POINT('Ctrl Pts',(1.89950012731127,-2.94462647911802,-4.07192785999656));
#17221=CARTESIAN_POINT('Ctrl Pts',(1.76399795039708,-3.02577838608291,-4.19289863712756));
#17222=CARTESIAN_POINT('Ctrl Pts',(1.45936608643593,-3.18848339418699,-4.52849059569913));
#17223=CARTESIAN_POINT('Ctrl Pts',(1.28726975619705,-3.2569614632499,-4.79464106958734));
#17224=CARTESIAN_POINT('Ctrl Pts',(1.05754851759313,-3.33863003887988,-5.38072742397162));
#17225=CARTESIAN_POINT('Ctrl Pts',(1.00000008642673,-3.35410194048221,-5.70037311932726));
#17226=CARTESIAN_POINT('Ctrl Pts',(1.00000008642673,-3.35410194048221,-6.00000017881393));
#17227=CARTESIAN_POINT('',(3.49106001094224,-0.25,-8.49998415962257));
#17228=CARTESIAN_POINT('Origin',(3.50000005215406,-0.25,-6.00000017881393));
#17229=CARTESIAN_POINT('Ctrl Pts',(1.00000008642673,-3.35410194048221,-6.00000017881393));
#17230=CARTESIAN_POINT('Ctrl Pts',(1.00000008642673,-3.35410194048221,-6.29962723830061));
#17231=CARTESIAN_POINT('Ctrl Pts',(1.05754851759313,-3.33863003887988,-6.61927293365624));
#17232=CARTESIAN_POINT('Ctrl Pts',(1.28726975619705,-3.2569614632499,-7.20535928804052));
#17233=CARTESIAN_POINT('Ctrl Pts',(1.45936608643593,-3.18848339418699,-7.47150976192874));
#17234=CARTESIAN_POINT('Ctrl Pts',(1.76399795039708,-3.02577838608291,-7.80710172050031));
#17235=CARTESIAN_POINT('Ctrl Pts',(1.89950012731127,-2.94462647911802,-7.92807249763131));
#17236=CARTESIAN_POINT('Ctrl Pts',(2.1760546891691,-2.74658191083441,-8.1274942906015));
#17237=CARTESIAN_POINT('Ctrl Pts',(2.31654312395244,-2.62933003116039,-8.20636985840987));
#17238=CARTESIAN_POINT('Ctrl Pts',(2.74944483607523,-2.20831430220181,-8.40899563620278));
#17239=CARTESIAN_POINT('Ctrl Pts',(3.03031339016656,-1.81510231639726,-8.46272860004226));
#17240=CARTESIAN_POINT('Ctrl Pts',(3.37142432000776,-1.01778245078241,-8.50146903321777));
#17241=CARTESIAN_POINT('Ctrl Pts',(3.46392198669064,-0.6289618849629,-8.49988711297864));
#17242=CARTESIAN_POINT('Ctrl Pts',(3.49106001094224,-0.25,-8.49998415962257));
#17243=CARTESIAN_POINT('',(1.00000008642673,-6.92820321780089,-6.00000017881393));
#17244=CARTESIAN_POINT('',(1.00000008642673,0.,-6.00000017881393));
#17245=CARTESIAN_POINT('',(6.0000000178814,-3.60555124570755,-6.00000017881393));
#17246=CARTESIAN_POINT('Ctrl Pts',(6.0000000178814,-3.60555124570755,-6.00000017881393));
#17247=CARTESIAN_POINT('Ctrl Pts',(6.0000000178814,-3.60555124570755,-6.16833854004171));
#17248=CARTESIAN_POINT('Ctrl Pts',(5.98297360400116,-3.6342273609316,-6.33222307275657));
#17249=CARTESIAN_POINT('Ctrl Pts',(5.92041783818653,-3.73525518030872,-6.64591469660694));
#17250=CARTESIAN_POINT('Ctrl Pts',(5.87484033127393,-3.80745818757008,-6.79576005359585));
#17251=CARTESIAN_POINT('Ctrl Pts',(5.70400409633407,-4.0627926612065,-7.21851048385814));
#17252=CARTESIAN_POINT('Ctrl Pts',(5.54288327177094,-4.28380707486102,-7.46497122281502));
#17253=CARTESIAN_POINT('Ctrl Pts',(5.14935914473899,-4.75391593492924,-7.90719870073119));
#17254=CARTESIAN_POINT('Ctrl Pts',(4.86995102012286,-5.04602176185963,-8.12098185496156));
#17255=CARTESIAN_POINT('Ctrl Pts',(4.2272047327209,-5.59548927786143,-8.41795422597879));
#17256=CARTESIAN_POINT('Ctrl Pts',(3.8630832122814,-5.85255163197728,-8.50000014454126));
#17257=CARTESIAN_POINT('Ctrl Pts',(3.20574755503816,-6.23206455817484,-8.50000014454126));
#17258=CARTESIAN_POINT('Ctrl Pts',(2.87615524126376,-6.3906959257305,-8.44436645049119));
#17259=CARTESIAN_POINT('Ctrl Pts',(2.24980340963741,-6.63714149685245,-8.19114552350226));
#17260=CARTESIAN_POINT('Ctrl Pts',(1.95382511630531,-6.72615951254924,-7.99280010417384));
#17261=CARTESIAN_POINT('Ctrl Pts',(1.50322506141878,-6.84031334581743,-7.53540567296564));
#17262=CARTESIAN_POINT('Ctrl Pts',(1.31383418906018,-6.87678243346142,-7.25698411209922));
#17263=CARTESIAN_POINT('Ctrl Pts',(1.0622213508466,-6.92011432165283,-6.64541893157875));
#17264=CARTESIAN_POINT('Ctrl Pts',(1.00000008642673,-6.92820321780089,-6.31236251485563));
#17265=CARTESIAN_POINT('Ctrl Pts',(1.00000008642673,-6.92820321780089,-6.00000017881393));
#17266=CARTESIAN_POINT('Ctrl Pts',(1.00000008642673,-6.92820321780089,-6.00000017881393));
#17267=CARTESIAN_POINT('Ctrl Pts',(1.00000008642673,-6.92820321780089,-5.68763784277224));
#17268=CARTESIAN_POINT('Ctrl Pts',(1.0622213508466,-6.92011432165283,-5.35458142604912));
#17269=CARTESIAN_POINT('Ctrl Pts',(1.31383418906018,-6.87678243346142,-4.74301624552864));
#17270=CARTESIAN_POINT('Ctrl Pts',(1.50322506141878,-6.84031334581743,-4.46459468466223));
#17271=CARTESIAN_POINT('Ctrl Pts',(1.95382511630531,-6.72615951254924,-4.00720025345403));
#17272=CARTESIAN_POINT('Ctrl Pts',(2.24980340963742,-6.63714149685245,-3.80885483412561));
#17273=CARTESIAN_POINT('Ctrl Pts',(2.87615524126376,-6.3906959257305,-3.55563390713668));
#17274=CARTESIAN_POINT('Ctrl Pts',(3.20574755503816,-6.23206455817484,-3.5000002130866));
#17275=CARTESIAN_POINT('Ctrl Pts',(3.8630832122814,-5.85255163197728,-3.5000002130866));
#17276=CARTESIAN_POINT('Ctrl Pts',(4.2272047327209,-5.59548927786143,-3.58204613164907));
#17277=CARTESIAN_POINT('Ctrl Pts',(4.86995102012286,-5.04602176185962,-3.87901850266631));
#17278=CARTESIAN_POINT('Ctrl Pts',(5.14935914473899,-4.75391593492924,-4.09280165689668));
#17279=CARTESIAN_POINT('Ctrl Pts',(5.54288327177094,-4.28380707486102,-4.53502913481285));
#17280=CARTESIAN_POINT('Ctrl Pts',(5.70400409633407,-4.0627926612065,-4.78148987376972));
#17281=CARTESIAN_POINT('Ctrl Pts',(5.87484033127393,-3.80745818757008,-5.20424030403202));
#17282=CARTESIAN_POINT('Ctrl Pts',(5.92041783818653,-3.73525518030872,-5.35408566102093));
#17283=CARTESIAN_POINT('Ctrl Pts',(5.98297360400116,-3.6342273609316,-5.66777728487129));
#17284=CARTESIAN_POINT('Ctrl Pts',(6.0000000178814,-3.60555124570755,-5.83166181758616));
#17285=CARTESIAN_POINT('Ctrl Pts',(6.0000000178814,-3.60555124570755,-6.00000017881393));
#17286=CARTESIAN_POINT('Origin',(6.99553428981661,-0.25,12.));
#17287=CARTESIAN_POINT('',(3.49106001094224,-0.25,-0.249999999999999));
#17288=CARTESIAN_POINT('',(3.49106001094224,-0.25,12.));
#17289=CARTESIAN_POINT('',(6.99553428981661,-0.25,-0.250000000000057));
#17290=CARTESIAN_POINT('',(3.49776714490831,-0.25,-0.249999999999999));
#17291=CARTESIAN_POINT('',(6.99553428981661,-0.25,-12.));
#17292=CARTESIAN_POINT('',(6.99553428981661,-0.25,0.));
#17293=CARTESIAN_POINT('',(3.49106001094224,-0.25,-12.));
#17294=CARTESIAN_POINT('',(3.49776714490831,-0.25,-12.));
#17295=CARTESIAN_POINT('',(3.49106001094224,-0.25,12.));
#17296=CARTESIAN_POINT('Origin',(3.50000005215406,0.,6.00000017881393));
#17297=CARTESIAN_POINT('',(1.00000008642673,-6.92820321780089,6.00000017881393));
#17298=CARTESIAN_POINT('Ctrl Pts',(1.00000008642673,-6.92820321780089,6.00000017881393));
#17299=CARTESIAN_POINT('Ctrl Pts',(1.00000008642673,-6.92820321780089,6.31236251485563));
#17300=CARTESIAN_POINT('Ctrl Pts',(1.0622213508466,-6.92011432165283,6.64541893157875));
#17301=CARTESIAN_POINT('Ctrl Pts',(1.31383418906018,-6.87678243346142,7.25698411209922));
#17302=CARTESIAN_POINT('Ctrl Pts',(1.50322506141878,-6.84031334581743,7.53540567296564));
#17303=CARTESIAN_POINT('Ctrl Pts',(1.95382511630531,-6.72615951254924,7.99280010417384));
#17304=CARTESIAN_POINT('Ctrl Pts',(2.24980340963741,-6.63714149685245,8.19114552350226));
#17305=CARTESIAN_POINT('Ctrl Pts',(2.87615524126376,-6.3906959257305,8.44436645049119));
#17306=CARTESIAN_POINT('Ctrl Pts',(3.20574755503816,-6.23206455817484,8.50000014454126));
#17307=CARTESIAN_POINT('Ctrl Pts',(3.8630832122814,-5.85255163197728,8.50000014454126));
#17308=CARTESIAN_POINT('Ctrl Pts',(4.2272047327209,-5.59548927786143,8.41795422597879));
#17309=CARTESIAN_POINT('Ctrl Pts',(4.86995102012286,-5.04602176185963,8.12098185496156));
#17310=CARTESIAN_POINT('Ctrl Pts',(5.14935914473899,-4.75391593492924,7.90719870073119));
#17311=CARTESIAN_POINT('Ctrl Pts',(5.54288327177094,-4.28380707486102,7.46497122281502));
#17312=CARTESIAN_POINT('Ctrl Pts',(5.70400409633407,-4.0627926612065,7.21851048385815));
#17313=CARTESIAN_POINT('Ctrl Pts',(5.87484033127393,-3.80745818757008,6.79576005359585));
#17314=CARTESIAN_POINT('Ctrl Pts',(5.92041783818653,-3.73525518030872,6.64591469660694));
#17315=CARTESIAN_POINT('Ctrl Pts',(5.98297360400116,-3.6342273609316,6.33222307275657));
#17316=CARTESIAN_POINT('Ctrl Pts',(6.0000000178814,-3.60555124570755,6.16833854004171));
#17317=CARTESIAN_POINT('Ctrl Pts',(6.0000000178814,-3.60555124570755,5.83166181758616));
#17318=CARTESIAN_POINT('Ctrl Pts',(5.98297360400116,-3.6342273609316,5.66777728487129));
#17319=CARTESIAN_POINT('Ctrl Pts',(5.92041783818653,-3.73525518030872,5.35408566102093));
#17320=CARTESIAN_POINT('Ctrl Pts',(5.87484033127393,-3.80745818757008,5.20424030403201));
#17321=CARTESIAN_POINT('Ctrl Pts',(5.70400409633407,-4.0627926612065,4.78148987376972));
#17322=CARTESIAN_POINT('Ctrl Pts',(5.54288327177094,-4.28380707486102,4.53502913481285));
#17323=CARTESIAN_POINT('Ctrl Pts',(5.14935914473899,-4.75391593492923,4.09280165689668));
#17324=CARTESIAN_POINT('Ctrl Pts',(4.86995102012286,-5.04602176185963,3.87901850266631));
#17325=CARTESIAN_POINT('Ctrl Pts',(4.2272047327209,-5.59548927786143,3.58204613164907));
#17326=CARTESIAN_POINT('Ctrl Pts',(3.8630832122814,-5.85255163197728,3.5000002130866));
#17327=CARTESIAN_POINT('Ctrl Pts',(3.20574755503816,-6.23206455817484,3.5000002130866));
#17328=CARTESIAN_POINT('Ctrl Pts',(2.87615524126376,-6.3906959257305,3.55563390713668));
#17329=CARTESIAN_POINT('Ctrl Pts',(2.24980340963742,-6.63714149685245,3.80885483412561));
#17330=CARTESIAN_POINT('Ctrl Pts',(1.95382511630532,-6.72615951254924,4.00720025345403));
#17331=CARTESIAN_POINT('Ctrl Pts',(1.50322506141878,-6.84031334581743,4.46459468466223));
#17332=CARTESIAN_POINT('Ctrl Pts',(1.31383418906018,-6.87678243346142,4.74301624552864));
#17333=CARTESIAN_POINT('Ctrl Pts',(1.0622213508466,-6.92011432165283,5.35458142604913));
#17334=CARTESIAN_POINT('Ctrl Pts',(1.00000008642673,-6.92820321780089,5.68763784277223));
#17335=CARTESIAN_POINT('Ctrl Pts',(1.00000008642673,-6.92820321780089,6.00000017881393));
#17336=CARTESIAN_POINT('',(1.00000008642673,-3.35410194048221,6.00000017881393));
#17337=CARTESIAN_POINT('',(1.00000008642673,0.,6.00000017881393));
#17338=CARTESIAN_POINT('',(3.49106001094224,-0.25,8.49998415962257));
#17339=CARTESIAN_POINT('Ctrl Pts',(3.49106001094224,-0.25,8.49998415962257));
#17340=CARTESIAN_POINT('Ctrl Pts',(3.46392198669064,-0.6289618849629,8.49988711297864));
#17341=CARTESIAN_POINT('Ctrl Pts',(3.37142432000776,-1.01778245078241,8.50146903321777));
#17342=CARTESIAN_POINT('Ctrl Pts',(3.03031339016656,-1.81510231639726,8.46272860004226));
#17343=CARTESIAN_POINT('Ctrl Pts',(2.74944483607523,-2.20831430220181,8.40899563620278));
#17344=CARTESIAN_POINT('Ctrl Pts',(2.31654312395244,-2.62933003116039,8.20636985840987));
#17345=CARTESIAN_POINT('Ctrl Pts',(2.1760546891691,-2.74658191083441,8.1274942906015));
#17346=CARTESIAN_POINT('Ctrl Pts',(1.89950012731127,-2.94462647911802,7.92807249763131));
#17347=CARTESIAN_POINT('Ctrl Pts',(1.76399795039708,-3.02577838608291,7.80710172050031));
#17348=CARTESIAN_POINT('Ctrl Pts',(1.45936608643593,-3.18848339418699,7.47150976192874));
#17349=CARTESIAN_POINT('Ctrl Pts',(1.28726975619705,-3.2569614632499,7.20535928804052));
#17350=CARTESIAN_POINT('Ctrl Pts',(1.05754851759313,-3.33863003887988,6.61927293365624));
#17351=CARTESIAN_POINT('Ctrl Pts',(1.00000008642673,-3.35410194048221,6.29962723830061));
#17352=CARTESIAN_POINT('Ctrl Pts',(1.00000008642673,-3.35410194048221,6.00000017881393));
#17353=CARTESIAN_POINT('',(3.49106001094224,-0.25,3.5000161980053));
#17354=CARTESIAN_POINT('Origin',(3.50000005215406,-0.25,6.00000017881393));
#17355=CARTESIAN_POINT('Ctrl Pts',(1.00000008642673,-3.35410194048221,6.00000017881393));
#17356=CARTESIAN_POINT('Ctrl Pts',(1.00000008642673,-3.35410194048221,5.70037311932726));
#17357=CARTESIAN_POINT('Ctrl Pts',(1.05754851759313,-3.33863003887988,5.38072742397163));
#17358=CARTESIAN_POINT('Ctrl Pts',(1.28726975619705,-3.2569614632499,4.79464106958734));
#17359=CARTESIAN_POINT('Ctrl Pts',(1.45936608643593,-3.18848339418699,4.52849059569913));
#17360=CARTESIAN_POINT('Ctrl Pts',(1.76399795039708,-3.02577838608291,4.19289863712756));
#17361=CARTESIAN_POINT('Ctrl Pts',(1.89950012731127,-2.94462647911802,4.07192785999656));
#17362=CARTESIAN_POINT('Ctrl Pts',(2.1760546891691,-2.74658191083441,3.87250606702636));
#17363=CARTESIAN_POINT('Ctrl Pts',(2.31654312395244,-2.62933003116039,3.793630499218));
#17364=CARTESIAN_POINT('Ctrl Pts',(2.74944483607523,-2.2083143022018,3.59100472142509));
#17365=CARTESIAN_POINT('Ctrl Pts',(3.03031339016657,-1.81510231639726,3.5372717575856));
#17366=CARTESIAN_POINT('Ctrl Pts',(3.37142432000776,-1.01778245078241,3.4985313244101));
#17367=CARTESIAN_POINT('Ctrl Pts',(3.46392198669064,-0.6289618849629,3.50011324464923));
#17368=CARTESIAN_POINT('Ctrl Pts',(3.49106001094224,-0.250000000000001,
3.5000161980053));
#17369=CARTESIAN_POINT('Origin',(3.50000005215406,0.,6.00000017881393));
#17370=CARTESIAN_POINT('',(3.49106001094224,0.25,8.49998415962257));
#17371=CARTESIAN_POINT('',(3.49106001094224,0.25,3.5000161980053));
#17372=CARTESIAN_POINT('Origin',(3.50000005215406,0.25,6.00000017881393));
#17373=CARTESIAN_POINT('',(1.00000008642673,3.35410194048221,6.00000017881393));
#17374=CARTESIAN_POINT('Ctrl Pts',(1.00000008642673,3.35410194048221,6.00000017881393));
#17375=CARTESIAN_POINT('Ctrl Pts',(1.00000008642673,3.35410194048221,6.29962723830061));
#17376=CARTESIAN_POINT('Ctrl Pts',(1.05754851759313,3.33863003887988,6.61927293365624));
#17377=CARTESIAN_POINT('Ctrl Pts',(1.28726975619705,3.2569614632499,7.20535928804052));
#17378=CARTESIAN_POINT('Ctrl Pts',(1.45936608643593,3.18848339418699,7.47150976192874));
#17379=CARTESIAN_POINT('Ctrl Pts',(1.76399795039708,3.02577838608291,7.80710172050031));
#17380=CARTESIAN_POINT('Ctrl Pts',(1.89950012731127,2.94462647911802,7.92807249763131));
#17381=CARTESIAN_POINT('Ctrl Pts',(2.1760546891691,2.74658191083441,8.1274942906015));
#17382=CARTESIAN_POINT('Ctrl Pts',(2.31654312395244,2.62933003116039,8.20636985840987));
#17383=CARTESIAN_POINT('Ctrl Pts',(2.74944483607523,2.20831430220181,8.40899563620278));
#17384=CARTESIAN_POINT('Ctrl Pts',(3.03031339016656,1.81510231639726,8.46272860004226));
#17385=CARTESIAN_POINT('Ctrl Pts',(3.37142432000776,1.01778245078241,8.50146903321777));
#17386=CARTESIAN_POINT('Ctrl Pts',(3.46392198669064,0.6289618849629,8.49988711297864));
#17387=CARTESIAN_POINT('Ctrl Pts',(3.49106001094224,0.25,8.49998415962257));
#17388=CARTESIAN_POINT('',(1.00000008642673,6.92820321780089,6.00000017881393));
#17389=CARTESIAN_POINT('',(1.00000008642673,0.,6.00000017881393));
#17390=CARTESIAN_POINT('Ctrl Pts',(1.00000008642673,6.92820321780089,6.00000017881393));
#17391=CARTESIAN_POINT('Ctrl Pts',(1.00000008642673,6.92820321780089,5.68763784277223));
#17392=CARTESIAN_POINT('Ctrl Pts',(1.0622213508466,6.92011432165283,5.35458142604912));
#17393=CARTESIAN_POINT('Ctrl Pts',(1.31383418906018,6.87678243346142,4.74301624552864));
#17394=CARTESIAN_POINT('Ctrl Pts',(1.50322506141878,6.84031334581743,4.46459468466223));
#17395=CARTESIAN_POINT('Ctrl Pts',(1.95382511630532,6.72615951254924,4.00720025345403));
#17396=CARTESIAN_POINT('Ctrl Pts',(2.24980340963742,6.63714149685245,3.80885483412561));
#17397=CARTESIAN_POINT('Ctrl Pts',(2.87615524126376,6.3906959257305,3.55563390713668));
#17398=CARTESIAN_POINT('Ctrl Pts',(3.20574755503816,6.23206455817484,3.5000002130866));
#17399=CARTESIAN_POINT('Ctrl Pts',(3.8630832122814,5.85255163197728,3.5000002130866));
#17400=CARTESIAN_POINT('Ctrl Pts',(4.2272047327209,5.59548927786143,3.58204613164907));
#17401=CARTESIAN_POINT('Ctrl Pts',(4.86995102012286,5.04602176185962,3.87901850266631));
#17402=CARTESIAN_POINT('Ctrl Pts',(5.14935914473899,4.75391593492923,4.09280165689668));
#17403=CARTESIAN_POINT('Ctrl Pts',(5.54288327177094,4.28380707486102,4.53502913481285));
#17404=CARTESIAN_POINT('Ctrl Pts',(5.70400409633407,4.0627926612065,4.78148987376972));
#17405=CARTESIAN_POINT('Ctrl Pts',(5.87484033127393,3.80745818757008,5.20424030403201));
#17406=CARTESIAN_POINT('Ctrl Pts',(5.92041783818653,3.73525518030872,5.35408566102093));
#17407=CARTESIAN_POINT('Ctrl Pts',(5.98297360400116,3.6342273609316,5.66777728487129));
#17408=CARTESIAN_POINT('Ctrl Pts',(6.0000000178814,3.60555124570755,5.83166181758616));
#17409=CARTESIAN_POINT('Ctrl Pts',(6.0000000178814,3.60555124570755,6.16833854004171));
#17410=CARTESIAN_POINT('Ctrl Pts',(5.98297360400116,3.6342273609316,6.33222307275657));
#17411=CARTESIAN_POINT('Ctrl Pts',(5.92041783818653,3.73525518030872,6.64591469660694));
#17412=CARTESIAN_POINT('Ctrl Pts',(5.87484033127393,3.80745818757008,6.79576005359585));
#17413=CARTESIAN_POINT('Ctrl Pts',(5.70400409633407,4.0627926612065,7.21851048385814));
#17414=CARTESIAN_POINT('Ctrl Pts',(5.54288327177094,4.28380707486102,7.46497122281502));
#17415=CARTESIAN_POINT('Ctrl Pts',(5.14935914473899,4.75391593492923,7.90719870073119));
#17416=CARTESIAN_POINT('Ctrl Pts',(4.86995102012286,5.04602176185963,8.12098185496156));
#17417=CARTESIAN_POINT('Ctrl Pts',(4.2272047327209,5.59548927786143,8.41795422597879));
#17418=CARTESIAN_POINT('Ctrl Pts',(3.8630832122814,5.85255163197728,8.50000014454126));
#17419=CARTESIAN_POINT('Ctrl Pts',(3.20574755503816,6.23206455817484,8.50000014454126));
#17420=CARTESIAN_POINT('Ctrl Pts',(2.87615524126376,6.3906959257305,8.44436645049119));
#17421=CARTESIAN_POINT('Ctrl Pts',(2.24980340963741,6.63714149685245,8.19114552350226));
#17422=CARTESIAN_POINT('Ctrl Pts',(1.95382511630531,6.72615951254924,7.99280010417384));
#17423=CARTESIAN_POINT('Ctrl Pts',(1.50322506141878,6.84031334581743,7.53540567296564));
#17424=CARTESIAN_POINT('Ctrl Pts',(1.31383418906018,6.87678243346142,7.25698411209922));
#17425=CARTESIAN_POINT('Ctrl Pts',(1.0622213508466,6.92011432165283,6.64541893157874));
#17426=CARTESIAN_POINT('Ctrl Pts',(1.00000008642673,6.92820321780089,6.31236251485563));
#17427=CARTESIAN_POINT('Ctrl Pts',(1.00000008642673,6.92820321780089,6.00000017881393));
#17428=CARTESIAN_POINT('Ctrl Pts',(3.49106001094224,0.25,3.5000161980053));
#17429=CARTESIAN_POINT('Ctrl Pts',(3.46392198669064,0.6289618849629,3.50011324464923));
#17430=CARTESIAN_POINT('Ctrl Pts',(3.37142432000776,1.01778245078241,3.4985313244101));
#17431=CARTESIAN_POINT('Ctrl Pts',(3.03031339016657,1.81510231639726,3.5372717575856));
#17432=CARTESIAN_POINT('Ctrl Pts',(2.74944483607523,2.2083143022018,3.59100472142509));
#17433=CARTESIAN_POINT('Ctrl Pts',(2.31654312395244,2.62933003116039,3.793630499218));
#17434=CARTESIAN_POINT('Ctrl Pts',(2.1760546891691,2.74658191083441,3.87250606702636));
#17435=CARTESIAN_POINT('Ctrl Pts',(1.89950012731127,2.94462647911802,4.07192785999656));
#17436=CARTESIAN_POINT('Ctrl Pts',(1.76399795039708,3.02577838608291,4.19289863712756));
#17437=CARTESIAN_POINT('Ctrl Pts',(1.45936608643593,3.18848339418699,4.52849059569913));
#17438=CARTESIAN_POINT('Ctrl Pts',(1.28726975619705,3.2569614632499,4.79464106958734));
#17439=CARTESIAN_POINT('Ctrl Pts',(1.05754851759313,3.33863003887988,5.38072742397163));
#17440=CARTESIAN_POINT('Ctrl Pts',(1.00000008642673,3.35410194048221,5.70037311932726));
#17441=CARTESIAN_POINT('Ctrl Pts',(1.00000008642673,3.35410194048221,6.00000017881393));
#17442=CARTESIAN_POINT('Origin',(0.,0.,12.));
#17443=CARTESIAN_POINT('',(0.,3.5,-0.249999999999999));
#17444=CARTESIAN_POINT('Origin',(0.,0.,-0.249999999999999));
#17445=CARTESIAN_POINT('',(0.,3.5,0.249999999999999));
#17446=CARTESIAN_POINT('',(0.,3.5,12.));
#17447=CARTESIAN_POINT('',(3.49106001094224,0.25,0.249999999999999));
#17448=CARTESIAN_POINT('Origin',(0.,0.,0.249999999999999));
#17449=CARTESIAN_POINT('',(3.49106001094224,0.25,12.));
#17450=CARTESIAN_POINT('',(3.49106001094224,0.25,12.));
#17451=CARTESIAN_POINT('',(3.49106001094224,0.25,12.));
#17452=CARTESIAN_POINT('',(3.49106001094224,-0.25,12.));
#17453=CARTESIAN_POINT('Origin',(0.,0.,12.));
#17454=CARTESIAN_POINT('',(3.49106001094224,-0.25,12.));
#17455=CARTESIAN_POINT('',(3.49106001094224,-0.25,0.249999999999999));
#17456=CARTESIAN_POINT('',(3.49106001094224,-0.25,12.));
#17457=CARTESIAN_POINT('',(0.,-3.5,0.249999999999999));
#17458=CARTESIAN_POINT('Origin',(0.,0.,0.249999999999999));
#17459=CARTESIAN_POINT('',(0.,-3.5,-0.249999999999999));
#17460=CARTESIAN_POINT('',(0.,-3.5,12.));
#17461=CARTESIAN_POINT('Origin',(0.,0.,-0.249999999999999));
#17462=CARTESIAN_POINT('Origin',(0.,0.,-12.));
#17463=CARTESIAN_POINT('Origin',(0.,7.00000010430813,0.25));
#17464=CARTESIAN_POINT('',(6.99553428981661,-0.25,0.250000000000057));
#17465=CARTESIAN_POINT('',(3.49776714490831,-0.25,0.249999999999999));
#17466=CARTESIAN_POINT('',(0.,-6.99999989569187,0.25));
#17467=CARTESIAN_POINT('Origin',(0.,0.,0.25));
#17468=CARTESIAN_POINT('',(0.,7.00000010430813,0.25));
#17469=CARTESIAN_POINT('Origin',(0.,7.00000010430813,0.25));
#17470=CARTESIAN_POINT('',(0.,7.00000010430813,0.25));
#17471=CARTESIAN_POINT('',(0.,7.00000010430813,0.25));
#17472=CARTESIAN_POINT('',(6.99553428981661,0.25,0.250000000000057));
#17473=CARTESIAN_POINT('Origin',(0.,0.,0.25));
#17474=CARTESIAN_POINT('',(0.,0.25,0.249999999999999));
#17475=CARTESIAN_POINT('Origin',(0.,1.043081276908E-7,0.));
#17476=CARTESIAN_POINT('',(0.,-6.99999989569187,-0.25));
#17477=CARTESIAN_POINT('',(0.,-7.,0.));
#17478=CARTESIAN_POINT('',(0.,-6.99999989569187,-0.25));
#17479=CARTESIAN_POINT('Origin',(0.,-6.99999989569187,-0.25));
#17480=CARTESIAN_POINT('Origin',(0.,0.,-0.25));
#17481=CARTESIAN_POINT('Origin',(0.,-6.99999989569187,-0.25));
#17482=CARTESIAN_POINT('',(0.,7.00000010430813,-0.25));
#17483=CARTESIAN_POINT('Origin',(0.,0.,-0.25));
#17484=CARTESIAN_POINT('',(0.,-6.99999989569187,-0.25));
#17485=CARTESIAN_POINT('Origin',(0.,1.043081276908E-7,0.));
#17486=CARTESIAN_POINT('',(0.,7.,0.));
#17487=CARTESIAN_POINT('Origin',(0.,0.25,12.));
#17488=CARTESIAN_POINT('',(6.99553428981661,0.25,12.));
#17489=CARTESIAN_POINT('',(6.99553428981661,0.25,0.));
#17490=CARTESIAN_POINT('',(0.,0.25,12.));
#17491=CARTESIAN_POINT('Origin',(0.,0.,0.));
#17492=CARTESIAN_POINT('Origin',(0.,0.,-12.));
#17493=CARTESIAN_POINT('',(6.99553428981661,-0.25,12.));
#17494=CARTESIAN_POINT('',(6.99553428981661,-0.25,0.));
#17495=CARTESIAN_POINT('Origin',(0.,0.,12.));
#17496=CARTESIAN_POINT('Origin',(6.99553428981661,-0.25,12.));
#17497=CARTESIAN_POINT('',(3.49776714490831,-0.25,12.));
#17498=CARTESIAN_POINT('Origin',(0.,0.,-12.));
#17499=CARTESIAN_POINT('Origin',(0.,0.,12.));
#17500=CARTESIAN_POINT('',(0.,0.,0.));
#17501=CARTESIAN_POINT('Origin',(91.2149229349972,30.7129092980073,20.));
#17502=CARTESIAN_POINT('',(94.2149229349972,28.1954092980073,20.));
#17503=CARTESIAN_POINT('Origin',(94.2149229349972,30.7129092980073,20.));
#17504=CARTESIAN_POINT('',(88.2149229349972,28.1954092980073,20.));
#17505=CARTESIAN_POINT('',(91.2149229349972,28.1954092980073,20.));
#17506=CARTESIAN_POINT('Origin',(88.2149229349972,30.7129092980073,20.));
#17507=CARTESIAN_POINT('Origin',(88.2149229349972,30.7129092980073,20.));
#17508=CARTESIAN_POINT('Origin',(91.2149229349972,30.7129092980073,-20.0000002980232));
#17509=CARTESIAN_POINT('',(94.2149229349972,28.1954092980073,-20.0000002980232));
#17510=CARTESIAN_POINT('Origin',(94.2149229349972,30.7129092980073,-20.0000002980232));
#17511=CARTESIAN_POINT('',(88.2149229349972,28.1954092980073,-20.0000002980232));
#17512=CARTESIAN_POINT('',(91.2149229349972,28.1954092980073,-20.0000002980232));
#17513=CARTESIAN_POINT('Origin',(88.2149229349972,30.7129092980073,-20.0000002980232));
#17514=CARTESIAN_POINT('Origin',(88.2149229349972,30.7129092980073,-20.0000002980232));
#17515=CARTESIAN_POINT('Origin',(89.2149229349972,45.7129092980073,20.));
#17516=CARTESIAN_POINT('',(94.2149229349972,43.1954092980073,20.));
#17517=CARTESIAN_POINT('Origin',(94.2149229349972,45.7129092980073,20.));
#17518=CARTESIAN_POINT('',(84.2149229349972,43.1954092980073,20.));
#17519=CARTESIAN_POINT('',(89.2149229349972,43.1954092980073,20.));
#17520=CARTESIAN_POINT('Origin',(84.2149229349972,45.7129092980073,20.));
#17521=CARTESIAN_POINT('Origin',(84.2149229349972,45.7129092980073,20.));
#17522=CARTESIAN_POINT('Origin',(89.2149229349972,45.7129092980073,-20.0000002980232));
#17523=CARTESIAN_POINT('',(94.2149229349972,43.1954092980073,-20.0000002980232));
#17524=CARTESIAN_POINT('Origin',(94.2149229349972,45.7129092980073,-20.0000002980232));
#17525=CARTESIAN_POINT('',(84.2149229349972,43.1954092980073,-20.0000002980232));
#17526=CARTESIAN_POINT('',(89.2149229349972,43.1954092980073,-20.0000002980232));
#17527=CARTESIAN_POINT('Origin',(84.2149229349972,45.7129092980073,-20.0000002980232));
#17528=CARTESIAN_POINT('Origin',(84.2149229349972,45.7129092980073,-20.0000002980232));
#17529=CARTESIAN_POINT('Origin',(17.2149229349972,30.7129092980073,-20.));
#17530=CARTESIAN_POINT('',(14.2149229349972,33.2304092980073,-20.));
#17531=CARTESIAN_POINT('Origin',(14.2149229349972,30.7129092980073,-20.));
#17532=CARTESIAN_POINT('',(20.2149229349972,33.2304092980073,-20.));
#17533=CARTESIAN_POINT('',(17.2149229349972,33.2304092980073,-20.));
#17534=CARTESIAN_POINT('Origin',(20.2149229349972,30.7129092980073,-20.));
#17535=CARTESIAN_POINT('Origin',(20.2149229349972,30.7129092980073,-20.));
#17536=CARTESIAN_POINT('Origin',(17.2149229349972,30.7129092980073,20.));
#17537=CARTESIAN_POINT('',(14.2149229349972,33.2304092980073,20.));
#17538=CARTESIAN_POINT('Origin',(14.2149229349972,30.7129092980073,20.));
#17539=CARTESIAN_POINT('',(20.2149229349972,33.2304092980073,20.));
#17540=CARTESIAN_POINT('',(17.2149229349972,33.2304092980073,20.));
#17541=CARTESIAN_POINT('Origin',(20.2149229349972,30.7129092980073,20.));
#17542=CARTESIAN_POINT('Origin',(20.2149229349972,30.7129092980073,20.));
#17543=CARTESIAN_POINT('Origin',(19.2149229349972,45.7129092980073,-20.0000002980232));
#17544=CARTESIAN_POINT('',(14.2149229349972,48.2304092980073,-20.0000002980232));
#17545=CARTESIAN_POINT('Origin',(14.2149229349972,45.7129092980073,-20.0000002980232));
#17546=CARTESIAN_POINT('',(24.2149229349972,48.2304092980073,-20.0000002980232));
#17547=CARTESIAN_POINT('',(19.2149229349972,48.2304092980073,-20.0000002980232));
#17548=CARTESIAN_POINT('Origin',(24.2149229349972,45.7129092980073,-20.0000002980232));
#17549=CARTESIAN_POINT('Origin',(24.2149229349972,45.7129092980073,-20.0000002980232));
#17550=CARTESIAN_POINT('Origin',(19.2149229349972,45.7129092980073,20.));
#17551=CARTESIAN_POINT('',(14.2149229349972,48.2304092980073,20.));
#17552=CARTESIAN_POINT('Origin',(14.2149229349972,45.7129092980073,20.));
#17553=CARTESIAN_POINT('',(24.2149229349972,48.2304092980073,20.));
#17554=CARTESIAN_POINT('',(19.2149229349972,48.2304092980073,20.));
#17555=CARTESIAN_POINT('Origin',(24.2149229349972,45.7129092980073,20.));
#17556=CARTESIAN_POINT('Origin',(24.2149229349972,45.7129092980073,20.));
#17557=CARTESIAN_POINT('Origin',(84.2149229349972,35.7129092980073,40.));
#17558=CARTESIAN_POINT('',(80.2149229349972,35.7129092980073,40.));
#17559=CARTESIAN_POINT('Origin',(84.2149229349972,35.7129092980073,40.));
#17560=CARTESIAN_POINT('',(80.2149229349972,35.7129092980073,-40.));
#17561=CARTESIAN_POINT('',(80.2149229349972,35.7129092980073,40.));
#17562=CARTESIAN_POINT('Origin',(84.2149229349972,35.7129092980073,-40.));
#17563=CARTESIAN_POINT('Origin',(24.2149229349972,35.7129092980073,40.));
#17564=CARTESIAN_POINT('',(20.2149229349972,35.7129092980073,40.));
#17565=CARTESIAN_POINT('Origin',(24.2149229349972,35.7129092980073,40.));
#17566=CARTESIAN_POINT('',(20.2149229349972,35.7129092980073,-40.));
#17567=CARTESIAN_POINT('',(20.2149229349972,35.7129092980073,40.));
#17568=CARTESIAN_POINT('Origin',(24.2149229349972,35.7129092980073,-40.));
#17569=CARTESIAN_POINT('Origin',(54.2149229349972,35.7129092980073,40.));
#17570=CARTESIAN_POINT('',(48.2036729349973,35.7129092980073,40.));
#17571=CARTESIAN_POINT('Origin',(54.2149229349972,35.7129092980073,40.));
#17572=CARTESIAN_POINT('',(48.2036729349973,35.7129092980073,-40.));
#17573=CARTESIAN_POINT('',(48.2036729349973,35.7129092980073,40.));
#17574=CARTESIAN_POINT('Origin',(54.2149229349972,35.7129092980073,-40.));
#17575=CARTESIAN_POINT('Origin',(54.2149229349972,35.7129092980073,-40.));
#17576=CARTESIAN_POINT('',(94.2149229349972,19.7129092980073,-40.));
#17577=CARTESIAN_POINT('',(14.2149229349972,19.7129092980073,-40.));
#17578=CARTESIAN_POINT('',(94.2149229349972,19.7129092980073,-40.));
#17579=CARTESIAN_POINT('',(14.2149229349972,51.7129092980073,-40.));
#17580=CARTESIAN_POINT('',(14.2149229349972,19.7129092980073,-40.));
#17581=CARTESIAN_POINT('',(94.2149229349972,51.7129092980073,-40.));
#17582=CARTESIAN_POINT('',(14.2149229349972,51.7129092980073,-40.));
#17583=CARTESIAN_POINT('',(94.2149229349972,51.7129092980073,-40.));
#17584=CARTESIAN_POINT('Origin',(14.2149229349972,51.7129092980073,0.));
#17585=CARTESIAN_POINT('',(14.2149229349972,19.7129092980073,40.));
#17586=CARTESIAN_POINT('',(14.2149229349972,19.7129092980073,0.));
#17587=CARTESIAN_POINT('',(14.2149229349972,51.7129092980073,40.));
#17588=CARTESIAN_POINT('',(14.2149229349972,19.7129092980073,40.));
#17589=CARTESIAN_POINT('',(14.2149229349972,51.7129092980073,0.));
#17590=CARTESIAN_POINT('Origin',(94.2149229349972,51.7129092980073,0.));
#17591=CARTESIAN_POINT('',(94.2149229349972,51.7129092980073,40.));
#17592=CARTESIAN_POINT('',(14.2149229349972,51.7129092980073,40.));
#17593=CARTESIAN_POINT('',(94.2149229349972,51.7129092980073,0.));
#17594=CARTESIAN_POINT('Origin',(94.2149229349972,19.7129092980073,0.));
#17595=CARTESIAN_POINT('',(94.2149229349972,19.7129092980073,40.));
#17596=CARTESIAN_POINT('',(94.2149229349972,51.7129092980073,40.));
#17597=CARTESIAN_POINT('',(94.2149229349972,19.7129092980073,0.));
#17598=CARTESIAN_POINT('Origin',(14.2149229349972,19.7129092980073,0.));
#17599=CARTESIAN_POINT('',(94.2149229349972,19.7129092980073,40.));
#17600=CARTESIAN_POINT('Origin',(54.2149229349972,35.7129092980073,40.));
#17601=CARTESIAN_POINT('',(0.,0.,0.));
#17602=CARTESIAN_POINT('Origin',(0.,0.,-180.));
#17603=CARTESIAN_POINT('',(3.,-3.67394039744206E-16,-205.));
#17604=CARTESIAN_POINT('Origin',(0.,0.,-205.));
#17605=CARTESIAN_POINT('',(3.,-3.67394039744206E-16,-180.));
#17606=CARTESIAN_POINT('',(3.,-3.67394039744206E-16,-180.));
#17607=CARTESIAN_POINT('Origin',(0.,0.,-180.));
#17608=CARTESIAN_POINT('Origin',(0.,0.,-205.));
#17609=CARTESIAN_POINT('Origin',(0.,0.,180.));
#17610=CARTESIAN_POINT('',(-3.,-3.67394039744206E-16,186.));
#17611=CARTESIAN_POINT('Origin',(0.,0.,186.));
#17612=CARTESIAN_POINT('',(-3.,-3.67394039744206E-16,180.));
#17613=CARTESIAN_POINT('',(-3.,-3.67394039744206E-16,180.));
#17614=CARTESIAN_POINT('Origin',(0.,0.,180.));
#17615=CARTESIAN_POINT('Origin',(0.,0.,186.));
#17616=CARTESIAN_POINT('Origin',(0.,0.,-180.));
#17617=CARTESIAN_POINT('',(-5.91675,7.2459289488551E-16,-180.));
#17618=CARTESIAN_POINT('Origin',(0.,0.,-180.));
#17619=CARTESIAN_POINT('Origin',(0.,0.,0.));
#17620=CARTESIAN_POINT('',(-5.91675,7.2459289488551E-16,180.));
#17621=CARTESIAN_POINT('Origin',(0.,0.,180.));
#17622=CARTESIAN_POINT('',(-5.91675,-7.2459289488551E-16,0.));
#17623=CARTESIAN_POINT('Origin',(0.,0.,180.));
#17624=CARTESIAN_POINT('',(57.0891839655119,122.755802781714,175.));
#17625=CARTESIAN_POINT('',(4.15085027655529,83.0795296088698,342.500000000004));
#17626=CARTESIAN_POINT('',(53.954245404141,35.6025461577613,155.));
#17627=CARTESIAN_POINT('',(53.9542454041374,108.102546157761,288.000000000002));
#17628=CARTESIAN_POINT('',(-30.6445244748329,78.4075014351703,421.));
#17629=CARTESIAN_POINT('',(53.9542454041408,35.6025461577613,362.5));
#17630=CARTESIAN_POINT('',(-0.260677530856292,-0.110363140245919,29.7683073200002));
#17631=CARTESIAN_POINT('',(0.,0.,0.));
#17632=CARTESIAN_POINT('',(0.,0.,0.));
#17633=CARTESIAN_POINT('',(-52.9383336889553,39.676273172844,-167.5));
#17634=CARTESIAN_POINT('',(-3.13493856137095,14.6532566239526,-113.));
#17635=CARTESIAN_POINT('',(-87.7337084403449,44.3483013465434,-246.));
#17636=CARTESIAN_POINT('',(-3.13270570627939,87.1532566239526,-187.));
#17637=CARTESIAN_POINT('',(-57.3498614963683,51.4403473259453,3.5527136788005E-14));
#17638=CARTESIAN_POINT('',(-3.13493856137087,87.1532566239526,20.0000000000006));
#17639=CARTESIAN_POINT('',(0.,0.,0.));
#17640=CARTESIAN_POINT('',(-103.954246149199,36.3974539316456,69.76830732));
#17641=CARTESIAN_POINT('',(-73.9542457021644,46.3974540806572,82.7683073200001));
#17642=CARTESIAN_POINT('',(-33.9542451061179,46.3974540806572,82.7683073200003));
#17643=CARTESIAN_POINT('',(-3.95424614919907,36.3974539316456,-10.2316926799995));
#17644=CARTESIAN_POINT('',(-148.169168339138,-15.3154554557686,54.9852341200002));
#17645=CARTESIAN_POINT('',(-53.954245404141,-66.755802781714,26.6333687586291));
#17646=CARTESIAN_POINT('Origin',(0.,0.,0.));
#17647=UNCERTAINTY_MEASURE_WITH_UNIT(LENGTH_MEASURE(0.01),#17699,
'DISTANCE_ACCURACY_VALUE',
'Maximum model space distance between geometric entities at asserted c
onnectivities');
#17648=UNCERTAINTY_MEASURE_WITH_UNIT(LENGTH_MEASURE(0.01),#17699,
'DISTANCE_ACCURACY_VALUE',
'Maximum model space distance between geometric entities at asserted c
onnectivities');
#17649=UNCERTAINTY_MEASURE_WITH_UNIT(LENGTH_MEASURE(0.01),#17699,
'DISTANCE_ACCURACY_VALUE',
'Maximum model space distance between geometric entities at asserted c
onnectivities');
#17650=UNCERTAINTY_MEASURE_WITH_UNIT(LENGTH_MEASURE(0.01),#17699,
'DISTANCE_ACCURACY_VALUE',
'Maximum model space distance between geometric entities at asserted c
onnectivities');
#17651=UNCERTAINTY_MEASURE_WITH_UNIT(LENGTH_MEASURE(0.01),#17699,
'DISTANCE_ACCURACY_VALUE',
'Maximum model space distance between geometric entities at asserted c
onnectivities');
#17652=UNCERTAINTY_MEASURE_WITH_UNIT(LENGTH_MEASURE(0.01),#17699,
'DISTANCE_ACCURACY_VALUE',
'Maximum model space distance between geometric entities at asserted c
onnectivities');
#17653=UNCERTAINTY_MEASURE_WITH_UNIT(LENGTH_MEASURE(0.01),#17699,
'DISTANCE_ACCURACY_VALUE',
'Maximum model space distance between geometric entities at asserted c
onnectivities');
#17654=UNCERTAINTY_MEASURE_WITH_UNIT(LENGTH_MEASURE(0.01),#17699,
'DISTANCE_ACCURACY_VALUE',
'Maximum model space distance between geometric entities at asserted c
onnectivities');
#17655=UNCERTAINTY_MEASURE_WITH_UNIT(LENGTH_MEASURE(0.01),#17699,
'DISTANCE_ACCURACY_VALUE',
'Maximum model space distance between geometric entities at asserted c
onnectivities');
#17656=UNCERTAINTY_MEASURE_WITH_UNIT(LENGTH_MEASURE(0.01),#17699,
'DISTANCE_ACCURACY_VALUE',
'Maximum model space distance between geometric entities at asserted c
onnectivities');
#17657=UNCERTAINTY_MEASURE_WITH_UNIT(LENGTH_MEASURE(0.01),#17699,
'DISTANCE_ACCURACY_VALUE',
'Maximum model space distance between geometric entities at asserted c
onnectivities');
#17658=UNCERTAINTY_MEASURE_WITH_UNIT(LENGTH_MEASURE(0.01),#17699,
'DISTANCE_ACCURACY_VALUE',
'Maximum model space distance between geometric entities at asserted c
onnectivities');
#17659=UNCERTAINTY_MEASURE_WITH_UNIT(LENGTH_MEASURE(0.01),#17699,
'DISTANCE_ACCURACY_VALUE',
'Maximum model space distance between geometric entities at asserted c
onnectivities');
#17660=UNCERTAINTY_MEASURE_WITH_UNIT(LENGTH_MEASURE(0.01),#17699,
'DISTANCE_ACCURACY_VALUE',
'Maximum model space distance between geometric entities at asserted c
onnectivities');
#17661=UNCERTAINTY_MEASURE_WITH_UNIT(LENGTH_MEASURE(0.01),#17699,
'DISTANCE_ACCURACY_VALUE',
'Maximum model space distance between geometric entities at asserted c
onnectivities');
#17662=UNCERTAINTY_MEASURE_WITH_UNIT(LENGTH_MEASURE(0.01),#17699,
'DISTANCE_ACCURACY_VALUE',
'Maximum model space distance between geometric entities at asserted c
onnectivities');
#17663=UNCERTAINTY_MEASURE_WITH_UNIT(LENGTH_MEASURE(0.01),#17699,
'DISTANCE_ACCURACY_VALUE',
'Maximum model space distance between geometric entities at asserted c
onnectivities');
#17664=UNCERTAINTY_MEASURE_WITH_UNIT(LENGTH_MEASURE(0.01),#17699,
'DISTANCE_ACCURACY_VALUE',
'Maximum model space distance between geometric entities at asserted c
onnectivities');
#17665=UNCERTAINTY_MEASURE_WITH_UNIT(LENGTH_MEASURE(0.01),#17699,
'DISTANCE_ACCURACY_VALUE',
'Maximum model space distance between geometric entities at asserted c
onnectivities');
#17666=UNCERTAINTY_MEASURE_WITH_UNIT(LENGTH_MEASURE(0.01),#17699,
'DISTANCE_ACCURACY_VALUE',
'Maximum model space distance between geometric entities at asserted c
onnectivities');
#17667=UNCERTAINTY_MEASURE_WITH_UNIT(LENGTH_MEASURE(0.01),#17699,
'DISTANCE_ACCURACY_VALUE',
'Maximum model space distance between geometric entities at asserted c
onnectivities');
#17668=UNCERTAINTY_MEASURE_WITH_UNIT(LENGTH_MEASURE(0.01),#17699,
'DISTANCE_ACCURACY_VALUE',
'Maximum model space distance between geometric entities at asserted c
onnectivities');
#17669=UNCERTAINTY_MEASURE_WITH_UNIT(LENGTH_MEASURE(0.01),#17699,
'DISTANCE_ACCURACY_VALUE',
'Maximum model space distance between geometric entities at asserted c
onnectivities');
#17670=UNCERTAINTY_MEASURE_WITH_UNIT(LENGTH_MEASURE(0.01),#17699,
'DISTANCE_ACCURACY_VALUE',
'Maximum model space distance between geometric entities at asserted c
onnectivities');
#17671=UNCERTAINTY_MEASURE_WITH_UNIT(LENGTH_MEASURE(0.01),#17699,
'DISTANCE_ACCURACY_VALUE',
'Maximum model space distance between geometric entities at asserted c
onnectivities');
#17672=UNCERTAINTY_MEASURE_WITH_UNIT(LENGTH_MEASURE(0.01),#17699,
'DISTANCE_ACCURACY_VALUE',
'Maximum model space distance between geometric entities at asserted c
onnectivities');
#17673=(
GEOMETRIC_REPRESENTATION_CONTEXT(3)
GLOBAL_UNCERTAINTY_ASSIGNED_CONTEXT((#17647))
GLOBAL_UNIT_ASSIGNED_CONTEXT((#17699,#17701,#17702))
REPRESENTATION_CONTEXT('','3D')
);
#17674=(
GEOMETRIC_REPRESENTATION_CONTEXT(3)
GLOBAL_UNCERTAINTY_ASSIGNED_CONTEXT((#17648))
GLOBAL_UNIT_ASSIGNED_CONTEXT((#17699,#17701,#17702))
REPRESENTATION_CONTEXT('','3D')
);
#17675=(
GEOMETRIC_REPRESENTATION_CONTEXT(3)
GLOBAL_UNCERTAINTY_ASSIGNED_CONTEXT((#17649))
GLOBAL_UNIT_ASSIGNED_CONTEXT((#17699,#17701,#17702))
REPRESENTATION_CONTEXT('','3D')
);
#17676=(
GEOMETRIC_REPRESENTATION_CONTEXT(3)
GLOBAL_UNCERTAINTY_ASSIGNED_CONTEXT((#17650))
GLOBAL_UNIT_ASSIGNED_CONTEXT((#17699,#17701,#17702))
REPRESENTATION_CONTEXT('','3D')
);
#17677=(
GEOMETRIC_REPRESENTATION_CONTEXT(3)
GLOBAL_UNCERTAINTY_ASSIGNED_CONTEXT((#17651))
GLOBAL_UNIT_ASSIGNED_CONTEXT((#17699,#17701,#17702))
REPRESENTATION_CONTEXT('','3D')
);
#17678=(
GEOMETRIC_REPRESENTATION_CONTEXT(3)
GLOBAL_UNCERTAINTY_ASSIGNED_CONTEXT((#17652))
GLOBAL_UNIT_ASSIGNED_CONTEXT((#17699,#17701,#17702))
REPRESENTATION_CONTEXT('','3D')
);
#17679=(
GEOMETRIC_REPRESENTATION_CONTEXT(3)
GLOBAL_UNCERTAINTY_ASSIGNED_CONTEXT((#17653))
GLOBAL_UNIT_ASSIGNED_CONTEXT((#17699,#17701,#17702))
REPRESENTATION_CONTEXT('','3D')
);
#17680=(
GEOMETRIC_REPRESENTATION_CONTEXT(3)
GLOBAL_UNCERTAINTY_ASSIGNED_CONTEXT((#17654))
GLOBAL_UNIT_ASSIGNED_CONTEXT((#17699,#17701,#17702))
REPRESENTATION_CONTEXT('','3D')
);
#17681=(
GEOMETRIC_REPRESENTATION_CONTEXT(3)
GLOBAL_UNCERTAINTY_ASSIGNED_CONTEXT((#17655))
GLOBAL_UNIT_ASSIGNED_CONTEXT((#17699,#17701,#17702))
REPRESENTATION_CONTEXT('','3D')
);
#17682=(
GEOMETRIC_REPRESENTATION_CONTEXT(3)
GLOBAL_UNCERTAINTY_ASSIGNED_CONTEXT((#17656))
GLOBAL_UNIT_ASSIGNED_CONTEXT((#17699,#17701,#17702))
REPRESENTATION_CONTEXT('','3D')
);
#17683=(
GEOMETRIC_REPRESENTATION_CONTEXT(3)
GLOBAL_UNCERTAINTY_ASSIGNED_CONTEXT((#17657))
GLOBAL_UNIT_ASSIGNED_CONTEXT((#17699,#17701,#17702))
REPRESENTATION_CONTEXT('','3D')
);
#17684=(
GEOMETRIC_REPRESENTATION_CONTEXT(3)
GLOBAL_UNCERTAINTY_ASSIGNED_CONTEXT((#17658))
GLOBAL_UNIT_ASSIGNED_CONTEXT((#17699,#17701,#17702))
REPRESENTATION_CONTEXT('','3D')
);
#17685=(
GEOMETRIC_REPRESENTATION_CONTEXT(3)
GLOBAL_UNCERTAINTY_ASSIGNED_CONTEXT((#17659))
GLOBAL_UNIT_ASSIGNED_CONTEXT((#17699,#17701,#17702))
REPRESENTATION_CONTEXT('','3D')
);
#17686=(
GEOMETRIC_REPRESENTATION_CONTEXT(3)
GLOBAL_UNCERTAINTY_ASSIGNED_CONTEXT((#17660))
GLOBAL_UNIT_ASSIGNED_CONTEXT((#17699,#17701,#17702))
REPRESENTATION_CONTEXT('','3D')
);
#17687=(
GEOMETRIC_REPRESENTATION_CONTEXT(3)
GLOBAL_UNCERTAINTY_ASSIGNED_CONTEXT((#17661))
GLOBAL_UNIT_ASSIGNED_CONTEXT((#17699,#17701,#17702))
REPRESENTATION_CONTEXT('','3D')
);
#17688=(
GEOMETRIC_REPRESENTATION_CONTEXT(3)
GLOBAL_UNCERTAINTY_ASSIGNED_CONTEXT((#17662))
GLOBAL_UNIT_ASSIGNED_CONTEXT((#17699,#17701,#17702))
REPRESENTATION_CONTEXT('','3D')
);
#17689=(
GEOMETRIC_REPRESENTATION_CONTEXT(3)
GLOBAL_UNCERTAINTY_ASSIGNED_CONTEXT((#17663))
GLOBAL_UNIT_ASSIGNED_CONTEXT((#17699,#17701,#17702))
REPRESENTATION_CONTEXT('','3D')
);
#17690=(
GEOMETRIC_REPRESENTATION_CONTEXT(3)
GLOBAL_UNCERTAINTY_ASSIGNED_CONTEXT((#17664))
GLOBAL_UNIT_ASSIGNED_CONTEXT((#17699,#17701,#17702))
REPRESENTATION_CONTEXT('','3D')
);
#17691=(
GEOMETRIC_REPRESENTATION_CONTEXT(3)
GLOBAL_UNCERTAINTY_ASSIGNED_CONTEXT((#17665))
GLOBAL_UNIT_ASSIGNED_CONTEXT((#17699,#17701,#17702))
REPRESENTATION_CONTEXT('','3D')
);
#17692=(
GEOMETRIC_REPRESENTATION_CONTEXT(3)
GLOBAL_UNCERTAINTY_ASSIGNED_CONTEXT((#17666))
GLOBAL_UNIT_ASSIGNED_CONTEXT((#17699,#17701,#17702))
REPRESENTATION_CONTEXT('','3D')
);
#17693=(
GEOMETRIC_REPRESENTATION_CONTEXT(3)
GLOBAL_UNCERTAINTY_ASSIGNED_CONTEXT((#17667))
GLOBAL_UNIT_ASSIGNED_CONTEXT((#17699,#17701,#17702))
REPRESENTATION_CONTEXT('','3D')
);
#17694=(
GEOMETRIC_REPRESENTATION_CONTEXT(3)
GLOBAL_UNCERTAINTY_ASSIGNED_CONTEXT((#17668))
GLOBAL_UNIT_ASSIGNED_CONTEXT((#17699,#17701,#17702))
REPRESENTATION_CONTEXT('','3D')
);
#17695=(
GEOMETRIC_REPRESENTATION_CONTEXT(3)
GLOBAL_UNCERTAINTY_ASSIGNED_CONTEXT((#17669))
GLOBAL_UNIT_ASSIGNED_CONTEXT((#17699,#17701,#17702))
REPRESENTATION_CONTEXT('','3D')
);
#17696=(
GEOMETRIC_REPRESENTATION_CONTEXT(3)
GLOBAL_UNCERTAINTY_ASSIGNED_CONTEXT((#17670))
GLOBAL_UNIT_ASSIGNED_CONTEXT((#17699,#17701,#17702))
REPRESENTATION_CONTEXT('','3D')
);
#17697=(
GEOMETRIC_REPRESENTATION_CONTEXT(3)
GLOBAL_UNCERTAINTY_ASSIGNED_CONTEXT((#17671))
GLOBAL_UNIT_ASSIGNED_CONTEXT((#17699,#17701,#17702))
REPRESENTATION_CONTEXT('','3D')
);
#17698=(
GEOMETRIC_REPRESENTATION_CONTEXT(3)
GLOBAL_UNCERTAINTY_ASSIGNED_CONTEXT((#17672))
GLOBAL_UNIT_ASSIGNED_CONTEXT((#17699,#17701,#17702))
REPRESENTATION_CONTEXT('','3D')
);
#17699=(
LENGTH_UNIT()
NAMED_UNIT(*)
SI_UNIT(.MILLI.,.METRE.)
);
#17700=(
LENGTH_UNIT()
NAMED_UNIT(*)
SI_UNIT($,.METRE.)
);
#17701=(
NAMED_UNIT(*)
PLANE_ANGLE_UNIT()
SI_UNIT($,.RADIAN.)
);
#17702=(
NAMED_UNIT(*)
SI_UNIT($,.STERADIAN.)
SOLID_ANGLE_UNIT()
);
#17703=SHAPE_DEFINITION_REPRESENTATION(#17728,#17811);
#17704=SHAPE_DEFINITION_REPRESENTATION(#17729,#17812);
#17705=SHAPE_DEFINITION_REPRESENTATION(#17730,#17813);
#17706=SHAPE_DEFINITION_REPRESENTATION(#17731,#17814);
#17707=SHAPE_DEFINITION_REPRESENTATION(#17732,#17815);
#17708=SHAPE_DEFINITION_REPRESENTATION(#17733,#17816);
#17709=SHAPE_DEFINITION_REPRESENTATION(#17734,#17817);
#17710=SHAPE_DEFINITION_REPRESENTATION(#17735,#17818);
#17711=SHAPE_DEFINITION_REPRESENTATION(#17736,#17819);
#17712=SHAPE_DEFINITION_REPRESENTATION(#17737,#17820);
#17713=SHAPE_DEFINITION_REPRESENTATION(#17738,#17821);
#17714=SHAPE_DEFINITION_REPRESENTATION(#17739,#17822);
#17715=SHAPE_DEFINITION_REPRESENTATION(#17740,#17823);
#17716=SHAPE_DEFINITION_REPRESENTATION(#17741,#17824);
#17717=SHAPE_DEFINITION_REPRESENTATION(#17742,#17825);
#17718=SHAPE_DEFINITION_REPRESENTATION(#17743,#17826);
#17719=SHAPE_DEFINITION_REPRESENTATION(#17744,#17827);
#17720=SHAPE_DEFINITION_REPRESENTATION(#17773,#17828);
#17721=SHAPE_DEFINITION_REPRESENTATION(#17774,#17829);
#17722=SHAPE_DEFINITION_REPRESENTATION(#17775,#17830);
#17723=SHAPE_DEFINITION_REPRESENTATION(#17776,#17831);
#17724=SHAPE_DEFINITION_REPRESENTATION(#17777,#17832);
#17725=SHAPE_DEFINITION_REPRESENTATION(#17786,#17833);
#17726=SHAPE_DEFINITION_REPRESENTATION(#17787,#17834);
#17727=SHAPE_DEFINITION_REPRESENTATION(#17788,#17835);
#17728=PRODUCT_DEFINITION_SHAPE('',$,#17837);
#17729=PRODUCT_DEFINITION_SHAPE('',$,#17838);
#17730=PRODUCT_DEFINITION_SHAPE('',$,#17839);
#17731=PRODUCT_DEFINITION_SHAPE('',$,#17840);
#17732=PRODUCT_DEFINITION_SHAPE('',$,#17841);
#17733=PRODUCT_DEFINITION_SHAPE('',$,#17842);
#17734=PRODUCT_DEFINITION_SHAPE('',$,#17843);
#17735=PRODUCT_DEFINITION_SHAPE('',$,#17844);
#17736=PRODUCT_DEFINITION_SHAPE('',$,#17845);
#17737=PRODUCT_DEFINITION_SHAPE('',$,#17846);
#17738=PRODUCT_DEFINITION_SHAPE('',$,#17847);
#17739=PRODUCT_DEFINITION_SHAPE('',$,#17848);
#17740=PRODUCT_DEFINITION_SHAPE('',$,#17849);
#17741=PRODUCT_DEFINITION_SHAPE('',$,#17850);
#17742=PRODUCT_DEFINITION_SHAPE('',$,#17851);
#17743=PRODUCT_DEFINITION_SHAPE('',$,#17852);
#17744=PRODUCT_DEFINITION_SHAPE('',$,#17853);
#17745=PRODUCT_DEFINITION_SHAPE($,$,#195);
#17746=PRODUCT_DEFINITION_SHAPE($,$,#196);
#17747=PRODUCT_DEFINITION_SHAPE($,$,#197);
#17748=PRODUCT_DEFINITION_SHAPE($,$,#198);
#17749=PRODUCT_DEFINITION_SHAPE($,$,#199);
#17750=PRODUCT_DEFINITION_SHAPE($,$,#200);
#17751=PRODUCT_DEFINITION_SHAPE($,$,#201);
#17752=PRODUCT_DEFINITION_SHAPE($,$,#202);
#17753=PRODUCT_DEFINITION_SHAPE($,$,#203);
#17754=PRODUCT_DEFINITION_SHAPE($,$,#204);
#17755=PRODUCT_DEFINITION_SHAPE($,$,#205);
#17756=PRODUCT_DEFINITION_SHAPE($,$,#206);
#17757=PRODUCT_DEFINITION_SHAPE($,$,#207);
#17758=PRODUCT_DEFINITION_SHAPE($,$,#208);
#17759=PRODUCT_DEFINITION_SHAPE($,$,#209);
#17760=PRODUCT_DEFINITION_SHAPE($,$,#210);
#17761=PRODUCT_DEFINITION_SHAPE($,$,#211);
#17762=PRODUCT_DEFINITION_SHAPE($,$,#212);
#17763=PRODUCT_DEFINITION_SHAPE($,$,#213);
#17764=PRODUCT_DEFINITION_SHAPE($,$,#214);
#17765=PRODUCT_DEFINITION_SHAPE($,$,#215);
#17766=PRODUCT_DEFINITION_SHAPE($,$,#216);
#17767=PRODUCT_DEFINITION_SHAPE($,$,#217);
#17768=PRODUCT_DEFINITION_SHAPE($,$,#218);
#17769=PRODUCT_DEFINITION_SHAPE($,$,#219);
#17770=PRODUCT_DEFINITION_SHAPE($,$,#220);
#17771=PRODUCT_DEFINITION_SHAPE($,$,#221);
#17772=PRODUCT_DEFINITION_SHAPE($,$,#222);
#17773=PRODUCT_DEFINITION_SHAPE('',$,#17854);
#17774=PRODUCT_DEFINITION_SHAPE('',$,#17855);
#17775=PRODUCT_DEFINITION_SHAPE('',$,#17856);
#17776=PRODUCT_DEFINITION_SHAPE('',$,#17857);
#17777=PRODUCT_DEFINITION_SHAPE('',$,#17858);
#17778=PRODUCT_DEFINITION_SHAPE($,$,#223);
#17779=PRODUCT_DEFINITION_SHAPE($,$,#224);
#17780=PRODUCT_DEFINITION_SHAPE($,$,#225);
#17781=PRODUCT_DEFINITION_SHAPE($,$,#226);
#17782=PRODUCT_DEFINITION_SHAPE($,$,#227);
#17783=PRODUCT_DEFINITION_SHAPE($,$,#228);
#17784=PRODUCT_DEFINITION_SHAPE($,$,#229);
#17785=PRODUCT_DEFINITION_SHAPE($,$,#230);
#17786=PRODUCT_DEFINITION_SHAPE('',$,#17859);
#17787=PRODUCT_DEFINITION_SHAPE('',$,#17860);
#17788=PRODUCT_DEFINITION_SHAPE('',$,#17861);
#17789=PRODUCT_DEFINITION_SHAPE($,$,#231);
#17790=PRODUCT_DEFINITION_SHAPE($,$,#232);
#17791=PRODUCT_DEFINITION_SHAPE($,$,#233);
#17792=PRODUCT_DEFINITION_SHAPE($,$,#234);
#17793=PRODUCT_DEFINITION_SHAPE($,$,#235);
#17794=PRODUCT_DEFINITION_SHAPE($,$,#236);
#17795=PRODUCT_DEFINITION_SHAPE($,$,#237);
#17796=PRODUCT_DEFINITION_SHAPE($,$,#238);
#17797=PRODUCT_DEFINITION_SHAPE($,$,#239);
#17798=PRODUCT_DEFINITION_SHAPE($,$,#240);
#17799=PRODUCT_DEFINITION_SHAPE($,$,#241);
#17800=PRODUCT_DEFINITION_SHAPE($,$,#242);
#17801=PRODUCT_DEFINITION_SHAPE($,$,#243);
#17802=PRODUCT_DEFINITION_SHAPE($,$,#244);
#17803=PRODUCT_DEFINITION_SHAPE($,$,#245);
#17804=PRODUCT_DEFINITION_SHAPE($,$,#246);
#17805=PRODUCT_DEFINITION_SHAPE($,$,#247);
#17806=PRODUCT_DEFINITION_SHAPE($,$,#248);
#17807=PRODUCT_DEFINITION_SHAPE($,$,#249);
#17808=PRODUCT_DEFINITION_SHAPE($,$,#250);
#17809=PRODUCT_DEFINITION_SHAPE($,$,#251);
#17810=PRODUCT_DEFINITION_SHAPE($,$,#252);
#17811=SHAPE_REPRESENTATION('',(#9692,#10600,#10601,#10602,#10603,#10604,
#10605,#10606),#17673);
#17812=SHAPE_REPRESENTATION('',(#9693,#10592),#17674);
#17813=SHAPE_REPRESENTATION('',(#9694,#10585,#10586,#10587,#10588,#10589,
#10590,#10591),#17675);
#17814=SHAPE_REPRESENTATION('',(#9695,#10357,#10358,#10359,#10360,#10361,
#10362,#10363,#10364,#10365,#10366,#10367,#10368,#10369,#10370),#17676);
#17815=SHAPE_REPRESENTATION('',(#9696,#10480,#10481,#10482,#10483),#17677);
#17816=SHAPE_REPRESENTATION('',(#9697),#17678);
#17817=SHAPE_REPRESENTATION('',(#9706),#17679);
#17818=SHAPE_REPRESENTATION('',(#9738),#17680);
#17819=SHAPE_REPRESENTATION('',(#9751,#10593,#10594,#10595,#10596,#10597,
#10598,#10599),#17681);
#17820=SHAPE_REPRESENTATION('',(#9752,#10371,#10372,#10373,#10374,#10375,
#10376,#10377,#10378,#10379,#10380,#10381,#10382,#10383,#10384),#17682);
#17821=SHAPE_REPRESENTATION('',(#9753),#17683);
#17822=SHAPE_REPRESENTATION('',(#9811),#17684);
#17823=SHAPE_REPRESENTATION('',(#10022),#17685);
#17824=SHAPE_REPRESENTATION('',(#10068),#17686);
#17825=SHAPE_REPRESENTATION('',(#10090),#17687);
#17826=SHAPE_REPRESENTATION('',(#10096),#17688);
#17827=SHAPE_REPRESENTATION('',(#10114),#17689);
#17828=SHAPE_REPRESENTATION('',(#10385,#10484,#10485,#10486,#10487),#17690);
#17829=SHAPE_REPRESENTATION('',(#10386),#17691);
#17830=SHAPE_REPRESENTATION('',(#10409),#17692);
#17831=SHAPE_REPRESENTATION('',(#10444),#17693);
#17832=SHAPE_REPRESENTATION('',(#10474),#17694);
#17833=SHAPE_REPRESENTATION('',(#10488),#17695);
#17834=SHAPE_REPRESENTATION('',(#10523),#17696);
#17835=SHAPE_REPRESENTATION('',(#10571),#17697);
#17836=PRODUCT_DEFINITION_CONTEXT('part definition',#17913,'design');
#17837=PRODUCT_DEFINITION('Y_Z_axis','Y_Z_axis v37',#17862,#17836);
#17838=PRODUCT_DEFINITION('assem4','assem4 v21',#17863,#17836);
#17839=PRODUCT_DEFINITION('assem 3','assem 3 v13',#17864,#17836);
#17840=PRODUCT_DEFINITION('assem2','assem2 v7',#17865,#17836);
#17841=PRODUCT_DEFINITION('motor','motor v2',#17866,#17836);
#17842=PRODUCT_DEFINITION(
'Conical Spring Washer JIS B 1252 - 6 - 2H Steel 100 HV Plain v1',
'Conical Spring Washer JIS B 1252 - 6 - 2H Steel 100 HV Plain v1',#17867,
#17836);
#17843=PRODUCT_DEFINITION('Flange for worktable',
'Flange for worktable v3',#17868,#17836);
#17844=PRODUCT_DEFINITION('Component1','Component1',#17869,#17836);
#17845=PRODUCT_DEFINITION('X-axis','X-axis v15',#17870,#17836);
#17846=PRODUCT_DEFINITION('assem2_1','assem2 v7',#17871,#17836);
#17847=PRODUCT_DEFINITION('Frame 2','Frame 2 v1',#17872,#17836);
#17848=PRODUCT_DEFINITION('rail1 Copy','rail1 Copy v4',#17873,#17836);
#17849=PRODUCT_DEFINITION('Frame 1','Frame 1 v2',#17874,#17836);
#17850=PRODUCT_DEFINITION('bolt','bolt v1',#17875,#17836);
#17851=PRODUCT_DEFINITION('rod','rod v1',#17876,#17836);
#17852=PRODUCT_DEFINITION('Frame 1.2','Frame 1.2 v2',#17877,#17836);
#17853=PRODUCT_DEFINITION('ball bearing','ball bearing v2',#17878,#17836);
#17854=PRODUCT_DEFINITION('motor_1','motor v2',#17879,#17836);
#17855=PRODUCT_DEFINITION('base','base',#17880,#17836);
#17856=PRODUCT_DEFINITION('middle','middle',#17881,#17836);
#17857=PRODUCT_DEFINITION('top','top',#17882,#17836);
#17858=PRODUCT_DEFINITION('rod_1','rod',#17883,#17836);
#17859=PRODUCT_DEFINITION('coupler','coupler v1',#17884,#17836);
#17860=PRODUCT_DEFINITION('traveller','traveller v11',#17885,#17836);
#17861=PRODUCT_DEFINITION('slider','slider v6',#17886,#17836);
#17862=PRODUCT_DEFINITION_FORMATION('',$,#17915);
#17863=PRODUCT_DEFINITION_FORMATION('',$,#17916);
#17864=PRODUCT_DEFINITION_FORMATION('',$,#17917);
#17865=PRODUCT_DEFINITION_FORMATION('',$,#17918);
#17866=PRODUCT_DEFINITION_FORMATION('',$,#17919);
#17867=PRODUCT_DEFINITION_FORMATION('',$,#17920);
#17868=PRODUCT_DEFINITION_FORMATION('',$,#17921);
#17869=PRODUCT_DEFINITION_FORMATION('',$,#17922);
#17870=PRODUCT_DEFINITION_FORMATION('',$,#17923);
#17871=PRODUCT_DEFINITION_FORMATION('',$,#17924);
#17872=PRODUCT_DEFINITION_FORMATION('',$,#17925);
#17873=PRODUCT_DEFINITION_FORMATION('',$,#17926);
#17874=PRODUCT_DEFINITION_FORMATION('',$,#17927);
#17875=PRODUCT_DEFINITION_FORMATION('',$,#17928);
#17876=PRODUCT_DEFINITION_FORMATION('',$,#17929);
#17877=PRODUCT_DEFINITION_FORMATION('',$,#17930);
#17878=PRODUCT_DEFINITION_FORMATION('',$,#17931);
#17879=PRODUCT_DEFINITION_FORMATION('',$,#17932);
#17880=PRODUCT_DEFINITION_FORMATION('',$,#17933);
#17881=PRODUCT_DEFINITION_FORMATION('',$,#17934);
#17882=PRODUCT_DEFINITION_FORMATION('',$,#17935);
#17883=PRODUCT_DEFINITION_FORMATION('',$,#17936);
#17884=PRODUCT_DEFINITION_FORMATION('',$,#17937);
#17885=PRODUCT_DEFINITION_FORMATION('',$,#17938);
#17886=PRODUCT_DEFINITION_FORMATION('',$,#17939);
#17887=PRODUCT_RELATED_PRODUCT_CATEGORY('Y_Z_axis v37','Y_Z_axis v37',(#17915));
#17888=PRODUCT_RELATED_PRODUCT_CATEGORY('assem4 v21','assem4 v21',(#17916));
#17889=PRODUCT_RELATED_PRODUCT_CATEGORY('assem 3 v13','assem 3 v13',(#17917));
#17890=PRODUCT_RELATED_PRODUCT_CATEGORY('assem2 v7','assem2 v7',(#17918));
#17891=PRODUCT_RELATED_PRODUCT_CATEGORY('motor v2','motor v2',(#17919));
#17892=PRODUCT_RELATED_PRODUCT_CATEGORY(
'Conical Spring Washer JIS B 1252 - 6 - 2H Steel 100 HV Plain v1',
'Conical Spring Washer JIS B 1252 - 6 - 2H Steel 100 HV Plain v1',(#17920));
#17893=PRODUCT_RELATED_PRODUCT_CATEGORY('Flange for worktable v3',
'Flange for worktable v3',(#17921));
#17894=PRODUCT_RELATED_PRODUCT_CATEGORY('Component1','Component1',(#17922));
#17895=PRODUCT_RELATED_PRODUCT_CATEGORY('X-axis v15','X-axis v15',(#17923));
#17896=PRODUCT_RELATED_PRODUCT_CATEGORY('assem2 v7','assem2 v7',(#17924));
#17897=PRODUCT_RELATED_PRODUCT_CATEGORY('Frame 2 v1','Frame 2 v1',(#17925));
#17898=PRODUCT_RELATED_PRODUCT_CATEGORY('rail1 Copy v4','rail1 Copy v4',
(#17926));
#17899=PRODUCT_RELATED_PRODUCT_CATEGORY('Frame 1 v2','Frame 1 v2',(#17927));
#17900=PRODUCT_RELATED_PRODUCT_CATEGORY('bolt v1','bolt v1',(#17928));
#17901=PRODUCT_RELATED_PRODUCT_CATEGORY('rod v1','rod v1',(#17929));
#17902=PRODUCT_RELATED_PRODUCT_CATEGORY('Frame 1.2 v2','Frame 1.2 v2',(#17930));
#17903=PRODUCT_RELATED_PRODUCT_CATEGORY('ball bearing v2',
'ball bearing v2',(#17931));
#17904=PRODUCT_RELATED_PRODUCT_CATEGORY('motor v2','motor v2',(#17932));
#17905=PRODUCT_RELATED_PRODUCT_CATEGORY('base','base',(#17933));
#17906=PRODUCT_RELATED_PRODUCT_CATEGORY('middle','middle',(#17934));
#17907=PRODUCT_RELATED_PRODUCT_CATEGORY('top','top',(#17935));
#17908=PRODUCT_RELATED_PRODUCT_CATEGORY('rod','rod',(#17936));
#17909=PRODUCT_RELATED_PRODUCT_CATEGORY('coupler v1','coupler v1',(#17937));
#17910=PRODUCT_RELATED_PRODUCT_CATEGORY('traveller v11','traveller v11',
(#17938));
#17911=PRODUCT_RELATED_PRODUCT_CATEGORY('slider v6','slider v6',(#17939));
#17912=APPLICATION_PROTOCOL_DEFINITION('international standard',
'automotive_design',2009,#17913);
#17913=APPLICATION_CONTEXT(
'Core Data for Automotive Mechanical Design Process');
#17914=PRODUCT_CONTEXT('part definition',#17913,'mechanical');
#17915=PRODUCT('Y_Z_axis','Y_Z_axis v37',$,(#17914));
#17916=PRODUCT('assem4','assem4 v21',$,(#17914));
#17917=PRODUCT('assem 3','assem 3 v13',$,(#17914));
#17918=PRODUCT('assem2','assem2 v7',$,(#17914));
#17919=PRODUCT('motor','motor v2',$,(#17914));
#17920=PRODUCT(
'Conical Spring Washer JIS B 1252 - 6 - 2H Steel 100 HV Plain v1',
'Conical Spring Washer JIS B 1252 - 6 - 2H Steel 100 HV Plain v1',
'Conical Spring Washer JIS B 1252 - 6 - 2H',(#17914));
#17921=PRODUCT('Flange for worktable','Flange for worktable v3',$,(#17914));
#17922=PRODUCT('Component1','Component1',$,(#17914));
#17923=PRODUCT('X-axis','X-axis v15',$,(#17914));
#17924=PRODUCT('assem2_1','assem2 v7',$,(#17914));
#17925=PRODUCT('Frame 2','Frame 2 v1',$,(#17914));
#17926=PRODUCT('rail1 Copy','rail1 Copy v4',$,(#17914));
#17927=PRODUCT('Frame 1','Frame 1 v2',$,(#17914));
#17928=PRODUCT('bolt','bolt v1',$,(#17914));
#17929=PRODUCT('rod','rod v1',$,(#17914));
#17930=PRODUCT('Frame 1.2','Frame 1.2 v2',$,(#17914));
#17931=PRODUCT('ball bearing','ball bearing v2',$,(#17914));
#17932=PRODUCT('motor_1','motor v2',$,(#17914));
#17933=PRODUCT('base','base',$,(#17914));
#17934=PRODUCT('middle','middle',$,(#17914));
#17935=PRODUCT('top','top',$,(#17914));
#17936=PRODUCT('rod_1','rod',$,(#17914));
#17937=PRODUCT('coupler','coupler v1',$,(#17914));
#17938=PRODUCT('traveller','traveller v11',$,(#17914));
#17939=PRODUCT('slider','slider v6',$,(#17914));
#17940=PRESENTATION_STYLE_ASSIGNMENT((#17946));
#17941=PRESENTATION_STYLE_ASSIGNMENT((#17947));
#17942=PRESENTATION_STYLE_ASSIGNMENT((#17948));
#17943=PRESENTATION_STYLE_ASSIGNMENT((#17949));
#17944=PRESENTATION_STYLE_ASSIGNMENT((#17950));
#17945=PRESENTATION_STYLE_ASSIGNMENT((NULL_STYLE(.NULL.)));
#17946=SURFACE_STYLE_USAGE(.BOTH.,#17951);
#17947=SURFACE_STYLE_USAGE(.BOTH.,#17952);
#17948=SURFACE_STYLE_USAGE(.BOTH.,#17953);
#17949=SURFACE_STYLE_USAGE(.BOTH.,#17954);
#17950=SURFACE_STYLE_USAGE(.BOTH.,#17955);
#17951=SURFACE_SIDE_STYLE('',(#17956));
#17952=SURFACE_SIDE_STYLE('',(#17957));
#17953=SURFACE_SIDE_STYLE('',(#17958));
#17954=SURFACE_SIDE_STYLE('',(#17959));
#17955=SURFACE_SIDE_STYLE('',(#17960));
#17956=SURFACE_STYLE_FILL_AREA(#17961);
#17957=SURFACE_STYLE_FILL_AREA(#17962);
#17958=SURFACE_STYLE_FILL_AREA(#17963);
#17959=SURFACE_STYLE_FILL_AREA(#17964);
#17960=SURFACE_STYLE_FILL_AREA(#17965);
#17961=FILL_AREA_STYLE('Steel - Satin',(#17966));
#17962=FILL_AREA_STYLE('Paint - Metallic (Black)',(#17967));
#17963=FILL_AREA_STYLE('Paint - Metallic (Silver)',(#17968));
#17964=FILL_AREA_STYLE('Paint - Metallic (Blue)',(#17969));
#17965=FILL_AREA_STYLE('Stainless Steel - Satin',(#17970));
#17966=FILL_AREA_STYLE_COLOUR('Steel - Satin',#17971);
#17967=FILL_AREA_STYLE_COLOUR('Paint - Metallic (Black)',#17972);
#17968=FILL_AREA_STYLE_COLOUR('Paint - Metallic (Silver)',#17973);
#17969=FILL_AREA_STYLE_COLOUR('Paint - Metallic (Blue)',#17974);
#17970=FILL_AREA_STYLE_COLOUR('Stainless Steel - Satin',#17975);
#17971=COLOUR_RGB('Steel - Satin',0.627450980392157,0.627450980392157,0.627450980392157);
#17972=COLOUR_RGB('Paint - Metallic (Black)',0.0980392156862745,0.0980392156862745,
0.0980392156862745);
#17973=COLOUR_RGB('Paint - Metallic (Silver)',0.984313725490196,0.980392156862745,
0.96078431372549);
#17974=COLOUR_RGB('Paint - Metallic (Blue)',0.188235294117647,0.231372549019608,
0.588235294117647);
#17975=COLOUR_RGB('Stainless Steel - Satin',0.796078431372549,0.796078431372549,
0.796078431372549);
ENDSEC;
END-ISO-10303-21;
